{"base":{"style":"oslo","scheme":"normal.night"},"definitions":{"WaterPark.Color":{"value":["interpolate",["linear"],["zoom"],0,"#16243980",9,"#16243966"]},"WaterPark.Label.Color":{"value":"#314565"},"WaterPark.Label.Outline.Color":{"value":"#101D2F"},"NationalPark.SecondOutline.Color":{"value":["interpolate",["linear"],["zoom"],10,"#17263B24",15,"#19293F24"]},"WaterPark.Outline.Color":{"value":["interpolate",["linear"],["zoom"],7,"#111E314D",15,"#1422364D"]},"WaterPark.SecondOutline.Color":{"value":["interpolate",["linear"],["zoom"],10,"#13203424",15,"#16243924"]},"NativeReservation.SecondOutline.Color":{"value":["interpolate",["linear"],["zoom"],10,"#1A294024",15,"#1A294024"]},"MilitaryBase.SecondOutline.Color":{"value":["interpolate",["linear"],["zoom"],10,"#21314B24",15,"#1D2D4524"]},"CityCenter.Class6.Label.Color":{"value":"#636F8B"},"CityCenter.Class7.Label.Color":{"value":"#6782A7"},"Rail.SecondLine.Color":{"value":"#1C2B43"},"Street.Walkway.Bridge.Baseline.Color":{"value":"#152337"},"Street.Pedestrian.Bridge.Baseline.Color":{"value":"#152337"},"Building.Color":{"value":"#0A1425F2"},"Building.Outline.Color":{"value":["interpolate",["linear"],["zoom"],16,"#06111F26",20,"#06111F4D"]},"Building.Label.Color":{"value":"#374C70"},"Building.Label.Outline.Color":{"value":"#101D2F"},"BuildingAddress.Label.Color":{"value":"#151D2D"},"BuildingAddress.Label.Outline.Color":{"value":"#152337"},"BuiltupArea.Color":{"value":["interpolate",["linear"],["zoom"],5,"#17263B",13,"#132034"]},"Neighborhood.Label.Color":{"value":"#587298"},"Neighborhood.Label.Outline.Color":{"value":"#091525B5"},"CityCenter.Class1.Label.Color":{"value":"#FFFFFF"},"CityCenter.Class1.Label.Outline.Color":{"value":"#0B1727"},"CityCenter.Class2.Label.Color":{"value":"#FFFFFF"},"CityCenter.Class2.Label.Outline.Color":{"value":"#0B1727"},"CityCenter.Class3.Label.Color":{"value":"#636F8B"},"CityCenter.Class3.Label.Outline.Color":{"value":"#0B1727"},"CityCenter.Class4.Label.Color":{"value":"#636F8B"},"CityCenter.Class4.Label.Outline.Color":{"value":"#0B1727"},"CityCenter.Class5.Label.Color":{"value":"#636F8B"},"CityCenter.Class5.Label.Outline.Color":{"value":"#0B1727"},"CityCenter.Hamlet.Label.Color":{"value":"#6984A9"},"CityCenter.Hamlet.Label.Outline.Color":{"value":"#0B1727"},"Continent.Label.Color":{"value":"#4D668ECC"},"Continent.Label.Outline.Color":{"value":"#18273D99"},"CountryBoundary.Color":{"value":["interpolate",["linear"],["zoom"],0,"#1C2C44",4,"#1F2F48",6,"#253651",11,"#273955",13,"#253752"]},"CountryBoundary.Outline.Color":{"value":["interpolate",["linear"],["zoom"],0,"#24355100",4,"#2435511A",6,"#24355126"]},"StateBoundary.Color":{"value":["interpolate",["linear"],["zoom"],6,"#19293F",11,"#1D2D45",13,"#1C2C44"]},"StateBoundary.Outline.Color":{"value":"#19293F1A"},"CountryBoundary.Disputed.Color":{"value":["interpolate",["linear"],["zoom"],0,"#1C2C44",4,"#1F2F48",6,"#253651",11,"#273955",13,"#253752"]},"CountryBoundary.Disputed.Outline.Color":{"value":["interpolate",["linear"],["zoom"],0,"#24355100",4,"#2435511A",6,"#24355126"]},"StateBoundary.Disputed.Color":{"value":["interpolate",["linear"],["zoom"],6,"#19293F",11,"#1D2D45",13,"#1C2C44"]},"StateBoundary.Disputed.Outline.Color":{"value":"#19293F1A"},"Country.Label.Color":{"value":"#40587FCC"},"Country.Label.Outline.Color":{"value":["interpolate",["linear"],["zoom"],5,"#111F3166",6,"#111F31BF"]},"State.Label.Color":{"value":"#2D405F"},"State.Label.Outline.Color":{"value":"#0D1A2BBF"},"Ferry.Line.Color":{"value":"#243550"},"Ferry.Label.Color":{"value":"#324768"},"Ferry.Label.Outline.Color":{"value":"#121F32"},"Desert.Color":{"value":["interpolate",["linear"],["zoom"],10,"#132135E6",16,"#142236E6"]},"Desert.Label.Color":{"value":"#324667"},"Desert.Label.Outline.Color":{"value":"#0D192A"},"Glacier.Color":{"value":"#142236"},"Glacier.Label.Color":{"value":"#374C6E"},"Glacier.Label.Outline.Color":{"value":"#0C1929"},"IndustrialComplex.Color":{"value":"#162439"},"IndustrialComplex.Label.Color":{"value":"#384D71"},"IndustrialComplex.Label.Outline.Color":{"value":"#0E1B2D"},"Airport.Color":{"value":"#152338"},"Cemetery.Color":{"value":"#142236"},"Allotment.Color":{"value":"#142236"},"HarborArea.Color":{"value":"#162439"},"HospitalCampus.Color":{"value":"#162439"},"PedestrianArea.Color":{"value":"#162439"},"Railyard.Color":{"value":"#162439"},"ShoppingComplex.Color":{"value":"#162439"},"SportsComplex.Color":{"value":"#142236"},"UniversityCampus.Color":{"value":"#1A2940"},"Park.Color":{"value":"#162439"},"Park.Label.Color":{"value":"#34486A"},"Park.Label.Outline.Color":{"value":"#0E1A2C"},"AmusementPark.Color":{"value":"#142236"},"AnimalPark.Color":{"value":"#142236"},"GolfCourse.Color":{"value":"#142236"},"Island.Label.Color":{"value":"#364B6E"},"Island.Label.Outline.Color":{"value":"#0F1C2E"},"POI.MountainPeak.Label.Color":{"value":"#394F73"},"POI.MountainPeak.Label.Outline.Color":{"value":"#121F32"},"MilitaryBase.Color":{"value":["interpolate",["linear"],["zoom"],7,"#1A29404B",13,"#1A294041",16,"#1A294028"]},"MilitaryBase.Outline.Color":{"value":["interpolate",["linear"],["zoom"],7,"#1C2C444D",15,"#1E2E474D"]},"MilitaryBase.Label.Color":{"value":"#34486A"},"MilitaryBase.Label.Outline.Color":{"value":"#0E1B2D"},"NationalPark.Color":{"value":"#1B2A4133"},"NationalPark.Outline.Color":{"value":["interpolate",["linear"],["zoom"],7,"#0F1C2D4D",15,"#111F314D"]},"NationalPark.Label.Color":{"value":"#314565"},"NationalPark.Label.Outline.Color":{"value":"#0D1A2B"},"NativeReservation.Color":{"value":["interpolate",["linear"],["zoom"],7,"#15233880",13,"#15233866"]},"NativeReservation.Outline.Color":{"value":["interpolate",["linear"],["zoom"],7,"#21324C4D",15,"#1421354D"]},"NativeReservation.Label.Color":{"value":"#334869"},"NativeReservation.Label.Outline.Color":{"value":"#0D1A2B"},"POI.Label.Color":{"value":["interpolate",["linear"],["zoom"],10,"#4F6890",13,"#425A82"]},"POI.Label.Outline.Color":{"value":"#132135"},"Rail.Line.Color":{"value":"#253752"},"Runway.Color":{"value":"#1A2940"},"Lake.Label.Color":{"value":["interpolate",["linear"],["zoom"],0,"#394E72",10,"#354A6D"]},"Lake.Label.Outline.Color":{"value":["interpolate",["linear"],["zoom"],0,"#111E31",10,"#0E1B2D"]},"River.Label.Color":{"value":["interpolate",["linear"],["zoom"],0,"#394E72",10,"#354A6D"]},"River.Label.Outline.Color":{"value":["interpolate",["linear"],["zoom"],0,"#111E31",10,"#0E1B2D"]},"CanalWaterChannel.Label.Color":{"value":["interpolate",["linear"],["zoom"],0,"#394E72",10,"#354A6D"]},"CanalWaterChannel.Label.Outline.Color":{"value":["interpolate",["linear"],["zoom"],0,"#111E31",10,"#0E1B2D"]},"IntermittentRiver.Label.Color":{"value":["interpolate",["linear"],["zoom"],0,"#394E72",10,"#354A6D"]},"IntermittentRiver.Label.Outline.Color":{"value":["interpolate",["linear"],["zoom"],0,"#111E31",10,"#0E1B2D"]},"Street.Category0.Ramp.Width":{"value":["interpolate",["linear"],["zoom"],0,0.7400000000000001,13,0.7400000000000001,14,0.9800000000000001,15,1.2400000000000002,16,1.4800000000000002,17,1.9800000000000002,18,4.46,19,5.7,20,8.68,24,61.96000000000001]},"Street.Category0.Bridge.Color":{"value":"#111E3159"},"Street.Category0.Label.Color":{"value":"#84A1C3"},"Street.Category0.Label.Outline.Color":{"value":["interpolate",["linear"],["zoom"],12,"#0E1B2DF2",14,"#0E1B2DD9",17,"#0E1B2DCC"]},"Street.Category1.Label.Color":{"value":"#6C88AC"},"Street.Category1.Label.Outline.Color":{"value":["interpolate",["linear"],["zoom"],12,"#0E1B2DF2",14,"#0E1B2DD9",17,"#0E1B2DCC"]},"Street.Category2.Label.Color":{"value":"#6984A9"},"Street.Category2.Label.Outline.Color":{"value":["interpolate",["linear"],["zoom"],12,"#111E31F2",14,"#111E31D9",17,"#111E31CC"]},"Street.Category3.Label.Color":{"value":"#6680A5"},"Street.Category3.Label.Outline.Color":{"value":["interpolate",["linear"],["zoom"],12,"#111E31F2",14,"#111E31D9",17,"#111E31CC"]},"Street.Category4.Label.Color":{"value":"#546D95"},"Street.Category4.Label.Outline.Color":{"value":["interpolate",["linear"],["zoom"],12,"#0D1A2BF2",14,"#0D1A2BD9",17,"#0D1A2BCC"]},"Street.Pedestrian.Label.Color":{"value":"#425981"},"Street.Pedestrian.Label.Outline.Color":{"value":["interpolate",["linear"],["zoom"],12,"#0C1829F2",14,"#0C1829D9",17,"#0C1829CC"]},"Street.Walkway.Label.Color":{"value":"#374C70"},"Street.Walkway.Label.Outline.Color":{"value":"#0D192ACC"},"Street.Category2.Width":{"value":["interpolate",["linear"],["zoom"],0,0.24,8,0.30000000000000004,10,0.36000000000000004,11,0.5,12,0.6200000000000001,13,1.1199999999999999,14,1.2400000000000002,15,1.8600000000000003,16,2.6,17,3.7200000000000006,18,7.300000000000001,19,8.18,20,13.14,24,87.48]},"Street.Category3.Width":{"value":["interpolate",["linear"],["zoom"],0,0.36,10,0.44999999999999996,13,0.6,14,1.2,15,1.8599999999999999,16,3.24,17,4.6499999999999995,18,9.66,19,10.77,20,17.849999999999998,24,118.19999999999999]},"Street.Category0.Outline.Color":{"value":"#F90D5222"},"Street.Category0.Centerline.Color":{"value":["interpolate",["linear"],["zoom"],6,"#FF4F7B",8,"#FF4F7B",11,"#FF5B89",13,"#FF6393",16,"#FF6190"]},"Street.Category1.Outline.Color":{"value":"#F90D5222"},"Street.Category2.Outline.Color":{"value":"#F90D5222"},"Street.Category3.Outline.Color":{"value":"#F90D5222"},"Street.Category4.Outline.Color":{"value":"#F90D5222"},"Street.Pedestrian.Outline.Color":{"value":"#F90D5222"},"Street.Walkway.Outline.Color":{"value":"#F90D5222"},"POI.TransitStop.Label.Color":{"value":["interpolate",["linear"],["zoom"],10,"#4F6890",13,"#425A82"]},"POI.TransitStop.Label.Outline.Color":{"value":"#132135"},"EnvironmentalZone.Color":{"value":["interpolate",["linear"],["zoom"],0,"#47608833",9,"#47608826",10,"#47608826",11,"#47608821",12,"#4760881A",13,"#4760880D",20,"#47608803"]},"CongestionZone.Label.Color":{"value":"#415981"},"CongestionZone.Label.Outline.Color":{"value":"#0A1626"},"EnvironmentalZone.Label.Color":{"value":"#4F6890"},"EnvironmentalZone.Label.Outline.Color":{"value":"#122033"},"Water.0m.Color":{"value":"#081527"},"Woodland.Label.Color":{"value":"#324768"},"Woodland.Label.Outline.Color":{"value":"#0E1B2D"},"Land.Color":{"value":"#101D2F"},"Woodland.Color":{"value":"#142236"},"Airport.Label.Color":{"value":"#384D71"},"Airport.Label.Outline.Color":{"value":"#0C1929"},"Cemetery.Label.Color":{"value":"#34496B"},"Cemetery.Label.Outline.Color":{"value":"#0E1B2D"},"Allotment.Label.Color":{"value":"#34496B"},"Allotment.Label.Outline.Color":{"value":"#0E1B2D"},"HarborArea.Label.Color":{"value":"#384D71"},"HarborArea.Label.Outline.Color":{"value":"#0E1B2D"},"HospitalCampus.Label.Color":{"value":"#364B6D"},"HospitalCampus.Label.Outline.Color":{"value":"#0D1A2B"},"PedestrianArea.Label.Color":{"value":"#384D71"},"PedestrianArea.Label.Outline.Color":{"value":"#0E1B2D"},"Railyard.Label.Color":{"value":"#384D71"},"Railyard.Label.Outline.Color":{"value":"#0E1B2D"},"ShoppingComplex.Label.Color":{"value":"#384D71"},"ShoppingComplex.Label.Outline.Color":{"value":"#0E1B2D"},"SportsComplex.Label.Color":{"value":"#34496B"},"SportsComplex.Label.Outline.Color":{"value":"#0E1B2D"},"UniversityCampus.Label.Color":{"value":"#374C6F"},"UniversityCampus.Label.Outline.Color":{"value":"#0F1C2D"},"AmusementPark.Label.Color":{"value":"#34496B"},"AmusementPark.Label.Outline.Color":{"value":"#0E1B2D"},"AnimalPark.Label.Color":{"value":"#34496B"},"AnimalPark.Label.Outline.Color":{"value":"#0E1B2D"},"GolfCourse.Label.Color":{"value":"#34496B"},"GolfCourse.Label.Outline.Color":{"value":"#0E1B2D"},"Street.Category1.Bridge.Color":{"value":"#111E3159"},"Street.Category1.Ramp.Width":{"value":["interpolate",["linear"],["zoom"],0,0.7400000000000001,13,0.7400000000000001,14,0.9800000000000001,15,1.2400000000000002,16,1.4800000000000002,17,1.9800000000000002,18,4.46,19,5.7,20,8.68,24,49.56]},"Street.Category2.Bridge.Color":{"value":"#111E3159"},"Street.Category2.Ramp.Width":{"value":["interpolate",["linear"],["zoom"],0,0.7400000000000001,14,0.7400000000000001,15,0.9800000000000001,16,1.2400000000000002,17,1.4800000000000002,18,2.9800000000000004,19,4.960000000000001,20,7.920000000000001,24,43.36000000000001]},"Street.Category3.Bridge.Color":{"value":"#111E3159"},"Street.Category3.Ramp.Width":{"value":["interpolate",["linear"],["zoom"],0,1.11,14,1.11,15,1.47,16,1.8599999999999999,17,2.22,18,4.47,19,7.4399999999999995,20,11.88,24,52.05]},"Street.Category4.Bridge.Color":{"value":"#111E3159"},"Street.Walkway.Bridge.Color":{"value":"#0A1626A6"},"ExtrudedBuilding.Color":{"value":"#0A1425F2"},"CongestionZone.Color":{"value":["interpolate",["linear"],["zoom"],0,"#25365133",9,"#25365126",10,"#25365126",11,"#25365121",12,"#2536511A",13,"#2536510D",20,"#25365103"]},"Street.Category0.Color":{"value":["interpolate",["linear"],["zoom"],5,"#FF5D8B",6,"#FF608F",7,"#FF6291",8,"#FF6291",10,"#FF6594",11,"#FF73A4",13,"#FF79A9",16,"#FF81AF"]},"Street.Category0.Outline.Width":{"value":["interpolate",["linear"],["zoom"],0,0,7,0,8,0.8999999999999999,14,1.35,16,2.25,18,2.7,20,2.7,24,5.550000000000001]},"Street.Category0.Tunnel.Color":{"value":["interpolate",["linear"],["zoom"],5,"#FF5D8B",6,"#FF608F",7,"#FF6291",8,"#FF6291",10,"#FF6594",11,"#FF73A4",13,"#FF79A9",16,"#FF81AF"]},"Street.Category0.Width":{"value":["interpolate",["linear"],["zoom"],0,0.44000000000000006,5,0.44000000000000006,6,0.5599999999999999,7,0.6200000000000001,8,0.8,9,1.06,10,1.1800000000000002,11,1.36,12,1.74,13,1.4800000000000002,14,2.3600000000000003,15,3.4600000000000004,16,4.46,17,5.460000000000001,18,9.16,19,11.4,20,17.84,24,121.92000000000002]},"Street.Category1.Color":{"value":["interpolate",["linear"],["zoom"],5,"#FF517E",8,"#FF527E",10,"#FF5885",11,"#FF5C8B",13,"#FF6696",16,"#FF6C9D"]},"Street.Category1.Outline.Width":{"value":["interpolate",["linear"],["zoom"],0,0,9,0,10,0.8999999999999999,20,0.8999999999999999,24,2.7]},"Street.Category1.Tunnel.Color":{"value":["interpolate",["linear"],["zoom"],5,"#FF517E",8,"#FF527E",10,"#FF5885",11,"#FF5C8B",13,"#FF6696",16,"#FF6C9D"]},"Street.Category1.Width":{"value":["interpolate",["linear"],["zoom"],0,0.30000000000000004,5,0.30000000000000004,8,0.5,9,0.6200000000000001,10,0.9800000000000001,11,1.1199999999999999,12,1.1199999999999999,13,1.2400000000000002,14,1.6,15,2.1,16,3.1,17,4.08,18,7.920000000000001,19,8.92,20,14.240000000000002,24,96.02000000000001]},"Street.Category2.Color":{"value":["interpolate",["linear"],["zoom"],8,"#FF4872",10,"#FF4B75",12,"#FF5683",13,"#FF5480",16,"#FF5B89"]},"Street.Category2.Outline.Width":{"value":["interpolate",["linear"],["zoom"],0,0,12,0,13,0.44999999999999996,20,0.8999999999999999,24,1.7999999999999998]},"Street.Category2.Tunnel.Color":{"value":["interpolate",["linear"],["zoom"],8,"#FF4872",10,"#FF4B75",12,"#FF5683",13,"#FF5480",16,"#FF5B89"]},"Street.Category3.Color":{"value":["interpolate",["linear"],["zoom"],11,"#FF5684",11.9,"#FF5A87",12,"#FF5A87",13,"#FF5480",14,"#FF5480",17,"#FF4F7B"]},"Street.Category3.Outline.Width":{"value":["interpolate",["linear"],["zoom"],14.5,0,14.5,0.30000000000000004,20,0.30000000000000004,24,0.8999999999999999]},"Street.Category3.Tunnel.Color":{"value":["interpolate",["linear"],["zoom"],11,"#FF5684",11.9,"#FF5A87",12,"#FF5A87",13,"#FF5480",14,"#FF5480",17,"#FF4F7B"]},"Street.Category4.Color":{"value":["interpolate",["linear"],["zoom"],13,"#FF507B",14.5,"#FF5480",14.5,"#FF4A75",15.5,"#FF4670",17,"#FF4F7B"]},"Street.Category4.Outline.Width":{"value":["interpolate",["linear"],["zoom"],15.5,0,15.5,0.30000000000000004,20,0.30000000000000004,24,0.6000000000000001]},"Street.Category4.Tunnel.Color":{"value":["interpolate",["linear"],["zoom"],13,"#FF507B",14.5,"#FF5480",14.5,"#FF4A75",15.5,"#FF4670",17,"#FF4F7B"]},"Street.Walkway.Color":{"value":["interpolate",["linear"],["zoom"],14,"#FF4A75",15,"#FF4771",16,"#FF4B75",17,"#FF4D78"]},"Street.Walkway.Tunnel.Color":{"value":["interpolate",["linear"],["zoom"],14,"#FF4A75",15,"#FF4771",16,"#FF4B75",17,"#FF4D78"]},"Street.Pedestrian.Color":{"value":["interpolate",["linear"],["zoom"],14,"#FF4B76",15,"#FF4B75",16,"#FF4D78"]},"Microhood.Label.Color":{"value":"#587298"},"Microhood.Label.Outline.Color":{"value":"#091525B5"},"ParkingArea.Color":{"value":"#162439"},"CityCenter.Class6.Label.Outline.Color":{"value":"#0B1727"},"CityCenter.Class7.Label.Outline.Color":{"value":"#0B1727"},"Rail.Outline.Color":{"value":"#253752"},"Street.Category0.Tunnel.Outline.Color":{"value":"#F90D5222"},"Street.Category1.Tunnel.Outline.Color":{"value":"#F90D5222"},"Street.Category2.Tunnel.Outline.Color":{"value":"#F90D5222"},"Street.Category3.Tunnel.Outline.Color":{"value":"#F90D5222"},"Street.Category4.Tunnel.Outline.Color":{"value":"#F90D5222"},"Ocean.Label.Outline.Color":{"value":["interpolate",["linear"],["zoom"],0,"#111E31",10,"#0E1B2D"]},"Sea.Label.Outline.Color":{"value":["interpolate",["linear"],["zoom"],0,"#111E31",10,"#0E1B2D"]},"Fjord.Label.Color":{"value":["interpolate",["linear"],["zoom"],0,"#394E72",10,"#354A6D"]},"Fjord.Label.Outline.Color":{"value":["interpolate",["linear"],["zoom"],0,"#111E31",10,"#0E1B2D"]},"Strait.Label.Color":{"value":["interpolate",["linear"],["zoom"],0,"#394E72",10,"#354A6D"]},"Strait.Label.Outline.Color":{"value":["interpolate",["linear"],["zoom"],0,"#111E31",10,"#0E1B2D"]},"Beach.Color":{"value":["interpolate",["linear"],["zoom"],10,"#132135E6",16,"#142236E6"]},"Beach.Label.Color":{"value":"#324667"},"Beach.Label.Outline.Color":{"value":"#0D192A"},"Sea.Label.Color":{"value":["interpolate",["linear"],["zoom"],0,"#394E72",10,"#354A6D"]},"Ocean.Label.Color":{"value":["interpolate",["linear"],["zoom"],0,"#394E72",10,"#354A6D"]},"BayHarbor.Label.Color":{"value":["interpolate",["linear"],["zoom"],0,"#394E72",10,"#354A6D"]},"BayHarbor.Label.Outline.Color":{"value":["interpolate",["linear"],["zoom"],0,"#111E31",10,"#0E1B2D"]},"River.Color":{"value":"#081527"},"CanalWaterChannel.Color":{"value":"#081527"},"IntermittentRiver.Color":{"value":"#081527"},"Street.Pedestrian.Bridge.Color":{"value":"#0A1626A6"}}}