{"traffic flow": {"tags": ["sdk"], "required": false, "enabledByDefault": false, "modes": [{"name": "with free flow", "requiredLayers": ["traffic_flow"]}, {"name": "without free flow", "requiredLayers": ["traffic_flow"], "extendedDefinitions": {"Traffic.Flow.Free.Color": ["ref", "Transparent.Color"], "Traffic.Flow.Free.Outline.Color": ["ref", "Transparent.Color"]}}], "disabledMode": {"disabledLayers": ["traffic_flow"]}}, "traffic incidents": {"tags": ["sdk"], "required": false, "enabledByDefault": false, "modes": [{"name": "all", "requiredLayers": ["traffic_incidents", "incident_icons"]}], "disabledMode": {"disabledLayers": ["traffic_incidents", "incident_icons"]}}, "ev range": {"enabledByDefault": false, "modes": [{"name": "full feature"}], "disabledMode": {"disabledStyleRules": ["ev-range_fill", "ev-range_innerline", "ev-range_outline", "ev-range2_fill", "ev-range2_innerline", "ev-range2_outline"]}}, "sky": {"enabledByDefault": true, "modes": [{"name": "all", "requiredLayers": ["depthsky", "spacebackground"]}], "disabledMode": {"disabledLayers": ["depthsky", "spacebackground"]}}, "shadows": {"tags": ["sdk"], "required": false, "enabledByDefault": false, "modes": [{"name": "all", "requiredLayers": ["shadow-depth-mask"], "extendedDefinitions": {"Internal.Shadow.Enabled": true}}], "disabledMode": {}}, "geojson": {"enabledByDefault": false, "modes": [{"name": "geojson route and traffic_on_route", "requiredLayers": ["route", "traffic_on_route"]}, {"name": "geojson route", "requiredLayers": ["route"], "disabledLayers": ["traffic_on_route"]}], "disabledMode": {"disabledLayers": ["route", "traffic_on_route"]}}, "congestion zones": {"tags": ["sdk"], "enabledByDefault": false, "modes": [{"name": "all", "extendedDefinitions": {"CongestionZone.Opacity": ["step", ["zoom"], 0, 7, 1], "CongestionZone.Label.Opacity": 1}}], "disabledMode": {}}, "environmental zones": {"tags": ["sdk"], "enabledByDefault": false, "modes": [{"name": "all", "extendedDefinitions": {"EnvironmentalZone.Opacity": ["step", ["zoom"], 0, 7, 1], "EnvironmentalZone.Label.Opacity": 1}}], "disabledMode": {}}}