{"fonts": {"FiraGo": {"fileName": "fonts/FiraGO_Map.ttf", "fallbackFonts": "fonts/DroidSansFallback.ttf; fonts/LohitKanMalTamTel.ttf; fonts/NotoSansArmenian-Regular-unhinted.ttf; fonts/NotoSansGeorgian-Regular-unhinted.ttf; fonts/NotoSansKhmer-Regular-unhinted.ttf; fonts/NotoSansMyanmar-Regular-unhinted.ttf; fonts/NotoSansBengali-Regular-unhinted.ttf; fonts/NotoSansGujarati-Regular-unhinted.ttf; fonts/NotoSansOriya-Regular-unhinted.ttf; fonts/NotoSansGurmukhi-Regular-unhinted.ttf"}}, "default": "FiraGo", "sharedFallbackFonts": ""}