[{"polyline-block-truck-icons": {"OverlapByAllAllowedWithExceptionsList": [{"$ref": "../shared/list/label.truck-icons.json#"}]}}, {"custom-labels": ["custom-labels", "custom-labels-overlap-all"]}, {"custom-labels-no-self-overlap": ["custom-labels-overlap-all"]}, {"continent-labels": ["custom-labels-overlap-all"]}, {"country-labels": ["custom-labels-overlap-all"]}, {"country-small-labels": ["custom-labels-overlap-all"]}, {"country-super-small-labels": ["custom-labels-overlap-all"]}, {"supercity-city-center-country-capital-category1": ["custom-labels-overlap-all"]}, {"supercity-city-center-country-capital-category2": ["custom-labels-overlap-all"]}, {"supercity-city-center-country-capital-category3": ["custom-labels-overlap-all"]}, {"supercity-city-center-country-capital-category4": ["custom-labels-overlap-all"]}, {"supercity-city-center-country-capital-category5": ["custom-labels-overlap-all"]}, {"supercity-city-center-country-capital-category6": ["custom-labels-overlap-all"]}, {"supercity-city-center-country-capital-category7": ["custom-labels-overlap-all"]}, {"supercity-city-center-country-capital-category8": ["custom-labels-overlap-all"]}, {"supercity-city-center-country-capital-category9": ["custom-labels-overlap-all"]}, {"supercity-city-center-country-capital-category10": ["custom-labels-overlap-all"]}, {"supercity-city-center-country-capital-category11": ["custom-labels-overlap-all"]}, {"supercity-city-center-country-capital-category12": ["custom-labels-overlap-all"]}, {"supercity-city-center-country-capital-category13": ["custom-labels-overlap-all"]}, {"supercity-city-center-country-capital-category14": ["custom-labels-overlap-all"]}, {"supercity-city-center-country-capital-category15": ["custom-labels-overlap-all"]}, {"supercity-city-center-state-capital-category1": ["custom-labels-overlap-all"]}, {"supercity-city-center-state-capital-category2": ["custom-labels-overlap-all"]}, {"supercity-city-center-state-capital-category3": ["custom-labels-overlap-all"]}, {"supercity-city-center-state-capital-category4": ["custom-labels-overlap-all"]}, {"supercity-city-center-state-capital-category5": ["custom-labels-overlap-all"]}, {"supercity-city-center-state-capital-category6": ["custom-labels-overlap-all"]}, {"supercity-city-center-state-capital-category7": ["custom-labels-overlap-all"]}, {"supercity-city-center-state-capital-category8": ["custom-labels-overlap-all"]}, {"supercity-city-center-state-capital-category9": ["custom-labels-overlap-all"]}, {"supercity-city-center-state-capital-category10": ["custom-labels-overlap-all"]}, {"supercity-city-center-state-capital-category11": ["custom-labels-overlap-all"]}, {"supercity-city-center-state-capital-category12": ["custom-labels-overlap-all"]}, {"supercity-city-center-state-capital-category13": ["custom-labels-overlap-all"]}, {"supercity-city-center-state-capital-category14": ["custom-labels-overlap-all"]}, {"supercity-city-center-state-capital-category15": ["custom-labels-overlap-all"]}, {"supercity-city-center-county-capital-category1": ["custom-labels-overlap-all"]}, {"supercity-city-center-county-capital-category2": ["custom-labels-overlap-all"]}, {"supercity-city-center-county-capital-category3": ["custom-labels-overlap-all"]}, {"supercity-city-center-county-capital-category4": ["custom-labels-overlap-all"]}, {"supercity-city-center-county-capital-category5": ["custom-labels-overlap-all"]}, {"supercity-city-center-county-capital-category6": ["custom-labels-overlap-all"]}, {"supercity-city-center-county-capital-category7": ["custom-labels-overlap-all"]}, {"supercity-city-center-county-capital-category8": ["custom-labels-overlap-all"]}, {"supercity-city-center-county-capital-category9": ["custom-labels-overlap-all"]}, {"supercity-city-center-county-capital-category10": ["custom-labels-overlap-all"]}, {"supercity-city-center-county-capital-category11": ["custom-labels-overlap-all"]}, {"supercity-city-center-county-capital-category12": ["custom-labels-overlap-all"]}, {"supercity-city-center-county-capital-category13": ["custom-labels-overlap-all"]}, {"supercity-city-center-county-capital-category14": ["custom-labels-overlap-all"]}, {"supercity-city-center-county-capital-category15": ["custom-labels-overlap-all"]}, {"supercity-city-center-category1": ["custom-labels-overlap-all"]}, {"supercity-city-center-category2": ["custom-labels-overlap-all"]}, {"supercity-city-center-category3": ["custom-labels-overlap-all"]}, {"supercity-city-center-category4": ["custom-labels-overlap-all"]}, {"supercity-city-center-category5": ["custom-labels-overlap-all"]}, {"supercity-city-center-category6": ["custom-labels-overlap-all"]}, {"supercity-city-center-category7": ["custom-labels-overlap-all"]}, {"supercity-city-center-category8": ["custom-labels-overlap-all"]}, {"supercity-city-center-category9": ["custom-labels-overlap-all"]}, {"supercity-city-center-category10": ["custom-labels-overlap-all"]}, {"supercity-city-center-category11": ["custom-labels-overlap-all"]}, {"supercity-city-center-category12": ["custom-labels-overlap-all"]}, {"supercity-city-center-category13": ["custom-labels-overlap-all"]}, {"supercity-city-center-category14": ["custom-labels-overlap-all"]}, {"supercity-city-center-category15": ["custom-labels-overlap-all"]}, {"city-center-country-capital-category1": ["custom-labels-overlap-all"]}, {"city-center-country-capital-category2": ["custom-labels-overlap-all"]}, {"city-center-country-capital-category3": ["custom-labels-overlap-all"]}, {"city-center-country-capital-category4": ["custom-labels-overlap-all"]}, {"city-center-country-capital-category5": ["custom-labels-overlap-all"]}, {"city-center-country-capital-category6": ["custom-labels-overlap-all"]}, {"city-center-country-capital-category7": ["custom-labels-overlap-all"]}, {"city-center-country-capital-category8": ["custom-labels-overlap-all"]}, {"city-center-country-capital-category9": ["custom-labels-overlap-all"]}, {"city-center-country-capital-category10": ["custom-labels-overlap-all"]}, {"city-center-country-capital-category11": ["custom-labels-overlap-all"]}, {"city-center-country-capital-category12": ["custom-labels-overlap-all"]}, {"city-center-country-capital-category13": ["custom-labels-overlap-all"]}, {"city-center-country-capital-category14": ["custom-labels-overlap-all"]}, {"city-center-country-capital-category15": ["custom-labels-overlap-all"]}, {"state-labels": ["custom-labels-overlap-all"]}, {"city-center-state-capital-category1": ["custom-labels-overlap-all"]}, {"city-center-county-capital-category1": ["custom-labels-overlap-all"]}, {"city-center-category1": ["custom-labels-overlap-all"]}, {"city-center-state-capital-category2": ["custom-labels-overlap-all"]}, {"city-center-county-capital-category2": ["custom-labels-overlap-all"]}, {"city-center-category2": ["custom-labels-overlap-all"]}, {"city-center-state-capital-category3": ["custom-labels-overlap-all"]}, {"city-center-county-capital-category3": ["custom-labels-overlap-all"]}, {"japan-state-labels": ["custom-labels-overlap-all"]}, {"city-center-category3": ["custom-labels-overlap-all"]}, {"city-center-state-capital-category4": ["custom-labels-overlap-all"]}, {"city-center-county-capital-category4": ["custom-labels-overlap-all"]}, {"city-center-category4": ["custom-labels-overlap-all"]}, {"city-center-state-capital-category5": ["custom-labels-overlap-all"]}, {"city-center-county-capital-category5": ["custom-labels-overlap-all"]}, {"city-center-category5": ["custom-labels-overlap-all"]}, {"city-center-state-capital-category6": ["custom-labels-overlap-all"]}, {"city-center-county-capital-category6": ["custom-labels-overlap-all"]}, {"city-center-category6": ["custom-labels-overlap-all"]}, {"national-importance-airport-labels": ["custom-labels-overlap-all"]}, {"city-center-state-capital-category7": ["custom-labels-overlap-all"]}, {"city-center-county-capital-category7": ["custom-labels-overlap-all"]}, {"city-center-category7": ["custom-labels-overlap-all"]}, {"city-center-state-capital-category8": ["custom-labels-overlap-all"]}, {"city-center-county-capital-category8": ["custom-labels-overlap-all"]}, {"city-center-category8": ["custom-labels-overlap-all"]}, {"city-center-state-capital-category9": ["custom-labels-overlap-all"]}, {"city-center-county-capital-category9": ["custom-labels-overlap-all"]}, {"city-center-category9": ["custom-labels-overlap-all"]}, {"city-center-state-capital-category10": ["custom-labels-overlap-all"]}, {"city-center-county-capital-category10": ["custom-labels-overlap-all"]}, {"city-center-category10": ["custom-labels-overlap-all"]}, {"city-center-state-capital-category11": ["custom-labels-overlap-all"]}, {"city-center-county-capital-category11": ["custom-labels-overlap-all"]}, {"city-center-category11": ["custom-labels-overlap-all"]}, {"city-center-state-capital-category12": ["custom-labels-overlap-all"]}, {"city-center-county-capital-category12": ["custom-labels-overlap-all"]}, {"city-center-category12": ["custom-labels-overlap-all"]}, {"city-center-state-capital-category13": ["custom-labels-overlap-all"]}, {"city-center-county-capital-category13": ["custom-labels-overlap-all"]}, {"city-center-category13": ["custom-labels-overlap-all"]}, {"city-center-state-capital-category14": ["custom-labels-overlap-all"]}, {"city-center-county-capital-category14": ["custom-labels-overlap-all"]}, {"city-center-category14": ["custom-labels-overlap-all"]}, {"city-center-state-capital-category15": ["custom-labels-overlap-all"]}, {"city-center-county-capital-category15": ["custom-labels-overlap-all"]}, {"city-center-category15": ["custom-labels-overlap-all"]}, {"truck-icon-Restriction.Height": ["custom-labels-overlap-all"]}, {"truck-icon-Restriction.Weight": ["custom-labels-overlap-all"]}, {"truck-icon-Restriction.Wpa": ["custom-labels-overlap-all"]}, {"truck-icon-Restriction.Width": ["custom-labels-overlap-all"]}, {"truck-icon-Restriction.KpraLength": ["custom-labels-overlap-all"]}, {"truck-icon-Restriction.AxleNumber": ["custom-labels-overlap-all"]}, {"truck-icon-Restriction.Length": ["custom-labels-overlap-all"]}, {"truck-icon-Restriction.HazMat.Any": ["custom-labels-overlap-all"]}, {"truck-icon-Restriction.HazMat.HarmfulForWater": ["custom-labels-overlap-all"]}, {"truck-icon-Restriction.HazMat.ExplosiveFlammable": ["custom-labels-overlap-all"]}, {"truck-icon-Restriction.HazMat.Explosive": ["custom-labels-overlap-all"]}, {"truck-icon-Restriction.HazMat.Gas": ["custom-labels-overlap-all"]}, {"truck-icon-Restriction.HazMat.Flammable": ["custom-labels-overlap-all"]}, {"truck-icon-Restriction.HazMat.FlammableSolidCombustible": ["custom-labels-overlap-all"]}, {"truck-icon-Restriction.HazMat.Organic": ["custom-labels-overlap-all"]}, {"truck-icon-Restriction.HazMat.Poison": ["custom-labels-overlap-all"]}, {"truck-icon-Restriction.HazMat.PoisonInhalationHazard": ["custom-labels-overlap-all"]}, {"truck-icon-Restriction.HazMat.Radioactive": ["custom-labels-overlap-all"]}, {"truck-icon-Restriction.HazMat.Corrosive": ["custom-labels-overlap-all"]}, {"truck-icon-Restriction.HazMat.TunnelCategory": ["custom-labels-overlap-all"]}, {"truck-icon-Restriction.HazMat.Other": ["custom-labels-overlap-all"]}, {"truck-icon-Restriction.HazMat.Unspecified": ["custom-labels-overlap-all"]}, {"truck-icon-Restriction.HazMat.Permit": ["custom-labels-overlap-all"]}, {"truck-icon-Restriction.Trailer": ["custom-labels-overlap-all"]}, {"truck-icon-Restriction.General": ["custom-labels-overlap-all"]}, {"truck-icon-inactive-Restriction.Height": ["custom-labels-overlap-all"]}, {"truck-icon-inactive-Restriction.Weight": ["custom-labels-overlap-all"]}, {"truck-icon-inactive-Restriction.Wpa": ["custom-labels-overlap-all"]}, {"truck-icon-inactive-Restriction.Width": ["custom-labels-overlap-all"]}, {"truck-icon-inactive-Restriction.KpraLength": ["custom-labels-overlap-all"]}, {"truck-icon-inactive-Restriction.AxleNumber": ["custom-labels-overlap-all"]}, {"truck-icon-inactive-Restriction.Length": ["custom-labels-overlap-all"]}, {"truck-icon-inactive-Restriction.HazMat.Any": ["custom-labels-overlap-all"]}, {"truck-icon-inactive-Restriction.HazMat.HarmfulForWater": ["custom-labels-overlap-all"]}, {"truck-icon-inactive-Restriction.HazMat.ExplosiveFlammable": ["custom-labels-overlap-all"]}, {"truck-icon-inactive-Restriction.HazMat.Explosive": ["custom-labels-overlap-all"]}, {"truck-icon-inactive-Restriction.HazMat.Gas": ["custom-labels-overlap-all"]}, {"truck-icon-inactive-Restriction.HazMat.Flammable": ["custom-labels-overlap-all"]}, {"truck-icon-inactive-Restriction.HazMat.FlammableSolidCombustible": ["custom-labels-overlap-all"]}, {"truck-icon-inactive-Restriction.HazMat.Organic": ["custom-labels-overlap-all"]}, {"truck-icon-inactive-Restriction.HazMat.Poison": ["custom-labels-overlap-all"]}, {"truck-icon-inactive-Restriction.HazMat.PoisonInhalationHazard": ["custom-labels-overlap-all"]}, {"truck-icon-inactive-Restriction.HazMat.Radioactive": ["custom-labels-overlap-all"]}, {"truck-icon-inactive-Restriction.HazMat.Corrosive": ["custom-labels-overlap-all"]}, {"truck-icon-inactive-Restriction.HazMat.TunnelCategory": ["custom-labels-overlap-all"]}, {"truck-icon-inactive-Restriction.HazMat.Other": ["custom-labels-overlap-all"]}, {"truck-icon-inactive-Restriction.HazMat.Unspecified": ["custom-labels-overlap-all"]}, {"truck-icon-inactive-Restriction.HazMat.Permit": ["custom-labels-overlap-all"]}, {"truck-icon-inactive-Restriction.Trailer": ["custom-labels-overlap-all"]}, {"truck-icon-inactive-Restriction.General": ["custom-labels-overlap-all"]}, {"poi-transit-stop-labels": ["custom-labels-overlap-all"]}, {"traffic-icon-road_closure": ["custom-labels-overlap-all"]}, {"traffic-icon-accident": ["custom-labels-overlap-all"]}, {"traffic-icon-disabled_vehicle": ["custom-labels-overlap-all"]}, {"traffic-icon-road_hazard": ["custom-labels-overlap-all"]}, {"traffic-icon-construction": ["custom-labels-overlap-all"]}, {"traffic-icon-lane_restriction": ["custom-labels-overlap-all"]}, {"traffic-icon-congestion": ["custom-labels-overlap-all"]}, {"traffic-icon-planned_event": ["custom-labels-overlap-all"]}, {"traffic-icon-mass_transit": ["custom-labels-overlap-all"]}, {"traffic-icon-weather": ["custom-labels-overlap-all"]}, {"traffic-icon-other": ["custom-labels-overlap-all"]}, {"national-importance-poi-labels": ["custom-labels-overlap-all"]}, {"city-center-neighborhood": ["custom-labels-overlap-all"]}, {"mountain-range-labels": ["custom-labels-overlap-all"]}, {"japan-annotation-geo-labels": ["custom-labels-overlap-all"]}, {"japan-annotation-mountain-peak-labels": ["custom-labels-overlap-all"]}, {"japan-mountain-peak-labels": ["custom-labels-overlap-all"]}, {"japan-annotation-governmental-office-labels": ["custom-labels-overlap-all"]}, {"japan-governmental-office-labels": ["custom-labels-overlap-all"]}, {"japan-annotation-public-transport-labels": ["custom-labels-overlap-all"]}, {"japan-public-transport-labels": ["custom-labels-overlap-all"]}, {"japan-annotation-city-hall-labels": ["custom-labels-overlap-all"]}, {"japan-city-hall-labels": ["custom-labels-overlap-all"]}, {"japan-transit-high-speed-labels": ["custom-labels-overlap-all"]}, {"japan-transit-intercity-labels": ["custom-labels-overlap-all"]}, {"transit-subway-labels": ["custom-labels-overlap-all"]}, {"japan-transit-regional-labels": ["custom-labels-overlap-all"]}, {"transit-suburban-labels": ["custom-labels-overlap-all"]}, {"transit-regional-labels": ["custom-labels-overlap-all"]}, {"transit-tram-labels": ["custom-labels-overlap-all"]}, {"transit-monorail-labels": ["custom-labels-overlap-all"]}, {"transit-aerial-labels": ["custom-labels-overlap-all"]}, {"transit-funicular-labels": ["custom-labels-overlap-all"]}, {"transit-intercity-labels": ["custom-labels-overlap-all"]}, {"transit-high-speed-labels": ["custom-labels-overlap-all"]}, {"transit-train-labels": ["custom-labels-overlap-all"]}, {"transit-ferry-labels": ["custom-labels-overlap-all"]}, {"transit-fallback-labels": ["custom-labels-overlap-all"]}, {"japan-annotation-road-facility-labels": ["custom-labels-overlap-all"]}, {"japan-road-facility-labels": ["custom-labels-overlap-all"]}, {"japan-city-center-oaza": ["custom-labels-overlap-all"]}, {"japan-city-center-aza": ["custom-labels-overlap-all"]}, {"japan-annotation-traffic-light-labels": ["custom-labels-overlap-all"]}, {"japan-traffic-light-labels": ["custom-labels-overlap-all"]}, {"city-center-hamlet": ["custom-labels-overlap-all"]}, {"ocean-labels": ["custom-labels-overlap-all"]}, {"sea-labels": ["custom-labels-overlap-all"]}, {"fjord-strait-labels": ["custom-labels-overlap-all"]}, {"safetycamera": ["custom-labels-overlap-all"]}, {"exit-info-number0": ["custom-labels", "custom-labels-overlap-all"]}, {"exit-info-name0": ["custom-labels-overlap-all"]}, {"exit-info-number1": ["custom-labels", "custom-labels-overlap-all"]}, {"exit-info-name1": ["custom-labels-overlap-all"]}, {"exit-info-number2": ["custom-labels", "custom-labels-overlap-all"]}, {"exit-info-name2": ["custom-labels-overlap-all"]}, {"exit-info-number3": ["custom-labels", "custom-labels-overlap-all"]}, {"exit-info-name3": ["custom-labels-overlap-all"]}, {"exit-info-number4": ["custom-labels", "custom-labels-overlap-all"]}, {"exit-info-name4": ["custom-labels-overlap-all"]}, {"environmental-zone-labels": ["custom-labels-overlap-all"]}, {"congestion-zone-labels": ["custom-labels-overlap-all"]}, {"japan-annotation-poi-labels": ["custom-labels-overlap-all"]}, {"poi-labels": ["custom-labels-overlap-all"]}, {"japan-city-center-microhood-block": ["custom-labels-overlap-all"]}, {"japan-annotation-traffic-light-icons": ["custom-labels-overlap-all"]}, {"asia-selected-systems-transit-high-speed-labels": ["custom-labels-overlap-all"]}, {"japan-speed-rail-labels": ["custom-labels-overlap-all"]}, {"japan-state-rail-labels": ["custom-labels-overlap-all"]}, {"japan-private-rail-labels": ["custom-labels-overlap-all"]}, {"asia-selected-systems-transit-subway-labels": ["custom-labels-overlap-all"]}, {"japan-subway-rail-labels": ["custom-labels-overlap-all"]}, {"japan-tram-rail-labels": ["custom-labels-overlap-all"]}, {"japan-monorail-labels": ["custom-labels-overlap-all"]}, {"japan-gondola-labels": ["custom-labels-overlap-all"]}, {"japan-cable-car-labels": ["custom-labels-overlap-all"]}, {"logistics-industrial-complex-labels": ["custom-labels-overlap-all"]}, {"road0-labels": ["custom-labels-overlap-all"]}, {"road1-labels": ["custom-labels-overlap-all"]}, {"road2-labels": ["custom-labels-overlap-all"]}, {"road3-labels": ["custom-labels-overlap-all"]}, {"road4-labels": ["custom-labels-overlap-all"]}, {"pedestrian-labels": ["custom-labels-overlap-all"]}, {"walkway-labels": ["custom-labels-overlap-all"]}, {"island-labels": ["custom-labels-overlap-all"]}, {"rail-labels": ["custom-labels-overlap-all"]}, {"chairlift-labels": ["custom-labels-overlap-all"]}, {"skirundownhill-labels": ["custom-labels-overlap-all"]}, {"japan-annotation-ferry-labels": ["custom-labels-overlap-all"]}, {"ferry-labels": ["custom-labels-overlap-all"]}, {"buildings-info-labels": ["custom-labels-overlap-all"]}, {"japan-city-center-microhood-parcel": ["custom-labels-overlap-all"]}, {"buildings-address-labels": ["custom-labels-overlap-all"]}, {"large-land-use-labels": ["custom-labels-overlap-all"]}, {"mountain-peak-labels": ["custom-labels-overlap-all"]}, {"land-cover-labels": ["custom-labels-overlap-all"]}, {"japan-annotation-small-land-use-labels": ["custom-labels-overlap-all"]}, {"small-land-use-labels": ["custom-labels-overlap-all"]}, {"water-class1-labels": ["custom-labels-overlap-all"]}, {"water-class2-labels": ["custom-labels-overlap-all"]}, {"water-class3-labels": ["custom-labels-overlap-all"]}, {"water-class4-labels": ["custom-labels-overlap-all"]}, {"water-class5-labels": ["custom-labels-overlap-all"]}, {"water-class6-labels": ["custom-labels-overlap-all"]}, {"water-class7-labels": ["custom-labels-overlap-all"]}, {"water-class8-labels": ["custom-labels-overlap-all"]}, {"japan-annotation-water-labels": ["custom-labels-overlap-all"]}, {"water-labels": ["custom-labels-overlap-all"]}, {"road-shield0-labels": ["custom-labels-overlap-all"]}, {"road-shield1-labels": ["custom-labels-overlap-all"]}, {"road-shield2-labels": ["custom-labels-overlap-all"]}, {"road-shield3-labels": ["custom-labels-overlap-all"]}, {"road-shield4-labels": ["custom-labels-overlap-all"]}, {"contour-line-labels": ["custom-labels-overlap-all"]}, {"custom-labels-overlap-all": ["custom-labels-overlap-all"]}]