{"offscreenFactories": [{"factoryName": "offscreen-terrain-deferred-factory", "colorTarget": ["new", "new"], "colorTargetFormat": ["rgba8", "la16f"], "depthTarget": "offscreen", "sampleCount": 1}, {"factoryName": "offscreen-terrain-factory", "colorTarget": "none", "depthTarget": "offscreen", "sampleCount": 1}, {"factoryName": "shadow-depth-mask-factory", "colorTarget": "none", "depthTarget": "offscreen", "sampleCount": 1, "clearSettings": {"buffers": ["z", "stencil"]}, "activeWhenShadowsOn": true}, {"factoryName": "offscreen-ssao-input-factory", "colorTarget": ["new", "new"], "colorTargetFormat": ["rgba8", "l32f"], "depthTarget": "offscreen", "sampleCount": 1, "sizeAsViewportRatio": 0.5, "clearSettings": {"buffers": "all", "color": [255, 255, 255, 255], "depth": 1.0, "stencil": 0}}, {"factoryName": "offscreen-ssao-output-factory", "colorTarget": "new", "colorTargetFormat": "l8", "depthTarget": "none", "sampleCount": 1, "sizeAsViewportRatio": 0.5}, {"factoryName": "offscreen-ssao-output-blurred-horizontally-factory", "colorTarget": "new", "colorTargetFormat": "l8", "depthTarget": "none", "sampleCount": 1, "sizeAsViewportRatio": 0.5}, {"factoryName": "offscreen-main-factory", "colorTarget": "new", "depthTarget": "buffer", "sampleCount": 1}, {"factoryName": "offscreen-translucent-geometry-factory", "colorTarget": ["new", "new"], "colorTargetFormat": ["rgba8", "l8"], "depthTarget": "none", "sampleCount": 1, "maxUsages": 5}]}