{"traffic flow": {"tags": ["sdk"], "required": false, "enabledByDefault": false, "modes": [{"name": "japan without free flow", "requiredLayers": ["traffic_flow"], "extendedDefinitions": {"Japan.Traffic.Flow.Free.Color": ["ref", "Transparent.Color"], "Japan.Traffic.Flow.Free.Outline.Color": ["ref", "Transparent.Color"]}}, {"name": "with free flow", "requiredLayers": ["traffic_flow"]}, {"name": "without free flow", "requiredLayers": ["traffic_flow"], "extendedDefinitions": {"Traffic.Flow.Free.Color": ["ref", "Transparent.Color"], "Traffic.Flow.Free.Outline.Color": ["ref", "Transparent.Color"]}}], "disabledMode": {"disabledLayers": ["traffic_flow"]}}, "low speed zones": {"tags": ["sdk"], "enabledByDefault": false, "modes": [{"name": "all", "extendedDefinitions": {"LowSpeedZone.Opacity": ["step", ["zoom"], 0, 15, 1]}}], "disabledMode": {}}}