{"definitions": {"Traffic.Flow.Stationary.Color": ["ref", "Traffic.Flow.StationaryQueuing.Color"], "Traffic.Flow.Stationary.Outline.Color": ["ref", "Traffic.Flow.StationaryQueuing.Outline.Color"], "Traffic.Flow.Queuing.Color": ["ref", "Traffic.Flow.StationaryQueuing.Color"], "Traffic.Flow.Queuing.Outline.Color": ["ref", "Traffic.Flow.StationaryQueuing.Outline.Color"], "Traffic.Flow.Slow.Color": ["ref", "Traffic.Flow.SlowMinor.Color"], "Traffic.Flow.Slow.Outline.Color": ["ref", "Traffic.Flow.SlowMinor.Outline.Color"], "Traffic.Flow.Minor.Color": ["ref", "Traffic.Flow.SlowMinor.Color"], "Traffic.Flow.Minor.Outline.Color": ["ref", "Traffic.Flow.SlowMinor.Outline.Color"], "Traffic.Flow.Free.Color": "#94cc9c", "Traffic.Flow.Free.Outline.Color": ["ref", "Traffic.Flow.Outline.Color"], "Traffic.Flow.Unknown.Color": ["ref", "Transparent.Color"], "Traffic.Flow.Unknown.Outline.Color": ["ref", "Transparent.Color"], "Traffic.Flow.Blocking.Outline.Color": ["ref", "Traffic.Flow.Outline.Color"], "Traffic.Flow.StationaryQueuing.Outline.Color": ["ref", "Traffic.Flow.Outline.Color"], "Traffic.Flow.SlowMinor.Outline.Color": ["ref", "Traffic.Flow.Outline.Color"], "Traffic.Flow.Blocking.Second.Color": ["ref", "Traffic.Flow.StationaryQueuing.Color"], "Traffic.Icon.Brightness": 1, "Traffic.Icon.Shadow.Enabled": false, "Is.Traffic.OffsetDirection": ["match", ["get", "drives_on_left"], 1, -1, 1], "Traffic.Incident.RoadClosure.MinZoomLevel": 9, "Traffic.Incident.Accident.MinZoomLevel": 13, "Traffic.Incident.Congestion.MinZoomLevel": 12, "Traffic.Incident.Construction.MinZoomLevel": 11, "Traffic.Incident.DisabledVehicle.MinZoomLevel": ["ref", "Traffic.Incident.Accident.MinZoomLevel"], "Traffic.Incident.MassTransit.MinZoomLevel": ["ref", "Traffic.Incident.Accident.MinZoomLevel"], "Traffic.Incident.PlannedEvent.MinZoomLevel": ["ref", "Traffic.Incident.Accident.MinZoomLevel"], "Traffic.Incident.RoadHazard.MinZoomLevel": ["ref", "Traffic.Incident.Accident.MinZoomLevel"], "Traffic.Incident.Weather.MinZoomLevel": ["ref", "Traffic.Incident.Accident.MinZoomLevel"], "Traffic.Incident.Other.MinZoomLevel": ["ref", "Traffic.Incident.Accident.MinZoomLevel"], "Traffic.Incident.LaneRestriction.MinZoomLevel": ["ref", "Traffic.Incident.Accident.MinZoomLevel"], "Traffic.Flow.Category0.MinZoomLevel": 7, "Traffic.Flow.Category1.MinZoomLevel": 10, "Traffic.Flow.Category2.MinZoomLevel": 13, "Traffic.Flow.Category3.MinZoomLevel": 14, "Traffic.Flow.Category4.MinZoomLevel": 16, "Traffic.Incident.Gap.Length": ["step", ["zoom"], 2.45, 8, 1.85, 9, 1.85, 10, 2.45, 11, 2.8, 12, 3.1, 13, 3.4, 14, 4, 15, 4.65, 16, 4.95, 17, 5.25, 18, 5.55, 19, 6.5, 20, 7.45, 21, 8.05, 22, 8.65, 23, 9.3, 24, 9.9], "Traffic.Incident.Dash.Length": ["step", ["zoom"], 4.35, 8, 4.35, 9, 4.35, 10, 5.55, 11, 6.2, 12, 6.8, 13, 8.05, 14, 9.9, 15, 11.15, 16, 12.4, 17, 13.65, 18, 14.85, 19, 16.1, 20, 17.35, 21, 17.95, 22, 18.6, 23, 19.2, 24, 19.8], "Traffic.Flow.Blocking.Gap.Length": ["ref", "Traffic.Incident.Gap.Length"], "Traffic.Flow.Blocking.Dash.Length": ["ref", "Traffic.Incident.Dash.Length"], "Traffic.Incident.RoadClosure.Color": ["ref", "Traffic.Flow.Blocking.Color"], "Traffic.Incident.RoadClosure.Outline.Color": ["ref", "Traffic.Flow.Blocking.Outline.Color"], "Traffic.Incident.RoadClosure.Second.Color": ["ref", "Traffic.Flow.Blocking.Second.Color"]}}