{"styles": [{"id": "traffic_flow_line", "layer": "traffic_flow", "when": ["ref", "Is.Traffic.Flow.Layer"], "technique": "line", "description": "Traffic Flow Line", "attr": {"category": ["case", ["ref", "Is.Traffic.Flow.Blocking"], "traffic-blocking", ["any", ["ref", "Is.Traffic.Flow.Stationary"], ["ref", "Is.Traffic.Flow.Queuing"]], "traffic-stationary-queuing", ["any", ["ref", "Is.Traffic.Flow.Slow"], ["ref", "Is.Traffic.Flow.Minor"]], "traffic-slow-minor", "traffic-free-unknown"], "minZoomLevel": ["ref", "Internal.Traffic.Flow.MinZoomLevel"], "cap": ["case", ["ref", "Is.Traffic.Flow.Blocking"], "butt", "round"], "color": ["case", ["ref", "Is.Traffic.Flow.Blocking"], ["ref", "Traffic.Flow.Blocking.Color"], ["ref", "Is.Traffic.Flow.Stationary"], ["ref", "Traffic.Flow.Stationary.Color"], ["ref", "Is.Traffic.Flow.Queuing"], ["ref", "Traffic.Flow.Queuing.Color"], ["ref", "Is.Traffic.Flow.Slow"], ["ref", "Traffic.Flow.Slow.Color"], ["ref", "Is.Traffic.Flow.Minor"], ["ref", "Traffic.Flow.Minor.Color"], ["ref", "Is.Traffic.Flow.Free"], ["ref", "Traffic.Flow.Free.Color"], ["ref", "Traffic.Flow.Unknown.Color"]], "dash-gap-color": ["case", ["ref", "Is.Traffic.Flow.Blocking"], ["ref", "Traffic.Flow.Blocking.Second.Color"], null], "width": ["case", ["ref", "Is.Traffic.Street.Category4"], ["world-scale", ["ref", "Traffic.Category4.Width"]], ["ref", "Is.Traffic.Street.Category3"], ["world-scale", ["ref", "Traffic.Category3.Width"]], ["ref", "Is.Traffic.Street.Category2"], ["world-scale", ["ref", "Traffic.Category2.Width"]], ["ref", "Is.Traffic.Street.Category1"], ["world-scale", ["ref", "Traffic.Category1.Width"]], ["ref", "Is.Traffic.Street.Category0"], ["world-scale", ["ref", "Traffic.Category0.Width"]], null], "offset": ["*", ["ref", "Is.Traffic.OffsetDirection"], ["case", ["all", ["ref", "Is.Traffic.Street.Category4"], ["ref", "Is.Traffic.Ramp"]], ["world-scale", ["ref", "Traffic.Category4.Ramp.Offset"]], ["ref", "Is.Traffic.Street.Category4"], ["world-scale", ["ref", "Traffic.Category4.Offset"]], ["all", ["ref", "Is.Traffic.Street.Category3"], ["ref", "Is.Traffic.Ramp"]], ["world-scale", ["ref", "Traffic.Category3.Ramp.Offset"]], ["ref", "Is.Traffic.Street.Category3"], ["world-scale", ["ref", "Traffic.Category3.Offset"]], ["all", ["ref", "Is.Traffic.Street.Category2"], ["ref", "Is.Traffic.Ramp"]], ["world-scale", ["ref", "Traffic.Category2.Ramp.Offset"]], ["ref", "Is.Traffic.Street.Category2"], ["world-scale", ["ref", "Traffic.Category2.Offset"]], ["all", ["ref", "Is.Traffic.Street.Category1"], ["ref", "Is.Traffic.Ramp"]], ["world-scale", ["ref", "Traffic.Category1.Ramp.Offset"]], ["ref", "Is.Traffic.Street.Category1"], ["world-scale", ["ref", "Traffic.Category1.Offset"]], ["all", ["ref", "Is.Traffic.Street.Category0"], ["ref", "Is.Traffic.Ramp"]], ["world-scale", ["ref", "Traffic.Category0.Ramp.Offset"]], ["ref", "Is.Traffic.Street.Category0"], ["world-scale", ["ref", "Traffic.Category0.Offset"]], null]], "dasharray": ["case", ["ref", "Is.Traffic.Flow.Blocking"], ["make-vector", ["world-discrete-scale", ["ref", "Traffic.Flow.Blocking.Dash.Length"]], ["world-discrete-scale", ["ref", "Traffic.Flow.Blocking.Gap.Length"]], 0, 0], null], "softdepth": ["ref", "SoftDepth.Threshold"]}}, {"id": "traffic_flow_outline", "layer": "traffic_flow", "technique": "line", "description": "Traffic Flow Outline", "attr": {"category": ["case", ["ref", "Is.Traffic.Flow.Blocking"], "traffic-blocking-outline", ["any", ["ref", "Is.Traffic.Flow.Stationary"], ["ref", "Is.Traffic.Flow.Queuing"]], "traffic-stationary-queuing-outline", ["any", ["ref", "Is.Traffic.Flow.Slow"], ["ref", "Is.Traffic.Flow.Minor"]], "traffic-slow-minor-outline", "traffic-free-unknown-outline"], "minZoomLevel": ["ref", "Internal.Traffic.Flow.MinZoomLevel"], "color": ["case", ["ref", "Is.Traffic.Flow.Blocking"], ["ref", "Traffic.Flow.Blocking.Outline.Color"], ["ref", "Is.Traffic.Flow.Stationary"], ["ref", "Traffic.Flow.Stationary.Outline.Color"], ["ref", "Is.Traffic.Flow.Queuing"], ["ref", "Traffic.Flow.Queuing.Outline.Color"], ["ref", "Is.Traffic.Flow.Slow"], ["ref", "Traffic.Flow.Slow.Outline.Color"], ["ref", "Is.Traffic.Flow.Minor"], ["ref", "Traffic.Flow.Minor.Outline.Color"], ["ref", "Is.Traffic.Flow.Free"], ["ref", "Traffic.Flow.Free.Outline.Color"], ["ref", "Traffic.Flow.Unknown.Outline.Color"]], "width": ["case", ["ref", "Is.Traffic.Street.Category4"], ["world-scale", ["+", ["*", 2, ["ref", "Traffic.Category4.Outline.Width"]], ["ref", "Traffic.Category4.Width"]]], ["ref", "Is.Traffic.Street.Category3"], ["world-scale", ["+", ["*", 2, ["ref", "Traffic.Category3.Outline.Width"]], ["ref", "Traffic.Category3.Width"]]], ["ref", "Is.Traffic.Street.Category2"], ["world-scale", ["+", ["*", 2, ["ref", "Traffic.Category2.Outline.Width"]], ["ref", "Traffic.Category2.Width"]]], ["ref", "Is.Traffic.Street.Category1"], ["world-scale", ["+", ["*", 2, ["ref", "Traffic.Category1.Outline.Width"]], ["ref", "Traffic.Category1.Width"]]], ["ref", "Is.Traffic.Street.Category0"], ["world-scale", ["+", ["*", 2, ["ref", "Traffic.Category0.Outline.Width"]], ["ref", "Traffic.Category0.Width"]]], null], "offset": ["*", ["ref", "Is.Traffic.OffsetDirection"], ["case", ["all", ["ref", "Is.Traffic.Street.Category4"], ["ref", "Is.Traffic.Ramp"]], ["world-scale", ["ref", "Traffic.Category4.Ramp.Offset"]], ["ref", "Is.Traffic.Street.Category4"], ["world-scale", ["ref", "Traffic.Category4.Offset"]], ["all", ["ref", "Is.Traffic.Street.Category3"], ["ref", "Is.Traffic.Ramp"]], ["world-scale", ["ref", "Traffic.Category3.Ramp.Offset"]], ["ref", "Is.Traffic.Street.Category3"], ["world-scale", ["ref", "Traffic.Category3.Offset"]], ["all", ["ref", "Is.Traffic.Street.Category2"], ["ref", "Is.Traffic.Ramp"]], ["world-scale", ["ref", "Traffic.Category2.Ramp.Offset"]], ["ref", "Is.Traffic.Street.Category2"], ["world-scale", ["ref", "Traffic.Category2.Offset"]], ["all", ["ref", "Is.Traffic.Street.Category1"], ["ref", "Is.Traffic.Ramp"]], ["world-scale", ["ref", "Traffic.Category1.Ramp.Offset"]], ["ref", "Is.Traffic.Street.Category1"], ["world-scale", ["ref", "Traffic.Category1.Offset"]], ["all", ["ref", "Is.Traffic.Street.Category0"], ["ref", "Is.Traffic.Ramp"]], ["world-scale", ["ref", "Traffic.Category0.Ramp.Offset"]], ["ref", "Is.Traffic.Street.Category0"], ["world-scale", ["ref", "Traffic.Category0.Offset"]], null]], "softdepth": ["ref", "SoftDepth.Threshold"]}}]}