{"definitions": {"Is.Traffic.Flow.Layer": ["==", ["get", "$layer"], "traffic_flow"], "Is.Traffic.Incident.Layer": ["==", ["get", "$layer"], "traffic_incidents"], "Is.Traffic.IncidentIcon.Layer": ["==", ["get", "$layer"], "incident_icons"], "Is.Traffic.Ramp": ["get", "is_link"], "Is.Traffic.PrimaryIncident": ["get", "is_primary"], "Is.Traffic.Street.Category0": ["all", ["==", ["get", "road_kind"], "highway"], ["!=", ["get", "road_kind_detail"], "trunk"]], "Is.Traffic.Street.Category1": ["any", ["all", ["==", ["get", "road_kind"], "highway"], ["==", ["get", "road_kind_detail"], "trunk"]], ["all", ["==", ["get", "road_kind"], "major_road"], ["==", ["get", "road_kind_detail"], "primary"]]], "Is.Traffic.Street.Category2": ["all", ["==", ["get", "road_kind"], "major_road"], ["==", ["get", "road_kind_detail"], "secondary"]], "Is.Traffic.Street.Category3": ["all", ["==", ["get", "road_kind"], "major_road"], ["==", ["get", "road_kind_detail"], "tertiary"]], "Is.Traffic.Street.Category4": ["==", ["get", "road_kind"], "minor_road"], "Internal.Traffic.Incident.MinZoomLevel": ["case", ["ref", "Is.Traffic.Incident.RoadClosure"], ["ref", "Traffic.Incident.RoadClosure.MinZoomLevel"], ["ref", "Is.Traffic.Incident.Accident"], ["ref", "Traffic.Incident.Accident.MinZoomLevel"], ["ref", "Is.Traffic.Incident.Congestion"], ["ref", "Traffic.Incident.Congestion.MinZoomLevel"], ["ref", "Is.Traffic.Incident.Construction"], ["ref", "Traffic.Incident.Construction.MinZoomLevel"], ["ref", "Is.Traffic.Incident.DisabledVehicle"], ["ref", "Traffic.Incident.DisabledVehicle.MinZoomLevel"], ["ref", "Is.Traffic.Incident.MassTransit"], ["ref", "Traffic.Incident.MassTransit.MinZoomLevel"], ["ref", "Is.Traffic.Incident.LaneRestriction"], ["ref", "Traffic.Incident.LaneRestriction.MinZoomLevel"], ["ref", "Is.Traffic.Incident.PlannedEvent"], ["ref", "Traffic.Incident.PlannedEvent.MinZoomLevel"], ["ref", "Is.Traffic.Incident.RoadHazard"], ["ref", "Traffic.Incident.RoadHazard.MinZoomLevel"], ["ref", "Is.Traffic.Incident.Weather"], ["ref", "Traffic.Incident.Weather.MinZoomLevel"], ["ref", "Traffic.Incident.Other.MinZoomLevel"]], "Internal.Traffic.Flow.MinZoomLevel": ["case", ["ref", "Is.Traffic.Street.Category0"], ["ref", "Traffic.Flow.Category0.MinZoomLevel"], ["ref", "Is.Traffic.Street.Category1"], ["ref", "Traffic.Flow.Category1.MinZoomLevel"], ["ref", "Is.Traffic.Street.Category2"], ["ref", "Traffic.Flow.Category2.MinZoomLevel"], ["ref", "Is.Traffic.Street.Category3"], ["ref", "Traffic.Flow.Category3.MinZoomLevel"], ["ref", "Is.Traffic.Street.Category4"], ["ref", "Traffic.Flow.Category4.MinZoomLevel"], null], "Is.Traffic.Incident.RoadClosure": ["any", ["==", ["get", "kind"], "road_closure"], ["get", "road_closed"]], "Is.Traffic.Incident.Accident": ["all", ["==", ["get", "kind"], "accident"], ["!", ["get", "road_closed"]]], "Is.Traffic.Incident.DisabledVehicle": ["all", ["==", ["get", "kind"], "disabled_vehicle"], ["!", ["get", "road_closed"]]], "Is.Traffic.Incident.PlannedEvent": ["all", ["==", ["get", "kind"], "planned_event"], ["!", ["get", "road_closed"]]], "Is.Traffic.Incident.LaneRestriction": ["all", ["==", ["get", "kind"], "lane_restriction"], ["!", ["get", "road_closed"]]], "Is.Traffic.Incident.MassTransit": ["all", ["==", ["get", "kind"], "mass_transit"], ["!", ["get", "road_closed"]]], "Is.Traffic.Incident.RoadHazard": ["all", ["==", ["get", "kind"], "road_hazard"], ["!", ["get", "road_closed"]]], "Is.Traffic.Incident.Weather": ["all", ["==", ["get", "kind"], "weather"], ["!", ["get", "road_closed"]]], "Is.Traffic.Incident.Congestion": ["all", ["==", ["get", "kind"], "congestion"], ["!", ["get", "road_closed"]]], "Is.Traffic.Incident.Other": ["all", ["==", ["get", "kind"], "other"], ["!", ["get", "road_closed"]]], "Is.Traffic.Incident.Construction": ["all", ["==", ["get", "kind"], "construction"], ["!", ["get", "road_closed"]]], "Is.Traffic.Flow.Blocking": ["==", ["get", "kind"], "none"], "Is.Traffic.Flow.Stationary": ["==", ["get", "kind"], "stationary"], "Is.Traffic.Flow.Queuing": ["==", ["get", "kind"], "queuing"], "Is.Traffic.Flow.Slow": ["==", ["get", "kind"], "slow"], "Is.Traffic.Flow.Minor": ["==", ["get", "kind"], "minor"], "Is.Traffic.Flow.Free": ["==", ["get", "kind"], "free"], "Is.Japan.Traffic.Content": ["==", ["get", "network"], "JP"]}}