{"mapScene": {"comment": "HERE SDK map scene configuration for OMV base map, region ROW", "mapSchemes": {"comment": "Defines the mapping between MapScheme enum and concrete scene files", "normalDay": "geoviz/oslo/scenes/normal.day.scene.json", "normalNight": "geoviz/oslo/scenes/normal.night.scene.json", "hybridDay": "geoviz/oslo/scenes/hybrid.day.scene.json", "hybridNight": "geoviz/oslo/scenes/hybrid.night.scene.json", "satellite": "geoviz/oslo/satellite/satellite.day.scene.json", "liteDay": "geoviz/oslo/scenes/lite.day.scene.json", "liteNight": "geoviz/oslo/scenes/lite.night.scene.json", "liteHybridDay": "geoviz/oslo/scenes/lite.hybrid.day.scene.json", "liteHybridNight": "geoviz/oslo/scenes/lite.hybrid.night.scene.json", "logisticsDay": "geoviz/oslo/scenes/logistics.day.scene.json", "logisticsNight": "geoviz/oslo/scenes/logistics.night.scene.json", "logisticsHybridDay": "geoviz/oslo/scenes/logistics.hybrid.day.scene.json", "logisticsHybridNight": "geoviz/oslo/scenes/logistics.hybrid.night.scene.json", "roadNetworkDay": "geoviz/oslo/scenes/road.network.day.scene.json", "roadNetworkNight": "geoviz/oslo/scenes/road.network.night.scene.json"}, "features": {"comment": "Defines the enabled/disabled features for each scene load. Each feature has a name and an optional mode", "enabled": [{"feature": "building extruded", "mode": "all"}, {"feature": "building footprints", "mode": "all"}], "disabled": []}}}