{"definitions": {"Misc.Icon.Masterlist": ["literal", [{"keys": {}, "attributes": {"MAP_DISPLAY_FLAG": "no"}}, {"keys": {"ICON_ID": "City"}, "attributes": {"ICON_FAMILY": "city_center", "ICON_FILE_NAME": "circle.svg", "MAP_DISPLAY_FLAG": "yes"}}, {"keys": {"ICON_ID": "Country.Capital"}, "attributes": {"ICON_FAMILY": "city_center", "ICON_FILE_NAME": "square_capital.svg", "MAP_DISPLAY_FLAG": "yes"}}, {"keys": {"ICON_ID": "State.Capital"}, "attributes": {"ICON_FAMILY": "city_center", "ICON_FILE_NAME": "square.svg", "MAP_DISPLAY_FLAG": "yes"}}, {"keys": {"ICON_ID": "Buslane.Camera"}, "attributes": {"ICON_FAMILY": "safetyCamera", "ICON_FILE_NAME": "speed-camera.svg", "MAP_DISPLAY_FLAG": "yes"}}, {"keys": {"ICON_ID": "Default.Safety.Camera"}, "attributes": {"ICON_FAMILY": "safetyCamera", "ICON_FILE_NAME": "speed-camera.svg", "MAP_DISPLAY_FLAG": "yes"}}, {"keys": {"ICON_ID": "Distance.Camera"}, "attributes": {"ICON_FAMILY": "safetyCamera", "ICON_FILE_NAME": "speed-camera.svg", "MAP_DISPLAY_FLAG": "yes"}}, {"keys": {"ICON_ID": "Red.Light.And.Speed.Camera"}, "attributes": {"ICON_FAMILY": "safetyCamera", "ICON_FILE_NAME": "red-light-camera.svg", "MAP_DISPLAY_FLAG": "yes"}}, {"keys": {"ICON_ID": "Red.Light.Camera"}, "attributes": {"ICON_FAMILY": "safetyCamera", "ICON_FILE_NAME": "red-light-camera.svg", "MAP_DISPLAY_FLAG": "yes"}}, {"keys": {"ICON_ID": "Safety.Camera.Section.End"}, "attributes": {"ICON_FAMILY": "safetyCamera", "ICON_FILE_NAME": "speed-camera.svg", "MAP_DISPLAY_FLAG": "yes"}}, {"keys": {"ICON_ID": "Safety.Camera.Section.Start"}, "attributes": {"ICON_FAMILY": "safetyCamera", "ICON_FILE_NAME": "speed-camera.svg", "MAP_DISPLAY_FLAG": "yes"}}, {"keys": {"ICON_ID": "Speed.Camera"}, "attributes": {"ICON_FAMILY": "safetyCamera", "ICON_FILE_NAME": "speed-camera.svg", "MAP_DISPLAY_FLAG": "yes"}}, {"keys": {"ICON_ID": "Traffic.Incident.Accident"}, "attributes": {"ICON_FAMILY": "traffic", "ICON_FILE_NAME": "traffic_accident.svg", "MAP_DISPLAY_FLAG": "yes"}}, {"keys": {"ICON_ID": "Traffic.Incident.Congestion"}, "attributes": {"ICON_FAMILY": "traffic", "ICON_FILE_NAME": "traffic_congestion.svg", "MAP_DISPLAY_FLAG": "yes"}}, {"keys": {"ICON_ID": "Traffic.Incident.Construction"}, "attributes": {"ICON_FAMILY": "traffic", "ICON_FILE_NAME": "traffic_construction.svg", "MAP_DISPLAY_FLAG": "yes"}}, {"keys": {"ICON_ID": "Traffic.Incident.DisabledVehicle"}, "attributes": {"ICON_FAMILY": "traffic", "ICON_FILE_NAME": "traffic_disabled-vehicle.svg", "MAP_DISPLAY_FLAG": "yes"}}, {"keys": {"ICON_ID": "Traffic.Incident.LaneRestriction"}, "attributes": {"ICON_FAMILY": "traffic", "ICON_FILE_NAME": "traffic_lane-restriction.svg", "MAP_DISPLAY_FLAG": "yes"}}, {"keys": {"ICON_ID": "Traffic.Incident.MassTransit"}, "attributes": {"ICON_FAMILY": "traffic", "ICON_FILE_NAME": "traffic_mass-transit.svg", "MAP_DISPLAY_FLAG": "yes"}}, {"keys": {"ICON_ID": "Traffic.Incident.Other"}, "attributes": {"ICON_FAMILY": "traffic", "ICON_FILE_NAME": "traffic_other.svg", "MAP_DISPLAY_FLAG": "yes"}}, {"keys": {"ICON_ID": "Traffic.Incident.PlannedEvent"}, "attributes": {"ICON_FAMILY": "traffic", "ICON_FILE_NAME": "traffic_planned-event.svg", "MAP_DISPLAY_FLAG": "yes"}}, {"keys": {"ICON_ID": "Traffic.Incident.RoadClosure"}, "attributes": {"ICON_FAMILY": "traffic", "ICON_FILE_NAME": "traffic_road-closure.svg", "MAP_DISPLAY_FLAG": "yes"}}, {"keys": {"ICON_ID": "Traffic.Incident.RoadHazard"}, "attributes": {"ICON_FAMILY": "traffic", "ICON_FILE_NAME": "traffic_road-hazard.svg", "MAP_DISPLAY_FLAG": "yes"}}, {"keys": {"ICON_ID": "Traffic.Incident.Weather"}, "attributes": {"ICON_FAMILY": "traffic", "ICON_FILE_NAME": "traffic_weather.svg", "MAP_DISPLAY_FLAG": "yes"}}]], "Misc.Icon.Lookup": ["lookup", ["ref", "Misc.Icon.Masterlist"], "ISO_COUNTRY_CODE", ["ref", "IsoCountryCode"]], "Misc.Icon.Lookup.IconFamily": ["get", "ICON_FAMILY", ["ref", "Misc.Icon.Lookup"]], "Misc.Icon.Lookup.FileName": ["get", "ICON_FILE_NAME", ["ref", "Misc.Icon.Lookup"]], "Misc.Icon.Lookup.MapDisplayFlag": ["get", "MAP_DISPLAY_FLAG", ["ref", "Misc.Icon.Lookup"]], "Misc.Icon.CityCenter.Key.IconId": ["case", ["ref", "Is.City"], "City", ["ref", "Is.Country.Capital"], "Country.Capital", ["ref", "Is.State.Capital"], "State.Capital", null], "Misc.Icon.CityCenter.Lookup": ["lookup", ["ref", "Misc.Icon.Masterlist"], "ICON_ID", ["ref", "Misc.Icon.CityCenter.Key.IconId"], "ISO_COUNTRY_CODE", ["ref", "IsoCountryCode"]], "Misc.Icon.CityCenter.Lookup.IconFamily": ["get", "ICON_FAMILY", ["ref", "Misc.Icon.CityCenter.Lookup"]], "Misc.Icon.CityCenter.Lookup.FileName": ["get", "ICON_FILE_NAME", ["ref", "Misc.Icon.CityCenter.Lookup"]], "Misc.Icon.CityCenter.Lookup.MapDisplayFlag": ["get", "MAP_DISPLAY_FLAG", ["ref", "Misc.Icon.CityCenter.Lookup"]], "Misc.Icon.SafetyCamera.Key.IconId": ["case", ["ref", "Is.Buslane.Camera"], "Buslane.Camera", ["ref", "Is.Default.Safety.Camera"], "Default.Safety.Camera", ["ref", "Is.Distance.Camera"], "Distance.Camera", ["ref", "Is.Red.Light.And.Speed.Camera"], "Red.Light.And.Speed.Camera", ["ref", "Is.Red.Light.Camera"], "Red.Light.Camera", ["ref", "Is.Safety.Camera.Section.End"], "Safety.Camera.Section.End", ["ref", "Is.Safety.Camera.Section.Start"], "Safety.Camera.Section.Start", ["ref", "Is.Speed.Camera"], "Speed.Camera", null], "Misc.Icon.SafetyCamera.Lookup": ["lookup", ["ref", "Misc.Icon.Masterlist"], "ICON_ID", ["ref", "Misc.Icon.SafetyCamera.Key.IconId"], "ISO_COUNTRY_CODE", ["ref", "IsoCountryCode"]], "Misc.Icon.SafetyCamera.Lookup.IconFamily": ["get", "ICON_FAMILY", ["ref", "Misc.Icon.SafetyCamera.Lookup"]], "Misc.Icon.SafetyCamera.Lookup.FileName": ["get", "ICON_FILE_NAME", ["ref", "Misc.Icon.SafetyCamera.Lookup"]], "Misc.Icon.SafetyCamera.Lookup.MapDisplayFlag": ["get", "MAP_DISPLAY_FLAG", ["ref", "Misc.Icon.SafetyCamera.Lookup"]], "Misc.Icon.Traffic.Key.IconId": ["case", ["ref", "Is.Traffic.Incident.Accident"], "Traffic.Incident.Accident", ["ref", "Is.Traffic.Incident.Congestion"], "Traffic.Incident.Congestion", ["ref", "Is.Traffic.Incident.Construction"], "Traffic.Incident.Construction", ["ref", "Is.Traffic.Incident.DisabledVehicle"], "Traffic.Incident.DisabledVehicle", ["ref", "Is.Traffic.Incident.LaneRestriction"], "Traffic.Incident.LaneRestriction", ["ref", "Is.Traffic.Incident.MassTransit"], "Traffic.Incident.MassTransit", ["ref", "Is.Traffic.Incident.Other"], "Traffic.Incident.Other", ["ref", "Is.Traffic.Incident.PlannedEvent"], "Traffic.Incident.PlannedEvent", ["ref", "Is.Traffic.Incident.RoadClosure"], "Traffic.Incident.RoadClosure", ["ref", "Is.Traffic.Incident.RoadHazard"], "Traffic.Incident.RoadHazard", ["ref", "Is.Traffic.Incident.Weather"], "Traffic.Incident.Weather", null], "Misc.Icon.Traffic.Lookup": ["lookup", ["ref", "Misc.Icon.Masterlist"], "ICON_ID", ["ref", "Misc.Icon.Traffic.Key.IconId"], "ISO_COUNTRY_CODE", ["ref", "IsoCountryCode"]], "Misc.Icon.Traffic.Lookup.IconFamily": ["get", "ICON_FAMILY", ["ref", "Misc.Icon.Traffic.Lookup"]], "Misc.Icon.Traffic.Lookup.FileName": ["get", "ICON_FILE_NAME", ["ref", "Misc.Icon.Traffic.Lookup"]], "Misc.Icon.Traffic.Lookup.MapDisplayFlag": ["get", "MAP_DISPLAY_FLAG", ["ref", "Misc.Icon.Traffic.Lookup"]]}}