{"definitions": {"Poi.Pt.Icon.Masterlist": ["literal", [{"keys": {"BOOLEAN_FLAG": "POI.TransitStop.Aerial"}, "attributes": {"ICON_FAMILY": "TransitStop.Aerial", "ICON_FILE_NAME": "cable-way.svg", "HERE_GENERIC_ICONOGRAPHY": "cable-way", "HERE_CATEGORY_CLASS": "public-transport", "ICON_GROUP": "Public Transport", "ICON_PRIORITY": 281, "ICON_MIN_ZOOM_LVL": 16, "ICON_MAX_ZOOM_LVL": 25, "LABEL_MIN_ZOOM_LVL": 16, "LABEL_MAX_ZOOM_LVL": 25, "HERE_ASSET_SHAPE": "circle", "MAP_DISPLAY_FLAG": "yes"}}, {"keys": {"USAGE_FLAG": "Logistics", "BOOLEAN_FLAG": "POI.TransitStop.Aerial"}, "attributes": {"ICON_FAMILY": "TransitStop.Aerial", "ICON_FILE_NAME": "cable-way.svg", "HERE_GENERIC_ICONOGRAPHY": "cable-way", "HERE_CATEGORY_CLASS": "public-transport", "ICON_GROUP": "Public Transport", "ICON_PRIORITY": 577, "ICON_MIN_ZOOM_LVL": 18, "ICON_MAX_ZOOM_LVL": 25, "LABEL_MIN_ZOOM_LVL": 18, "LABEL_MAX_ZOOM_LVL": 25, "HERE_ASSET_SHAPE": "circle", "MAP_DISPLAY_FLAG": "yes"}}, {"keys": {"BOOLEAN_FLAG": "POI.TransitStop.Aerial", "ISO_COUNTRY_CODE": "JP"}, "attributes": {"ICON_FAMILY": "TransitStop.Aerial", "ICON_FILE_NAME": "cable-way.svg", "HERE_GENERIC_ICONOGRAPHY": "cable-way", "HERE_CATEGORY_CLASS": "public-transport", "ICON_GROUP": "Japan Public Transport", "ICON_PRIORITY": 115, "ICON_MIN_ZOOM_LVL": 14, "ICON_MAX_ZOOM_LVL": 25, "LABEL_MIN_ZOOM_LVL": 14, "LABEL_MAX_ZOOM_LVL": 25, "HERE_ASSET_SHAPE": "circle", "MAP_DISPLAY_FLAG": "yes"}}, {"keys": {"USAGE_FLAG": "Logistics", "BOOLEAN_FLAG": "POI.TransitStop.Aerial", "ISO_COUNTRY_CODE": "JP"}, "attributes": {"ICON_FAMILY": "TransitStop.Aerial", "ICON_FILE_NAME": "cable-way.svg", "HERE_GENERIC_ICONOGRAPHY": "cable-way", "HERE_CATEGORY_CLASS": "public-transport", "ICON_GROUP": "Japan Public Transport", "ICON_PRIORITY": 192, "ICON_MIN_ZOOM_LVL": 15, "ICON_MAX_ZOOM_LVL": 25, "LABEL_MIN_ZOOM_LVL": 15, "LABEL_MAX_ZOOM_LVL": 25, "HERE_ASSET_SHAPE": "circle", "MAP_DISPLAY_FLAG": "yes"}}, {"keys": {"BOOLEAN_FLAG": "POI.TransitStop.AirportTerminal"}, "attributes": {"ICON_FAMILY": "TransitStop.AirportTerminal", "ICON_FILE_NAME": "rail-regional.svg", "HERE_GENERIC_ICONOGRAPHY": "rail-regional", "HERE_CATEGORY_CLASS": "public-transport", "ICON_GROUP": "Public Transport", "ICON_PRIORITY": 285, "ICON_MIN_ZOOM_LVL": 16, "ICON_MAX_ZOOM_LVL": 25, "LABEL_MIN_ZOOM_LVL": 16, "LABEL_MAX_ZOOM_LVL": 25, "HERE_ASSET_SHAPE": "circle", "MAP_DISPLAY_FLAG": "yes"}}, {"keys": {"USAGE_FLAG": "Logistics", "BOOLEAN_FLAG": "POI.TransitStop.AirportTerminal"}, "attributes": {"ICON_FAMILY": "TransitStop.AirportTerminal", "ICON_FILE_NAME": "rail-regional.svg", "HERE_GENERIC_ICONOGRAPHY": "rail-regional", "HERE_CATEGORY_CLASS": "public-transport", "ICON_GROUP": "Public Transport", "ICON_PRIORITY": 577, "ICON_MIN_ZOOM_LVL": 18, "ICON_MAX_ZOOM_LVL": 25, "LABEL_MIN_ZOOM_LVL": 18, "LABEL_MAX_ZOOM_LVL": 25, "HERE_ASSET_SHAPE": "circle", "MAP_DISPLAY_FLAG": "yes"}}, {"keys": {"BOOLEAN_FLAG": "POI.TransitStop.Bus"}, "attributes": {"ICON_FAMILY": "TransitStop.Bus", "ICON_FILE_NAME": "bus.svg", "HERE_GENERIC_ICONOGRAPHY": "bus", "HERE_CATEGORY_CLASS": "public-transport", "ICON_GROUP": "Public Transport", "ICON_PRIORITY": 473, "ICON_MIN_ZOOM_LVL": 18, "ICON_MAX_ZOOM_LVL": 25, "LABEL_MIN_ZOOM_LVL": 0, "LABEL_MAX_ZOOM_LVL": 0, "HERE_ASSET_SHAPE": "circle", "MAP_DISPLAY_FLAG": "yes"}}, {"keys": {"BOOLEAN_FLAG": "POI.TransitStop.BusStation"}, "attributes": {"ICON_FAMILY": "TransitStop.BusStation", "ICON_FILE_NAME": "coach.svg", "HERE_GENERIC_ICONOGRAPHY": "coach", "HERE_CATEGORY_CLASS": "public-transport", "ICON_GROUP": "Public Transport", "ICON_PRIORITY": 171, "ICON_MIN_ZOOM_LVL": 15, "ICON_MAX_ZOOM_LVL": 25, "LABEL_MIN_ZOOM_LVL": 15, "LABEL_MAX_ZOOM_LVL": 25, "HERE_ASSET_SHAPE": "circle", "MAP_DISPLAY_FLAG": "yes"}}, {"keys": {"BOOLEAN_FLAG": "POI.TransitStop.Ferry"}, "attributes": {"ICON_FAMILY": "TransitStop.Ferry", "ICON_FILE_NAME": "ferry.svg", "HERE_GENERIC_ICONOGRAPHY": "ferry", "HERE_CATEGORY_CLASS": "public-transport", "ICON_GROUP": "Public Transport", "ICON_PRIORITY": 131, "ICON_MIN_ZOOM_LVL": 14, "ICON_MAX_ZOOM_LVL": 25, "LABEL_MIN_ZOOM_LVL": 14, "LABEL_MAX_ZOOM_LVL": 25, "HERE_ASSET_SHAPE": "circle", "MAP_DISPLAY_FLAG": "yes"}}, {"keys": {"USAGE_FLAG": "Logistics", "BOOLEAN_FLAG": "POI.TransitStop.Ferry"}, "attributes": {"ICON_FAMILY": "TransitStop.Ferry", "ICON_FILE_NAME": "ferry.svg", "HERE_GENERIC_ICONOGRAPHY": "ferry", "HERE_CATEGORY_CLASS": "public-transport", "ICON_GROUP": "Public Transport", "ICON_PRIORITY": 273, "ICON_MIN_ZOOM_LVL": 16, "ICON_MAX_ZOOM_LVL": 25, "LABEL_MIN_ZOOM_LVL": 16, "LABEL_MAX_ZOOM_LVL": 25, "HERE_ASSET_SHAPE": "circle", "MAP_DISPLAY_FLAG": "yes"}}, {"keys": {"BOOLEAN_FLAG": "POI.TransitStop.Funicular"}, "attributes": {"ICON_FAMILY": "TransitStop.Funicular", "ICON_FILE_NAME": "inclined.svg", "HERE_GENERIC_ICONOGRAPHY": "inclined", "HERE_CATEGORY_CLASS": "public-transport", "ICON_GROUP": "Public Transport", "ICON_PRIORITY": 283, "ICON_MIN_ZOOM_LVL": 16, "ICON_MAX_ZOOM_LVL": 25, "LABEL_MIN_ZOOM_LVL": 16, "LABEL_MAX_ZOOM_LVL": 25, "HERE_ASSET_SHAPE": "circle", "MAP_DISPLAY_FLAG": "yes"}}, {"keys": {"USAGE_FLAG": "Logistics", "BOOLEAN_FLAG": "POI.TransitStop.Funicular"}, "attributes": {"ICON_FAMILY": "TransitStop.Funicular", "ICON_FILE_NAME": "inclined.svg", "HERE_GENERIC_ICONOGRAPHY": "inclined", "HERE_CATEGORY_CLASS": "public-transport", "ICON_GROUP": "Public Transport", "ICON_PRIORITY": 577, "ICON_MIN_ZOOM_LVL": 18, "ICON_MAX_ZOOM_LVL": 25, "LABEL_MIN_ZOOM_LVL": 18, "LABEL_MAX_ZOOM_LVL": 25, "HERE_ASSET_SHAPE": "circle", "MAP_DISPLAY_FLAG": "yes"}}, {"keys": {"BOOLEAN_FLAG": "POI.TransitStop.Funicular", "ISO_COUNTRY_CODE": "JP"}, "attributes": {"ICON_FAMILY": "TransitStop.Funicular", "ICON_FILE_NAME": "inclined.svg", "HERE_GENERIC_ICONOGRAPHY": "inclined", "HERE_CATEGORY_CLASS": "public-transport", "ICON_GROUP": "Japan Public Transport", "ICON_PRIORITY": 117, "ICON_MIN_ZOOM_LVL": 14, "ICON_MAX_ZOOM_LVL": 25, "LABEL_MIN_ZOOM_LVL": 14, "LABEL_MAX_ZOOM_LVL": 25, "HERE_ASSET_SHAPE": "circle", "MAP_DISPLAY_FLAG": "yes"}}, {"keys": {"USAGE_FLAG": "Logistics", "BOOLEAN_FLAG": "POI.TransitStop.Funicular", "ISO_COUNTRY_CODE": "JP"}, "attributes": {"ICON_FAMILY": "TransitStop.Funicular", "ICON_FILE_NAME": "inclined.svg", "HERE_GENERIC_ICONOGRAPHY": "inclined", "HERE_CATEGORY_CLASS": "public-transport", "ICON_GROUP": "Japan Public Transport", "ICON_PRIORITY": 193, "ICON_MIN_ZOOM_LVL": 15, "ICON_MAX_ZOOM_LVL": 25, "LABEL_MIN_ZOOM_LVL": 15, "LABEL_MAX_ZOOM_LVL": 25, "HERE_ASSET_SHAPE": "circle", "MAP_DISPLAY_FLAG": "yes"}}, {"keys": {"BOOLEAN_FLAG": "POI.TransitStop.HighSpeed"}, "attributes": {"ICON_FAMILY": "TransitStop.HighSpeed", "ICON_FILE_NAME": "train.svg", "HERE_GENERIC_ICONOGRAPHY": "train", "HERE_CATEGORY_CLASS": "public-transport", "ICON_GROUP": "Public Transport", "ICON_PRIORITY": 118, "ICON_MIN_ZOOM_LVL": 11, "ICON_MAX_ZOOM_LVL": 25, "LABEL_MIN_ZOOM_LVL": 12.5, "LABEL_MAX_ZOOM_LVL": 25, "HERE_ASSET_SHAPE": "circle", "MAP_DISPLAY_FLAG": "yes"}}, {"keys": {"BOOLEAN_FLAG": "POI.TransitStop.HighSpeed", "ISO_COUNTRY_CODE": "JP"}, "attributes": {"ICON_FAMILY": "TransitStop.HighSpeed", "ICON_FILE_NAME": "shinkansen-jpn.svg", "HERE_GENERIC_ICONOGRAPHY": "shinkansen-jpn", "HERE_CATEGORY_CLASS": "public-transport", "ICON_GROUP": "Japan Public Transport Railway", "ICON_PRIORITY": 33, "ICON_MIN_ZOOM_LVL": 11, "ICON_MAX_ZOOM_LVL": 25, "LABEL_MIN_ZOOM_LVL": 11, "LABEL_MAX_ZOOM_LVL": 25, "HERE_ASSET_SHAPE": "circle", "MAP_DISPLAY_FLAG": "yes"}}, {"keys": {"BOOLEAN_FLAG": "POI.TransitStop.Intercity"}, "attributes": {"ICON_FAMILY": "TransitStop.Intercity", "ICON_FILE_NAME": "train.svg", "HERE_GENERIC_ICONOGRAPHY": "train", "HERE_CATEGORY_CLASS": "public-transport", "ICON_GROUP": "Public Transport", "ICON_PRIORITY": 118, "ICON_MIN_ZOOM_LVL": 12.5, "ICON_MAX_ZOOM_LVL": 25, "LABEL_MIN_ZOOM_LVL": 12.5, "LABEL_MAX_ZOOM_LVL": 25, "HERE_ASSET_SHAPE": "circle", "MAP_DISPLAY_FLAG": "yes"}}, {"keys": {"BOOLEAN_FLAG": "POI.TransitStop.Intercity", "ISO_COUNTRY_CODE": "JP"}, "attributes": {"ICON_FAMILY": "TransitStop.Intercity", "ICON_FILE_NAME": "train.svg", "HERE_GENERIC_ICONOGRAPHY": "train", "HERE_CATEGORY_CLASS": "public-transport", "ICON_GROUP": "Japan Public Transport Railway", "ICON_PRIORITY": 39, "ICON_MIN_ZOOM_LVL": 12, "ICON_MAX_ZOOM_LVL": 25, "LABEL_MIN_ZOOM_LVL": 12, "LABEL_MAX_ZOOM_LVL": 25, "HERE_ASSET_SHAPE": "circle", "MAP_DISPLAY_FLAG": "yes"}}, {"keys": {"BOOLEAN_FLAG": "POI.TransitStop.Monorail"}, "attributes": {"ICON_FAMILY": "TransitStop.Monorail", "ICON_FILE_NAME": "monorail.svg", "HERE_GENERIC_ICONOGRAPHY": "monorail", "HERE_CATEGORY_CLASS": "public-transport", "ICON_GROUP": "Public Transport", "ICON_PRIORITY": 279, "ICON_MIN_ZOOM_LVL": 16, "ICON_MAX_ZOOM_LVL": 25, "LABEL_MIN_ZOOM_LVL": 16, "LABEL_MAX_ZOOM_LVL": 25, "HERE_ASSET_SHAPE": "circle", "MAP_DISPLAY_FLAG": "yes"}}, {"keys": {"USAGE_FLAG": "Logistics", "BOOLEAN_FLAG": "POI.TransitStop.Monorail"}, "attributes": {"ICON_FAMILY": "TransitStop.Monorail", "ICON_FILE_NAME": "monorail.svg", "HERE_GENERIC_ICONOGRAPHY": "monorail", "HERE_CATEGORY_CLASS": "public-transport", "ICON_GROUP": "Public Transport", "ICON_PRIORITY": 577, "ICON_MIN_ZOOM_LVL": 18, "ICON_MAX_ZOOM_LVL": 25, "LABEL_MIN_ZOOM_LVL": 18, "LABEL_MAX_ZOOM_LVL": 25, "HERE_ASSET_SHAPE": "circle", "MAP_DISPLAY_FLAG": "yes"}}, {"keys": {"BOOLEAN_FLAG": "POI.TransitStop.Monorail", "ISO_COUNTRY_CODE": "JP"}, "attributes": {"ICON_FAMILY": "TransitStop.Monorail", "ICON_FILE_NAME": "monorail.svg", "HERE_GENERIC_ICONOGRAPHY": "monorail", "HERE_CATEGORY_CLASS": "public-transport", "ICON_GROUP": "Japan Public Transport", "ICON_PRIORITY": 113, "ICON_MIN_ZOOM_LVL": 14, "ICON_MAX_ZOOM_LVL": 25, "LABEL_MIN_ZOOM_LVL": 14, "LABEL_MAX_ZOOM_LVL": 25, "HERE_ASSET_SHAPE": "circle", "MAP_DISPLAY_FLAG": "yes"}}, {"keys": {"USAGE_FLAG": "Logistics", "BOOLEAN_FLAG": "POI.TransitStop.Monorail", "ISO_COUNTRY_CODE": "JP"}, "attributes": {"ICON_FAMILY": "TransitStop.Monorail", "ICON_FILE_NAME": "monorail.svg", "HERE_GENERIC_ICONOGRAPHY": "monorail", "HERE_CATEGORY_CLASS": "public-transport", "ICON_GROUP": "Japan Public Transport", "ICON_PRIORITY": 191, "ICON_MIN_ZOOM_LVL": 15, "ICON_MAX_ZOOM_LVL": 25, "LABEL_MIN_ZOOM_LVL": 15, "LABEL_MAX_ZOOM_LVL": 25, "HERE_ASSET_SHAPE": "circle", "MAP_DISPLAY_FLAG": "yes"}}, {"keys": {"BOOLEAN_FLAG": "POI.TransitStop.Regional"}, "attributes": {"ICON_FAMILY": "TransitStop.Regional", "ICON_FILE_NAME": "train.svg", "HERE_GENERIC_ICONOGRAPHY": "train", "HERE_CATEGORY_CLASS": "public-transport", "ICON_GROUP": "Public Transport", "ICON_PRIORITY": 118, "ICON_MIN_ZOOM_LVL": 12.5, "ICON_MAX_ZOOM_LVL": 25, "LABEL_MIN_ZOOM_LVL": 12.5, "LABEL_MAX_ZOOM_LVL": 25, "HERE_ASSET_SHAPE": "circle", "MAP_DISPLAY_FLAG": "yes"}}, {"keys": {"USAGE_FLAG": "Logistics", "BOOLEAN_FLAG": "POI.TransitStop.Regional"}, "attributes": {"ICON_FAMILY": "TransitStop.Regional", "ICON_FILE_NAME": "train.svg", "HERE_GENERIC_ICONOGRAPHY": "train", "HERE_CATEGORY_CLASS": "public-transport", "ICON_GROUP": "Public Transport", "ICON_PRIORITY": 132, "ICON_MIN_ZOOM_LVL": 13.5, "ICON_MAX_ZOOM_LVL": 25, "LABEL_MIN_ZOOM_LVL": 13.5, "LABEL_MAX_ZOOM_LVL": 25, "HERE_ASSET_SHAPE": "circle", "MAP_DISPLAY_FLAG": "yes"}}, {"keys": {"BOOLEAN_FLAG": "POI.TransitStop.Regional", "ISO_COUNTRY_CODE": "JP"}, "attributes": {"ICON_FAMILY": "TransitStop.Regional", "ICON_FILE_NAME": "train.svg", "HERE_GENERIC_ICONOGRAPHY": "train", "HERE_CATEGORY_CLASS": "public-transport", "ICON_GROUP": "Japan Public Transport Railway", "ICON_PRIORITY": 45, "ICON_MIN_ZOOM_LVL": 12, "ICON_MAX_ZOOM_LVL": 25, "LABEL_MIN_ZOOM_LVL": 12, "LABEL_MAX_ZOOM_LVL": 25, "HERE_ASSET_SHAPE": "circle", "MAP_DISPLAY_FLAG": "yes"}}, {"keys": {"BOOLEAN_FLAG": "POI.TransitStop.Suburban"}, "attributes": {"ICON_FAMILY": "TransitStop.Suburban", "ICON_FILE_NAME": "rail-regional.svg", "HERE_GENERIC_ICONOGRAPHY": "rail-regional", "HERE_CATEGORY_CLASS": "public-transport", "ICON_GROUP": "Public Transport", "ICON_PRIORITY": 127, "ICON_MIN_ZOOM_LVL": 13, "ICON_MAX_ZOOM_LVL": 25, "LABEL_MIN_ZOOM_LVL": 13, "LABEL_MAX_ZOOM_LVL": 25, "HERE_ASSET_SHAPE": "circle", "MAP_DISPLAY_FLAG": "yes"}}, {"keys": {"USAGE_FLAG": "Logistics", "BOOLEAN_FLAG": "POI.TransitStop.Suburban"}, "attributes": {"ICON_FAMILY": "TransitStop.Suburban", "ICON_FILE_NAME": "rail-regional.svg", "HERE_GENERIC_ICONOGRAPHY": "rail-regional", "HERE_CATEGORY_CLASS": "public-transport", "ICON_GROUP": "Public Transport", "ICON_PRIORITY": 134, "ICON_MIN_ZOOM_LVL": 13.5, "ICON_MAX_ZOOM_LVL": 25, "LABEL_MIN_ZOOM_LVL": 13.5, "LABEL_MAX_ZOOM_LVL": 25, "HERE_ASSET_SHAPE": "circle", "MAP_DISPLAY_FLAG": "yes"}}, {"keys": {"BOOLEAN_FLAG": "POI.TransitStop.Suburban", "ISO_COUNTRY_CODE": "DE"}, "attributes": {"ICON_FAMILY": "TransitStop.Suburban", "ICON_FILE_NAME": "overground_de.svg", "HERE_GENERIC_ICONOGRAPHY": "rail-regional", "HERE_CATEGORY_CLASS": "public-transport", "ICON_GROUP": "Public Transport", "ICON_PRIORITY": 127, "ICON_MIN_ZOOM_LVL": 13, "ICON_MAX_ZOOM_LVL": 25, "LABEL_MIN_ZOOM_LVL": 13, "LABEL_MAX_ZOOM_LVL": 25, "HERE_ASSET_SHAPE": "special", "MAP_DISPLAY_FLAG": "yes"}}, {"keys": {"USAGE_FLAG": "Logistics", "BOOLEAN_FLAG": "POI.TransitStop.Suburban", "ISO_COUNTRY_CODE": "DE"}, "attributes": {"ICON_FAMILY": "TransitStop.Suburban", "ICON_FILE_NAME": "overground_de.svg", "HERE_GENERIC_ICONOGRAPHY": "rail-regional", "HERE_CATEGORY_CLASS": "public-transport", "ICON_GROUP": "Public Transport", "ICON_PRIORITY": 134, "ICON_MIN_ZOOM_LVL": 13.5, "ICON_MAX_ZOOM_LVL": 25, "LABEL_MIN_ZOOM_LVL": 13.5, "LABEL_MAX_ZOOM_LVL": 25, "HERE_ASSET_SHAPE": "special", "MAP_DISPLAY_FLAG": "yes"}}, {"keys": {"BOOLEAN_FLAG": "POI.TransitStop.Suburban", "ISO_COUNTRY_CODE": "JP"}, "attributes": {"ICON_FAMILY": "TransitStop.Suburban", "ICON_FILE_NAME": "rail-light.svg", "HERE_GENERIC_ICONOGRAPHY": "rail-light", "HERE_CATEGORY_CLASS": "public-transport", "ICON_GROUP": "Japan Public Transport", "ICON_PRIORITY": 111, "ICON_MIN_ZOOM_LVL": 14, "ICON_MAX_ZOOM_LVL": 25, "LABEL_MIN_ZOOM_LVL": 14, "LABEL_MAX_ZOOM_LVL": 25, "HERE_ASSET_SHAPE": "circle", "MAP_DISPLAY_FLAG": "yes"}}, {"keys": {"BOOLEAN_FLAG": "POI.TransitStop.Subway"}, "attributes": {"ICON_FAMILY": "TransitStop.Subway", "ICON_FILE_NAME": "metro.svg", "HERE_GENERIC_ICONOGRAPHY": "metro", "HERE_CATEGORY_CLASS": "public-transport", "ICON_GROUP": "Public Transport", "ICON_PRIORITY": 147, "ICON_MIN_ZOOM_LVL": 14, "ICON_MAX_ZOOM_LVL": 25, "LABEL_MIN_ZOOM_LVL": 14, "LABEL_MAX_ZOOM_LVL": 25, "HERE_ASSET_SHAPE": "circle", "MAP_DISPLAY_FLAG": "yes"}}, {"keys": {"USAGE_FLAG": "Logistics", "BOOLEAN_FLAG": "POI.TransitStop.Subway"}, "attributes": {"ICON_FAMILY": "TransitStop.Subway", "ICON_FILE_NAME": "metro.svg", "HERE_GENERIC_ICONOGRAPHY": "metro", "HERE_CATEGORY_CLASS": "public-transport", "ICON_GROUP": "Public Transport", "ICON_PRIORITY": 275, "ICON_MIN_ZOOM_LVL": 16, "ICON_MAX_ZOOM_LVL": 25, "LABEL_MIN_ZOOM_LVL": 16, "LABEL_MAX_ZOOM_LVL": 25, "HERE_ASSET_SHAPE": "circle", "MAP_DISPLAY_FLAG": "yes"}}, {"keys": {"BOOLEAN_FLAG": "POI.TransitStop.Subway", "ISO_COUNTRY_CODE": "AT"}, "attributes": {"ICON_FAMILY": "TransitStop.Subway", "ICON_FILE_NAME": "metro_at.svg", "HERE_GENERIC_ICONOGRAPHY": "metro", "HERE_CATEGORY_CLASS": "public-transport", "ICON_GROUP": "Public Transport", "ICON_PRIORITY": 147, "ICON_MIN_ZOOM_LVL": 14, "ICON_MAX_ZOOM_LVL": 25, "LABEL_MIN_ZOOM_LVL": 14, "LABEL_MAX_ZOOM_LVL": 25, "HERE_ASSET_SHAPE": "special", "MAP_DISPLAY_FLAG": "yes"}}, {"keys": {"USAGE_FLAG": "Logistics", "BOOLEAN_FLAG": "POI.TransitStop.Subway", "ISO_COUNTRY_CODE": "AT"}, "attributes": {"ICON_FAMILY": "TransitStop.Subway", "ICON_FILE_NAME": "metro_at.svg", "HERE_GENERIC_ICONOGRAPHY": "metro", "HERE_CATEGORY_CLASS": "public-transport", "ICON_GROUP": "Public Transport", "ICON_PRIORITY": 275, "ICON_MIN_ZOOM_LVL": 16, "ICON_MAX_ZOOM_LVL": 25, "LABEL_MIN_ZOOM_LVL": 16, "LABEL_MAX_ZOOM_LVL": 25, "HERE_ASSET_SHAPE": "special", "MAP_DISPLAY_FLAG": "yes"}}, {"keys": {"BOOLEAN_FLAG": "POI.TransitStop.Subway", "ISO_COUNTRY_CODE": "BE"}, "attributes": {"ICON_FAMILY": "TransitStop.Subway", "ICON_FILE_NAME": "metro_be.svg", "HERE_GENERIC_ICONOGRAPHY": "metro", "HERE_CATEGORY_CLASS": "public-transport", "ICON_GROUP": "Public Transport", "ICON_PRIORITY": 147, "ICON_MIN_ZOOM_LVL": 14, "ICON_MAX_ZOOM_LVL": 25, "LABEL_MIN_ZOOM_LVL": 14, "LABEL_MAX_ZOOM_LVL": 25, "HERE_ASSET_SHAPE": "special", "MAP_DISPLAY_FLAG": "yes"}}, {"keys": {"USAGE_FLAG": "Logistics", "BOOLEAN_FLAG": "POI.TransitStop.Subway", "ISO_COUNTRY_CODE": "BE"}, "attributes": {"ICON_FAMILY": "TransitStop.Subway", "ICON_FILE_NAME": "metro_be.svg", "HERE_GENERIC_ICONOGRAPHY": "metro", "HERE_CATEGORY_CLASS": "public-transport", "ICON_GROUP": "Public Transport", "ICON_PRIORITY": 275, "ICON_MIN_ZOOM_LVL": 16, "ICON_MAX_ZOOM_LVL": 25, "LABEL_MIN_ZOOM_LVL": 16, "LABEL_MAX_ZOOM_LVL": 25, "HERE_ASSET_SHAPE": "special", "MAP_DISPLAY_FLAG": "yes"}}, {"keys": {"BOOLEAN_FLAG": "POI.TransitStop.Subway", "ISO_COUNTRY_CODE": "CZ"}, "attributes": {"ICON_FAMILY": "TransitStop.Subway", "ICON_FILE_NAME": "metro_cz.svg", "HERE_GENERIC_ICONOGRAPHY": "metro", "HERE_CATEGORY_CLASS": "public-transport", "ICON_GROUP": "Public Transport", "ICON_PRIORITY": 147, "ICON_MIN_ZOOM_LVL": 14, "ICON_MAX_ZOOM_LVL": 25, "LABEL_MIN_ZOOM_LVL": 14, "LABEL_MAX_ZOOM_LVL": 25, "HERE_ASSET_SHAPE": "special", "MAP_DISPLAY_FLAG": "yes"}}, {"keys": {"USAGE_FLAG": "Logistics", "BOOLEAN_FLAG": "POI.TransitStop.Subway", "ISO_COUNTRY_CODE": "CZ"}, "attributes": {"ICON_FAMILY": "TransitStop.Subway", "ICON_FILE_NAME": "metro_cz.svg", "HERE_GENERIC_ICONOGRAPHY": "metro", "HERE_CATEGORY_CLASS": "public-transport", "ICON_GROUP": "Public Transport", "ICON_PRIORITY": 275, "ICON_MIN_ZOOM_LVL": 16, "ICON_MAX_ZOOM_LVL": 25, "LABEL_MIN_ZOOM_LVL": 16, "LABEL_MAX_ZOOM_LVL": 25, "HERE_ASSET_SHAPE": "special", "MAP_DISPLAY_FLAG": "yes"}}, {"keys": {"BOOLEAN_FLAG": "POI.TransitStop.Subway", "ISO_COUNTRY_CODE": "DE"}, "attributes": {"ICON_FAMILY": "TransitStop.Subway", "ICON_FILE_NAME": "metro_de.svg", "HERE_GENERIC_ICONOGRAPHY": "metro", "HERE_CATEGORY_CLASS": "public-transport", "ICON_GROUP": "Public Transport", "ICON_PRIORITY": 147, "ICON_MIN_ZOOM_LVL": 14, "ICON_MAX_ZOOM_LVL": 25, "LABEL_MIN_ZOOM_LVL": 14, "LABEL_MAX_ZOOM_LVL": 25, "HERE_ASSET_SHAPE": "special", "MAP_DISPLAY_FLAG": "yes"}}, {"keys": {"USAGE_FLAG": "Logistics", "BOOLEAN_FLAG": "POI.TransitStop.Subway", "ISO_COUNTRY_CODE": "DE"}, "attributes": {"ICON_FAMILY": "TransitStop.Subway", "ICON_FILE_NAME": "metro_de.svg", "HERE_GENERIC_ICONOGRAPHY": "metro", "HERE_CATEGORY_CLASS": "public-transport", "ICON_GROUP": "Public Transport", "ICON_PRIORITY": 275, "ICON_MIN_ZOOM_LVL": 16, "ICON_MAX_ZOOM_LVL": 25, "LABEL_MIN_ZOOM_LVL": 16, "LABEL_MAX_ZOOM_LVL": 25, "HERE_ASSET_SHAPE": "special", "MAP_DISPLAY_FLAG": "yes"}}, {"keys": {"BOOLEAN_FLAG": "POI.TransitStop.Subway", "ISO_COUNTRY_CODE": "DK"}, "attributes": {"ICON_FAMILY": "TransitStop.Subway", "ICON_FILE_NAME": "metro_dk.svg", "HERE_GENERIC_ICONOGRAPHY": "metro", "HERE_CATEGORY_CLASS": "public-transport", "ICON_GROUP": "Public Transport", "ICON_PRIORITY": 147, "ICON_MIN_ZOOM_LVL": 14, "ICON_MAX_ZOOM_LVL": 25, "LABEL_MIN_ZOOM_LVL": 14, "LABEL_MAX_ZOOM_LVL": 25, "HERE_ASSET_SHAPE": "special", "MAP_DISPLAY_FLAG": "yes"}}, {"keys": {"USAGE_FLAG": "Logistics", "BOOLEAN_FLAG": "POI.TransitStop.Subway", "ISO_COUNTRY_CODE": "DK"}, "attributes": {"ICON_FAMILY": "TransitStop.Subway", "ICON_FILE_NAME": "metro_dk.svg", "HERE_GENERIC_ICONOGRAPHY": "metro", "HERE_CATEGORY_CLASS": "public-transport", "ICON_GROUP": "Public Transport", "ICON_PRIORITY": 275, "ICON_MIN_ZOOM_LVL": 16, "ICON_MAX_ZOOM_LVL": 25, "LABEL_MIN_ZOOM_LVL": 16, "LABEL_MAX_ZOOM_LVL": 25, "HERE_ASSET_SHAPE": "special", "MAP_DISPLAY_FLAG": "yes"}}, {"keys": {"BOOLEAN_FLAG": "POI.TransitStop.Subway", "ISO_COUNTRY_CODE": "FI"}, "attributes": {"ICON_FAMILY": "TransitStop.Subway", "ICON_FILE_NAME": "metro_fi.svg", "HERE_GENERIC_ICONOGRAPHY": "metro", "HERE_CATEGORY_CLASS": "public-transport", "ICON_GROUP": "Public Transport", "ICON_PRIORITY": 147, "ICON_MIN_ZOOM_LVL": 14, "ICON_MAX_ZOOM_LVL": 25, "LABEL_MIN_ZOOM_LVL": 14, "LABEL_MAX_ZOOM_LVL": 25, "HERE_ASSET_SHAPE": "special", "MAP_DISPLAY_FLAG": "yes"}}, {"keys": {"USAGE_FLAG": "Logistics", "BOOLEAN_FLAG": "POI.TransitStop.Subway", "ISO_COUNTRY_CODE": "FI"}, "attributes": {"ICON_FAMILY": "TransitStop.Subway", "ICON_FILE_NAME": "metro_fi.svg", "HERE_GENERIC_ICONOGRAPHY": "metro", "HERE_CATEGORY_CLASS": "public-transport", "ICON_GROUP": "Public Transport", "ICON_PRIORITY": 275, "ICON_MIN_ZOOM_LVL": 16, "ICON_MAX_ZOOM_LVL": 25, "LABEL_MIN_ZOOM_LVL": 16, "LABEL_MAX_ZOOM_LVL": 25, "HERE_ASSET_SHAPE": "special", "MAP_DISPLAY_FLAG": "yes"}}, {"keys": {"BOOLEAN_FLAG": "POI.TransitStop.Subway", "ISO_COUNTRY_CODE": "HK"}, "attributes": {"ICON_FAMILY": "TransitStop.Subway", "ICON_FILE_NAME": "metro_hk.svg", "HERE_GENERIC_ICONOGRAPHY": "metro", "HERE_CATEGORY_CLASS": "public-transport", "ICON_GROUP": "Public Transport", "ICON_PRIORITY": 147, "ICON_MIN_ZOOM_LVL": 14, "ICON_MAX_ZOOM_LVL": 25, "LABEL_MIN_ZOOM_LVL": 14, "LABEL_MAX_ZOOM_LVL": 25, "HERE_ASSET_SHAPE": "special", "MAP_DISPLAY_FLAG": "yes"}}, {"keys": {"USAGE_FLAG": "Logistics", "BOOLEAN_FLAG": "POI.TransitStop.Subway", "ISO_COUNTRY_CODE": "HK"}, "attributes": {"ICON_FAMILY": "TransitStop.Subway", "ICON_FILE_NAME": "metro_hk.svg", "HERE_GENERIC_ICONOGRAPHY": "metro", "HERE_CATEGORY_CLASS": "public-transport", "ICON_GROUP": "Public Transport", "ICON_PRIORITY": 275, "ICON_MIN_ZOOM_LVL": 16, "ICON_MAX_ZOOM_LVL": 25, "LABEL_MIN_ZOOM_LVL": 16, "LABEL_MAX_ZOOM_LVL": 25, "HERE_ASSET_SHAPE": "special", "MAP_DISPLAY_FLAG": "yes"}}, {"keys": {"BOOLEAN_FLAG": "POI.TransitStop.Subway", "ISO_COUNTRY_CODE": "IT"}, "attributes": {"ICON_FAMILY": "TransitStop.Subway", "ICON_FILE_NAME": "metro_it.svg", "HERE_GENERIC_ICONOGRAPHY": "metro", "HERE_CATEGORY_CLASS": "public-transport", "ICON_GROUP": "Public Transport", "ICON_PRIORITY": 147, "ICON_MIN_ZOOM_LVL": 14, "ICON_MAX_ZOOM_LVL": 25, "LABEL_MIN_ZOOM_LVL": 14, "LABEL_MAX_ZOOM_LVL": 25, "HERE_ASSET_SHAPE": "special", "MAP_DISPLAY_FLAG": "yes"}}, {"keys": {"USAGE_FLAG": "Logistics", "BOOLEAN_FLAG": "POI.TransitStop.Subway", "ISO_COUNTRY_CODE": "IT"}, "attributes": {"ICON_FAMILY": "TransitStop.Subway", "ICON_FILE_NAME": "metro_it.svg", "HERE_GENERIC_ICONOGRAPHY": "metro", "HERE_CATEGORY_CLASS": "public-transport", "ICON_GROUP": "Public Transport", "ICON_PRIORITY": 275, "ICON_MIN_ZOOM_LVL": 16, "ICON_MAX_ZOOM_LVL": 25, "LABEL_MIN_ZOOM_LVL": 16, "LABEL_MAX_ZOOM_LVL": 25, "HERE_ASSET_SHAPE": "special", "MAP_DISPLAY_FLAG": "yes"}}, {"keys": {"BOOLEAN_FLAG": "POI.TransitStop.Subway", "ISO_COUNTRY_CODE": "JP"}, "attributes": {"ICON_FAMILY": "TransitStop.Subway", "ICON_FILE_NAME": "metro.svg", "HERE_GENERIC_ICONOGRAPHY": "metro", "HERE_CATEGORY_CLASS": "public-transport", "ICON_GROUP": "Japan Public Transport", "ICON_PRIORITY": 51, "ICON_MIN_ZOOM_LVL": 13, "ICON_MAX_ZOOM_LVL": 25, "LABEL_MIN_ZOOM_LVL": 13, "LABEL_MAX_ZOOM_LVL": 25, "HERE_ASSET_SHAPE": "circle", "MAP_DISPLAY_FLAG": "yes"}}, {"keys": {"USAGE_FLAG": "Logistics", "BOOLEAN_FLAG": "POI.TransitStop.Subway", "ISO_COUNTRY_CODE": "JP"}, "attributes": {"ICON_FAMILY": "TransitStop.Subway", "ICON_FILE_NAME": "metro.svg", "HERE_GENERIC_ICONOGRAPHY": "metro", "HERE_CATEGORY_CLASS": "public-transport", "ICON_GROUP": "Japan Public Transport", "ICON_PRIORITY": 108, "ICON_MIN_ZOOM_LVL": 15, "ICON_MAX_ZOOM_LVL": 25, "LABEL_MIN_ZOOM_LVL": 15, "LABEL_MAX_ZOOM_LVL": 25, "HERE_ASSET_SHAPE": "circle", "MAP_DISPLAY_FLAG": "yes"}}, {"keys": {"BOOLEAN_FLAG": "POI.TransitStop.Subway", "ISO_COUNTRY_CODE": "NO"}, "attributes": {"ICON_FAMILY": "TransitStop.Subway", "ICON_FILE_NAME": "metro_no.svg", "HERE_GENERIC_ICONOGRAPHY": "metro", "HERE_CATEGORY_CLASS": "public-transport", "ICON_GROUP": "Public Transport", "ICON_PRIORITY": 147, "ICON_MIN_ZOOM_LVL": 14, "ICON_MAX_ZOOM_LVL": 25, "LABEL_MIN_ZOOM_LVL": 14, "LABEL_MAX_ZOOM_LVL": 25, "HERE_ASSET_SHAPE": "special", "MAP_DISPLAY_FLAG": "yes"}}, {"keys": {"USAGE_FLAG": "Logistics", "BOOLEAN_FLAG": "POI.TransitStop.Subway", "ISO_COUNTRY_CODE": "NO"}, "attributes": {"ICON_FAMILY": "TransitStop.Subway", "ICON_FILE_NAME": "metro_no.svg", "HERE_GENERIC_ICONOGRAPHY": "metro", "HERE_CATEGORY_CLASS": "public-transport", "ICON_GROUP": "Public Transport", "ICON_PRIORITY": 275, "ICON_MIN_ZOOM_LVL": 16, "ICON_MAX_ZOOM_LVL": 25, "LABEL_MIN_ZOOM_LVL": 16, "LABEL_MAX_ZOOM_LVL": 25, "HERE_ASSET_SHAPE": "special", "MAP_DISPLAY_FLAG": "yes"}}, {"keys": {"BOOLEAN_FLAG": "POI.TransitStop.Subway", "ISO_COUNTRY_CODE": "SE"}, "attributes": {"ICON_FAMILY": "TransitStop.Subway", "ICON_FILE_NAME": "metro_se.svg", "HERE_GENERIC_ICONOGRAPHY": "metro", "HERE_CATEGORY_CLASS": "public-transport", "ICON_GROUP": "Public Transport", "ICON_PRIORITY": 147, "ICON_MIN_ZOOM_LVL": 14, "ICON_MAX_ZOOM_LVL": 25, "LABEL_MIN_ZOOM_LVL": 14, "LABEL_MAX_ZOOM_LVL": 25, "HERE_ASSET_SHAPE": "special", "MAP_DISPLAY_FLAG": "yes"}}, {"keys": {"USAGE_FLAG": "Logistics", "BOOLEAN_FLAG": "POI.TransitStop.Subway", "ISO_COUNTRY_CODE": "SE"}, "attributes": {"ICON_FAMILY": "TransitStop.Subway", "ICON_FILE_NAME": "metro_se.svg", "HERE_GENERIC_ICONOGRAPHY": "metro", "HERE_CATEGORY_CLASS": "public-transport", "ICON_GROUP": "Public Transport", "ICON_PRIORITY": 275, "ICON_MIN_ZOOM_LVL": 16, "ICON_MAX_ZOOM_LVL": 25, "LABEL_MIN_ZOOM_LVL": 16, "LABEL_MAX_ZOOM_LVL": 25, "HERE_ASSET_SHAPE": "special", "MAP_DISPLAY_FLAG": "yes"}}, {"keys": {"BOOLEAN_FLAG": "POI.TransitStop.Touristic"}, "attributes": {"ICON_FAMILY": "TransitStop.Touristic", "ICON_FILE_NAME": "rail-regional.svg", "HERE_GENERIC_ICONOGRAPHY": "rail-regional", "HERE_CATEGORY_CLASS": "public-transport", "ICON_GROUP": "Public Transport", "ICON_PRIORITY": 149, "ICON_MIN_ZOOM_LVL": 14, "ICON_MAX_ZOOM_LVL": 25, "LABEL_MIN_ZOOM_LVL": 14, "LABEL_MAX_ZOOM_LVL": 25, "HERE_ASSET_SHAPE": "circle", "MAP_DISPLAY_FLAG": "yes"}}, {"keys": {"USAGE_FLAG": "Logistics", "BOOLEAN_FLAG": "POI.TransitStop.Touristic"}, "attributes": {"ICON_FAMILY": "TransitStop.Touristic", "ICON_FILE_NAME": "rail-regional.svg", "HERE_GENERIC_ICONOGRAPHY": "rail-regional", "HERE_CATEGORY_CLASS": "public-transport", "ICON_GROUP": "Public Transport", "ICON_PRIORITY": 275, "ICON_MIN_ZOOM_LVL": 16, "ICON_MAX_ZOOM_LVL": 25, "LABEL_MIN_ZOOM_LVL": 16, "LABEL_MAX_ZOOM_LVL": 25, "HERE_ASSET_SHAPE": "circle", "MAP_DISPLAY_FLAG": "yes"}}, {"keys": {"BOOLEAN_FLAG": "POI.TransitStop.Train"}, "attributes": {"ICON_FAMILY": "TransitStop.Train", "ICON_FILE_NAME": "rail-regional.svg", "HERE_GENERIC_ICONOGRAPHY": "rail-regional", "HERE_CATEGORY_CLASS": "public-transport", "ICON_GROUP": "Public Transport", "ICON_PRIORITY": 128, "ICON_MIN_ZOOM_LVL": 13, "ICON_MAX_ZOOM_LVL": 25, "LABEL_MIN_ZOOM_LVL": 13, "LABEL_MAX_ZOOM_LVL": 25, "HERE_ASSET_SHAPE": "circle", "MAP_DISPLAY_FLAG": "yes"}}, {"keys": {"BOOLEAN_FLAG": "POI.TransitStop.Tram"}, "attributes": {"ICON_FAMILY": "TransitStop.Tram", "ICON_FILE_NAME": "rail-light.svg", "HERE_GENERIC_ICONOGRAPHY": "rail-light", "HERE_CATEGORY_CLASS": "public-transport", "ICON_GROUP": "Public Transport", "ICON_PRIORITY": 277, "ICON_MIN_ZOOM_LVL": 16, "ICON_MAX_ZOOM_LVL": 25, "LABEL_MIN_ZOOM_LVL": 16, "LABEL_MAX_ZOOM_LVL": 25, "HERE_ASSET_SHAPE": "circle", "MAP_DISPLAY_FLAG": "yes"}}, {"keys": {"USAGE_FLAG": "Logistics", "BOOLEAN_FLAG": "POI.TransitStop.Tram"}, "attributes": {"ICON_FAMILY": "TransitStop.Tram", "ICON_FILE_NAME": "rail-light.svg", "HERE_GENERIC_ICONOGRAPHY": "rail-light", "HERE_CATEGORY_CLASS": "public-transport", "ICON_GROUP": "Public Transport", "ICON_PRIORITY": 577, "ICON_MIN_ZOOM_LVL": 18, "ICON_MAX_ZOOM_LVL": 25, "LABEL_MIN_ZOOM_LVL": 18, "LABEL_MAX_ZOOM_LVL": 25, "HERE_ASSET_SHAPE": "circle", "MAP_DISPLAY_FLAG": "yes"}}, {"keys": {"BOOLEAN_FLAG": "POI.TransitStop.Tram", "ISO_COUNTRY_CODE": "JP"}, "attributes": {"ICON_FAMILY": "TransitStop.Tram", "ICON_FILE_NAME": "rail-light.svg", "HERE_GENERIC_ICONOGRAPHY": "rail-light", "HERE_CATEGORY_CLASS": "public-transport", "ICON_GROUP": "Japan Public Transport", "ICON_PRIORITY": 71, "ICON_MIN_ZOOM_LVL": 14, "ICON_MAX_ZOOM_LVL": 25, "LABEL_MIN_ZOOM_LVL": 14, "LABEL_MAX_ZOOM_LVL": 25, "HERE_ASSET_SHAPE": "circle", "MAP_DISPLAY_FLAG": "yes"}}, {"keys": {"USAGE_FLAG": "Logistics", "BOOLEAN_FLAG": "POI.TransitStop.Tram", "ISO_COUNTRY_CODE": "JP"}, "attributes": {"ICON_FAMILY": "TransitStop.Tram", "ICON_FILE_NAME": "rail-light.svg", "HERE_GENERIC_ICONOGRAPHY": "rail-light", "HERE_CATEGORY_CLASS": "public-transport", "ICON_GROUP": "Japan Public Transport", "ICON_PRIORITY": 190, "ICON_MIN_ZOOM_LVL": 15, "ICON_MAX_ZOOM_LVL": 25, "LABEL_MIN_ZOOM_LVL": 15, "LABEL_MAX_ZOOM_LVL": 25, "HERE_ASSET_SHAPE": "circle", "MAP_DISPLAY_FLAG": "yes"}}, {"keys": {"BOOLEAN_FLAG": "POI.TransitStop.TramTouristic"}, "attributes": {"ICON_FAMILY": "TransitStop.TramTouristic", "ICON_FILE_NAME": "rail-light.svg", "HERE_GENERIC_ICONOGRAPHY": "rail-light", "HERE_CATEGORY_CLASS": "public-transport", "ICON_GROUP": "Public Transport", "ICON_PRIORITY": 277, "ICON_MIN_ZOOM_LVL": 16, "ICON_MAX_ZOOM_LVL": 25, "LABEL_MIN_ZOOM_LVL": 16, "LABEL_MAX_ZOOM_LVL": 25, "HERE_ASSET_SHAPE": "circle", "MAP_DISPLAY_FLAG": "yes"}}, {"keys": {"USAGE_FLAG": "Logistics", "BOOLEAN_FLAG": "POI.TransitStop.TramTouristic"}, "attributes": {"ICON_FAMILY": "TransitStop.TramTouristic", "ICON_FILE_NAME": "rail-light.svg", "HERE_GENERIC_ICONOGRAPHY": "rail-light", "HERE_CATEGORY_CLASS": "public-transport", "ICON_GROUP": "Public Transport", "ICON_PRIORITY": 577, "ICON_MIN_ZOOM_LVL": 18, "ICON_MAX_ZOOM_LVL": 25, "LABEL_MIN_ZOOM_LVL": 18, "LABEL_MAX_ZOOM_LVL": 25, "HERE_ASSET_SHAPE": "circle", "MAP_DISPLAY_FLAG": "yes"}}, {"keys": {"BOOLEAN_FLAG": "POI.TransitStop.TramTouristic", "ISO_COUNTRY_CODE": "JP"}, "attributes": {"ICON_FAMILY": "TransitStop.TramTouristic", "ICON_FILE_NAME": "rail-light.svg", "HERE_GENERIC_ICONOGRAPHY": "rail-light", "HERE_CATEGORY_CLASS": "public-transport", "ICON_GROUP": "Japan Public Transport", "ICON_PRIORITY": 71, "ICON_MIN_ZOOM_LVL": 14, "ICON_MAX_ZOOM_LVL": 25, "LABEL_MIN_ZOOM_LVL": 14, "LABEL_MAX_ZOOM_LVL": 25, "HERE_ASSET_SHAPE": "circle", "MAP_DISPLAY_FLAG": "yes"}}, {"keys": {"USAGE_FLAG": "Logistics", "BOOLEAN_FLAG": "POI.TransitStop.TramTouristic", "ISO_COUNTRY_CODE": "JP"}, "attributes": {"ICON_FAMILY": "TransitStop.TramTouristic", "ICON_FILE_NAME": "rail-light.svg", "HERE_GENERIC_ICONOGRAPHY": "rail-light", "HERE_CATEGORY_CLASS": "public-transport", "ICON_GROUP": "Japan Public Transport", "ICON_PRIORITY": 190, "ICON_MIN_ZOOM_LVL": 15, "ICON_MAX_ZOOM_LVL": 25, "LABEL_MIN_ZOOM_LVL": 15, "LABEL_MAX_ZOOM_LVL": 25, "HERE_ASSET_SHAPE": "circle", "MAP_DISPLAY_FLAG": "yes"}}, {"keys": {"BOOLEAN_FLAG": "POI.TransitStop.Trolleybus"}, "attributes": {"ICON_FAMILY": "TransitStop.Trolleybus", "ICON_FILE_NAME": "bus.svg", "HERE_GENERIC_ICONOGRAPHY": "bus", "HERE_CATEGORY_CLASS": "public-transport", "ICON_GROUP": "Public Transport", "ICON_PRIORITY": 473, "ICON_MIN_ZOOM_LVL": 18, "ICON_MAX_ZOOM_LVL": 25, "LABEL_MIN_ZOOM_LVL": 0, "LABEL_MAX_ZOOM_LVL": 0, "HERE_ASSET_SHAPE": "circle", "MAP_DISPLAY_FLAG": "yes"}}, {"keys": {"BOOLEAN_FLAG": "POI.TransitStop.WaterTransit"}, "attributes": {"ICON_FAMILY": "TransitStop.WaterTransit", "ICON_FILE_NAME": "ferry.svg", "HERE_GENERIC_ICONOGRAPHY": "ferry", "HERE_CATEGORY_CLASS": "public-transport", "ICON_GROUP": "Public Transport", "ICON_PRIORITY": 165, "ICON_MIN_ZOOM_LVL": 15, "ICON_MAX_ZOOM_LVL": 25, "LABEL_MIN_ZOOM_LVL": 15, "LABEL_MAX_ZOOM_LVL": 25, "HERE_ASSET_SHAPE": "circle", "MAP_DISPLAY_FLAG": "yes"}}, {"keys": {"USAGE_FLAG": "Logistics", "BOOLEAN_FLAG": "POI.TransitStop.WaterTransit"}, "attributes": {"ICON_FAMILY": "TransitStop.WaterTransit", "ICON_FILE_NAME": "ferry.svg", "HERE_GENERIC_ICONOGRAPHY": "ferry", "HERE_CATEGORY_CLASS": "public-transport", "ICON_GROUP": "Public Transport", "ICON_PRIORITY": 425, "ICON_MIN_ZOOM_LVL": 18, "ICON_MAX_ZOOM_LVL": 25, "LABEL_MIN_ZOOM_LVL": 18, "LABEL_MAX_ZOOM_LVL": 25, "HERE_ASSET_SHAPE": "circle", "MAP_DISPLAY_FLAG": "yes"}}]], "POI.PT.Icon.TransitStopAerial.Key.BooleanFlag": ["case", ["ref", "Is.POI.TransitStop.Aerial"], "POI.TransitStop.Aerial", null], "POI.PT.Icon.TransitStopAerial.Key.UsageFlag": ["case", ["ref", "Is.Logistics"], "Logistics", null], "POI.PT.Icon.TransitStopAerial.Lookup": ["lookup", ["ref", "Poi.Pt.Icon.Masterlist"], "USAGE_FLAG", ["ref", "POI.PT.Icon.TransitStopAerial.Key.UsageFlag"], "BOOLEAN_FLAG", ["ref", "POI.PT.Icon.TransitStopAerial.Key.BooleanFlag"], "ISO_COUNTRY_CODE", ["ref", "IsoCountryCode"]], "POI.PT.Icon.TransitStopAerial.Lookup.HereAssetShape": ["get", "HERE_ASSET_SHAPE", ["ref", "POI.PT.Icon.TransitStopAerial.Lookup"]], "POI.PT.Icon.TransitStopAerial.Lookup.HereCategoryClass": ["get", "HERE_CATEGORY_CLASS", ["ref", "POI.PT.Icon.TransitStopAerial.Lookup"]], "POI.PT.Icon.TransitStopAerial.Lookup.HereGenericIconography": ["get", "HERE_GENERIC_ICONOGRAPHY", ["ref", "POI.PT.Icon.TransitStopAerial.Lookup"]], "POI.PT.Icon.TransitStopAerial.Lookup.IconFamily": ["get", "ICON_FAMILY", ["ref", "POI.PT.Icon.TransitStopAerial.Lookup"]], "POI.PT.Icon.TransitStopAerial.Lookup.FileName": ["get", "ICON_FILE_NAME", ["ref", "POI.PT.Icon.TransitStopAerial.Lookup"]], "POI.PT.Icon.TransitStopAerial.Lookup.Group": ["get", "ICON_GROUP", ["ref", "POI.PT.Icon.TransitStopAerial.Lookup"]], "POI.PT.Icon.TransitStopAerial.Lookup.IconMaxLevel": ["get", "ICON_MAX_ZOOM_LVL", ["ref", "POI.PT.Icon.TransitStopAerial.Lookup"]], "POI.PT.Icon.TransitStopAerial.Lookup.IconMinLevel": ["get", "ICON_MIN_ZOOM_LVL", ["ref", "POI.PT.Icon.TransitStopAerial.Lookup"]], "POI.PT.Icon.TransitStopAerial.Lookup.Priority": ["get", "ICON_PRIORITY", ["ref", "POI.PT.Icon.TransitStopAerial.Lookup"]], "POI.PT.Icon.TransitStopAerial.Lookup.TextMaxLevel": ["get", "LABEL_MAX_ZOOM_LVL", ["ref", "POI.PT.Icon.TransitStopAerial.Lookup"]], "POI.PT.Icon.TransitStopAerial.Lookup.TextMinLevel": ["get", "LABEL_MIN_ZOOM_LVL", ["ref", "POI.PT.Icon.TransitStopAerial.Lookup"]], "POI.PT.Icon.TransitStopAerial.Lookup.MapDisplayFlag": ["get", "MAP_DISPLAY_FLAG", ["ref", "POI.PT.Icon.TransitStopAerial.Lookup"]], "POI.PT.Icon.TransitStopAirportTerminal.Key.BooleanFlag": ["case", ["ref", "Is.POI.TransitStop.AirportTerminal"], "POI.TransitStop.AirportTerminal", null], "POI.PT.Icon.TransitStopAirportTerminal.Key.UsageFlag": ["case", ["ref", "Is.Logistics"], "Logistics", null], "POI.PT.Icon.TransitStopAirportTerminal.Lookup": ["lookup", ["ref", "Poi.Pt.Icon.Masterlist"], "USAGE_FLAG", ["ref", "POI.PT.Icon.TransitStopAirportTerminal.Key.UsageFlag"], "BOOLEAN_FLAG", ["ref", "POI.PT.Icon.TransitStopAirportTerminal.Key.BooleanFlag"], "ISO_COUNTRY_CODE", ["ref", "IsoCountryCode"]], "POI.PT.Icon.TransitStopAirportTerminal.Lookup.HereAssetShape": ["get", "HERE_ASSET_SHAPE", ["ref", "POI.PT.Icon.TransitStopAirportTerminal.Lookup"]], "POI.PT.Icon.TransitStopAirportTerminal.Lookup.HereCategoryClass": ["get", "HERE_CATEGORY_CLASS", ["ref", "POI.PT.Icon.TransitStopAirportTerminal.Lookup"]], "POI.PT.Icon.TransitStopAirportTerminal.Lookup.HereGenericIconography": ["get", "HERE_GENERIC_ICONOGRAPHY", ["ref", "POI.PT.Icon.TransitStopAirportTerminal.Lookup"]], "POI.PT.Icon.TransitStopAirportTerminal.Lookup.IconFamily": ["get", "ICON_FAMILY", ["ref", "POI.PT.Icon.TransitStopAirportTerminal.Lookup"]], "POI.PT.Icon.TransitStopAirportTerminal.Lookup.FileName": ["get", "ICON_FILE_NAME", ["ref", "POI.PT.Icon.TransitStopAirportTerminal.Lookup"]], "POI.PT.Icon.TransitStopAirportTerminal.Lookup.Group": ["get", "ICON_GROUP", ["ref", "POI.PT.Icon.TransitStopAirportTerminal.Lookup"]], "POI.PT.Icon.TransitStopAirportTerminal.Lookup.IconMaxLevel": ["get", "ICON_MAX_ZOOM_LVL", ["ref", "POI.PT.Icon.TransitStopAirportTerminal.Lookup"]], "POI.PT.Icon.TransitStopAirportTerminal.Lookup.IconMinLevel": ["get", "ICON_MIN_ZOOM_LVL", ["ref", "POI.PT.Icon.TransitStopAirportTerminal.Lookup"]], "POI.PT.Icon.TransitStopAirportTerminal.Lookup.Priority": ["get", "ICON_PRIORITY", ["ref", "POI.PT.Icon.TransitStopAirportTerminal.Lookup"]], "POI.PT.Icon.TransitStopAirportTerminal.Lookup.TextMaxLevel": ["get", "LABEL_MAX_ZOOM_LVL", ["ref", "POI.PT.Icon.TransitStopAirportTerminal.Lookup"]], "POI.PT.Icon.TransitStopAirportTerminal.Lookup.TextMinLevel": ["get", "LABEL_MIN_ZOOM_LVL", ["ref", "POI.PT.Icon.TransitStopAirportTerminal.Lookup"]], "POI.PT.Icon.TransitStopAirportTerminal.Lookup.MapDisplayFlag": ["get", "MAP_DISPLAY_FLAG", ["ref", "POI.PT.Icon.TransitStopAirportTerminal.Lookup"]], "POI.PT.Icon.TransitStopBus.Key.BooleanFlag": ["case", ["ref", "Is.POI.TransitStop.Bus"], "POI.TransitStop.Bus", null], "POI.PT.Icon.TransitStopBus.Lookup": ["lookup", ["ref", "Poi.Pt.Icon.Masterlist"], "BOOLEAN_FLAG", ["ref", "POI.PT.Icon.TransitStopBus.Key.BooleanFlag"], "ISO_COUNTRY_CODE", ["ref", "IsoCountryCode"]], "POI.PT.Icon.TransitStopBus.Lookup.HereAssetShape": ["get", "HERE_ASSET_SHAPE", ["ref", "POI.PT.Icon.TransitStopBus.Lookup"]], "POI.PT.Icon.TransitStopBus.Lookup.HereCategoryClass": ["get", "HERE_CATEGORY_CLASS", ["ref", "POI.PT.Icon.TransitStopBus.Lookup"]], "POI.PT.Icon.TransitStopBus.Lookup.HereGenericIconography": ["get", "HERE_GENERIC_ICONOGRAPHY", ["ref", "POI.PT.Icon.TransitStopBus.Lookup"]], "POI.PT.Icon.TransitStopBus.Lookup.IconFamily": ["get", "ICON_FAMILY", ["ref", "POI.PT.Icon.TransitStopBus.Lookup"]], "POI.PT.Icon.TransitStopBus.Lookup.FileName": ["get", "ICON_FILE_NAME", ["ref", "POI.PT.Icon.TransitStopBus.Lookup"]], "POI.PT.Icon.TransitStopBus.Lookup.Group": ["get", "ICON_GROUP", ["ref", "POI.PT.Icon.TransitStopBus.Lookup"]], "POI.PT.Icon.TransitStopBus.Lookup.IconMaxLevel": ["get", "ICON_MAX_ZOOM_LVL", ["ref", "POI.PT.Icon.TransitStopBus.Lookup"]], "POI.PT.Icon.TransitStopBus.Lookup.IconMinLevel": ["get", "ICON_MIN_ZOOM_LVL", ["ref", "POI.PT.Icon.TransitStopBus.Lookup"]], "POI.PT.Icon.TransitStopBus.Lookup.Priority": ["get", "ICON_PRIORITY", ["ref", "POI.PT.Icon.TransitStopBus.Lookup"]], "POI.PT.Icon.TransitStopBus.Lookup.TextMaxLevel": ["get", "LABEL_MAX_ZOOM_LVL", ["ref", "POI.PT.Icon.TransitStopBus.Lookup"]], "POI.PT.Icon.TransitStopBus.Lookup.TextMinLevel": ["get", "LABEL_MIN_ZOOM_LVL", ["ref", "POI.PT.Icon.TransitStopBus.Lookup"]], "POI.PT.Icon.TransitStopBus.Lookup.MapDisplayFlag": ["get", "MAP_DISPLAY_FLAG", ["ref", "POI.PT.Icon.TransitStopBus.Lookup"]], "POI.PT.Icon.TransitStopBusStation.Key.BooleanFlag": ["case", ["ref", "Is.POI.TransitStop.BusStation"], "POI.TransitStop.BusStation", null], "POI.PT.Icon.TransitStopBusStation.Lookup": ["lookup", ["ref", "Poi.Pt.Icon.Masterlist"], "BOOLEAN_FLAG", ["ref", "POI.PT.Icon.TransitStopBusStation.Key.BooleanFlag"], "ISO_COUNTRY_CODE", ["ref", "IsoCountryCode"]], "POI.PT.Icon.TransitStopBusStation.Lookup.HereAssetShape": ["get", "HERE_ASSET_SHAPE", ["ref", "POI.PT.Icon.TransitStopBusStation.Lookup"]], "POI.PT.Icon.TransitStopBusStation.Lookup.HereCategoryClass": ["get", "HERE_CATEGORY_CLASS", ["ref", "POI.PT.Icon.TransitStopBusStation.Lookup"]], "POI.PT.Icon.TransitStopBusStation.Lookup.HereGenericIconography": ["get", "HERE_GENERIC_ICONOGRAPHY", ["ref", "POI.PT.Icon.TransitStopBusStation.Lookup"]], "POI.PT.Icon.TransitStopBusStation.Lookup.IconFamily": ["get", "ICON_FAMILY", ["ref", "POI.PT.Icon.TransitStopBusStation.Lookup"]], "POI.PT.Icon.TransitStopBusStation.Lookup.FileName": ["get", "ICON_FILE_NAME", ["ref", "POI.PT.Icon.TransitStopBusStation.Lookup"]], "POI.PT.Icon.TransitStopBusStation.Lookup.Group": ["get", "ICON_GROUP", ["ref", "POI.PT.Icon.TransitStopBusStation.Lookup"]], "POI.PT.Icon.TransitStopBusStation.Lookup.IconMaxLevel": ["get", "ICON_MAX_ZOOM_LVL", ["ref", "POI.PT.Icon.TransitStopBusStation.Lookup"]], "POI.PT.Icon.TransitStopBusStation.Lookup.IconMinLevel": ["get", "ICON_MIN_ZOOM_LVL", ["ref", "POI.PT.Icon.TransitStopBusStation.Lookup"]], "POI.PT.Icon.TransitStopBusStation.Lookup.Priority": ["get", "ICON_PRIORITY", ["ref", "POI.PT.Icon.TransitStopBusStation.Lookup"]], "POI.PT.Icon.TransitStopBusStation.Lookup.TextMaxLevel": ["get", "LABEL_MAX_ZOOM_LVL", ["ref", "POI.PT.Icon.TransitStopBusStation.Lookup"]], "POI.PT.Icon.TransitStopBusStation.Lookup.TextMinLevel": ["get", "LABEL_MIN_ZOOM_LVL", ["ref", "POI.PT.Icon.TransitStopBusStation.Lookup"]], "POI.PT.Icon.TransitStopBusStation.Lookup.MapDisplayFlag": ["get", "MAP_DISPLAY_FLAG", ["ref", "POI.PT.Icon.TransitStopBusStation.Lookup"]], "POI.PT.Icon.TransitStopFerry.Key.BooleanFlag": ["case", ["ref", "Is.POI.TransitStop.Ferry"], "POI.TransitStop.Ferry", null], "POI.PT.Icon.TransitStopFerry.Key.UsageFlag": ["case", ["ref", "Is.Logistics"], "Logistics", null], "POI.PT.Icon.TransitStopFerry.Lookup": ["lookup", ["ref", "Poi.Pt.Icon.Masterlist"], "USAGE_FLAG", ["ref", "POI.PT.Icon.TransitStopFerry.Key.UsageFlag"], "BOOLEAN_FLAG", ["ref", "POI.PT.Icon.TransitStopFerry.Key.BooleanFlag"], "ISO_COUNTRY_CODE", ["ref", "IsoCountryCode"]], "POI.PT.Icon.TransitStopFerry.Lookup.HereAssetShape": ["get", "HERE_ASSET_SHAPE", ["ref", "POI.PT.Icon.TransitStopFerry.Lookup"]], "POI.PT.Icon.TransitStopFerry.Lookup.HereCategoryClass": ["get", "HERE_CATEGORY_CLASS", ["ref", "POI.PT.Icon.TransitStopFerry.Lookup"]], "POI.PT.Icon.TransitStopFerry.Lookup.HereGenericIconography": ["get", "HERE_GENERIC_ICONOGRAPHY", ["ref", "POI.PT.Icon.TransitStopFerry.Lookup"]], "POI.PT.Icon.TransitStopFerry.Lookup.IconFamily": ["get", "ICON_FAMILY", ["ref", "POI.PT.Icon.TransitStopFerry.Lookup"]], "POI.PT.Icon.TransitStopFerry.Lookup.FileName": ["get", "ICON_FILE_NAME", ["ref", "POI.PT.Icon.TransitStopFerry.Lookup"]], "POI.PT.Icon.TransitStopFerry.Lookup.Group": ["get", "ICON_GROUP", ["ref", "POI.PT.Icon.TransitStopFerry.Lookup"]], "POI.PT.Icon.TransitStopFerry.Lookup.IconMaxLevel": ["get", "ICON_MAX_ZOOM_LVL", ["ref", "POI.PT.Icon.TransitStopFerry.Lookup"]], "POI.PT.Icon.TransitStopFerry.Lookup.IconMinLevel": ["get", "ICON_MIN_ZOOM_LVL", ["ref", "POI.PT.Icon.TransitStopFerry.Lookup"]], "POI.PT.Icon.TransitStopFerry.Lookup.Priority": ["get", "ICON_PRIORITY", ["ref", "POI.PT.Icon.TransitStopFerry.Lookup"]], "POI.PT.Icon.TransitStopFerry.Lookup.TextMaxLevel": ["get", "LABEL_MAX_ZOOM_LVL", ["ref", "POI.PT.Icon.TransitStopFerry.Lookup"]], "POI.PT.Icon.TransitStopFerry.Lookup.TextMinLevel": ["get", "LABEL_MIN_ZOOM_LVL", ["ref", "POI.PT.Icon.TransitStopFerry.Lookup"]], "POI.PT.Icon.TransitStopFerry.Lookup.MapDisplayFlag": ["get", "MAP_DISPLAY_FLAG", ["ref", "POI.PT.Icon.TransitStopFerry.Lookup"]], "POI.PT.Icon.TransitStopFunicular.Key.BooleanFlag": ["case", ["ref", "Is.POI.TransitStop.Funicular"], "POI.TransitStop.Funicular", null], "POI.PT.Icon.TransitStopFunicular.Key.UsageFlag": ["case", ["ref", "Is.Logistics"], "Logistics", null], "POI.PT.Icon.TransitStopFunicular.Lookup": ["lookup", ["ref", "Poi.Pt.Icon.Masterlist"], "USAGE_FLAG", ["ref", "POI.PT.Icon.TransitStopFunicular.Key.UsageFlag"], "BOOLEAN_FLAG", ["ref", "POI.PT.Icon.TransitStopFunicular.Key.BooleanFlag"], "ISO_COUNTRY_CODE", ["ref", "IsoCountryCode"]], "POI.PT.Icon.TransitStopFunicular.Lookup.HereAssetShape": ["get", "HERE_ASSET_SHAPE", ["ref", "POI.PT.Icon.TransitStopFunicular.Lookup"]], "POI.PT.Icon.TransitStopFunicular.Lookup.HereCategoryClass": ["get", "HERE_CATEGORY_CLASS", ["ref", "POI.PT.Icon.TransitStopFunicular.Lookup"]], "POI.PT.Icon.TransitStopFunicular.Lookup.HereGenericIconography": ["get", "HERE_GENERIC_ICONOGRAPHY", ["ref", "POI.PT.Icon.TransitStopFunicular.Lookup"]], "POI.PT.Icon.TransitStopFunicular.Lookup.IconFamily": ["get", "ICON_FAMILY", ["ref", "POI.PT.Icon.TransitStopFunicular.Lookup"]], "POI.PT.Icon.TransitStopFunicular.Lookup.FileName": ["get", "ICON_FILE_NAME", ["ref", "POI.PT.Icon.TransitStopFunicular.Lookup"]], "POI.PT.Icon.TransitStopFunicular.Lookup.Group": ["get", "ICON_GROUP", ["ref", "POI.PT.Icon.TransitStopFunicular.Lookup"]], "POI.PT.Icon.TransitStopFunicular.Lookup.IconMaxLevel": ["get", "ICON_MAX_ZOOM_LVL", ["ref", "POI.PT.Icon.TransitStopFunicular.Lookup"]], "POI.PT.Icon.TransitStopFunicular.Lookup.IconMinLevel": ["get", "ICON_MIN_ZOOM_LVL", ["ref", "POI.PT.Icon.TransitStopFunicular.Lookup"]], "POI.PT.Icon.TransitStopFunicular.Lookup.Priority": ["get", "ICON_PRIORITY", ["ref", "POI.PT.Icon.TransitStopFunicular.Lookup"]], "POI.PT.Icon.TransitStopFunicular.Lookup.TextMaxLevel": ["get", "LABEL_MAX_ZOOM_LVL", ["ref", "POI.PT.Icon.TransitStopFunicular.Lookup"]], "POI.PT.Icon.TransitStopFunicular.Lookup.TextMinLevel": ["get", "LABEL_MIN_ZOOM_LVL", ["ref", "POI.PT.Icon.TransitStopFunicular.Lookup"]], "POI.PT.Icon.TransitStopFunicular.Lookup.MapDisplayFlag": ["get", "MAP_DISPLAY_FLAG", ["ref", "POI.PT.Icon.TransitStopFunicular.Lookup"]], "POI.PT.Icon.TransitStopHighSpeed.Key.BooleanFlag": ["case", ["ref", "Is.POI.TransitStop.HighSpeed"], "POI.TransitStop.HighSpeed", null], "POI.PT.Icon.TransitStopHighSpeed.Lookup": ["lookup", ["ref", "Poi.Pt.Icon.Masterlist"], "BOOLEAN_FLAG", ["ref", "POI.PT.Icon.TransitStopHighSpeed.Key.BooleanFlag"], "ISO_COUNTRY_CODE", ["ref", "IsoCountryCode"]], "POI.PT.Icon.TransitStopHighSpeed.Lookup.HereAssetShape": ["get", "HERE_ASSET_SHAPE", ["ref", "POI.PT.Icon.TransitStopHighSpeed.Lookup"]], "POI.PT.Icon.TransitStopHighSpeed.Lookup.HereCategoryClass": ["get", "HERE_CATEGORY_CLASS", ["ref", "POI.PT.Icon.TransitStopHighSpeed.Lookup"]], "POI.PT.Icon.TransitStopHighSpeed.Lookup.HereGenericIconography": ["get", "HERE_GENERIC_ICONOGRAPHY", ["ref", "POI.PT.Icon.TransitStopHighSpeed.Lookup"]], "POI.PT.Icon.TransitStopHighSpeed.Lookup.IconFamily": ["get", "ICON_FAMILY", ["ref", "POI.PT.Icon.TransitStopHighSpeed.Lookup"]], "POI.PT.Icon.TransitStopHighSpeed.Lookup.FileName": ["get", "ICON_FILE_NAME", ["ref", "POI.PT.Icon.TransitStopHighSpeed.Lookup"]], "POI.PT.Icon.TransitStopHighSpeed.Lookup.Group": ["get", "ICON_GROUP", ["ref", "POI.PT.Icon.TransitStopHighSpeed.Lookup"]], "POI.PT.Icon.TransitStopHighSpeed.Lookup.IconMaxLevel": ["get", "ICON_MAX_ZOOM_LVL", ["ref", "POI.PT.Icon.TransitStopHighSpeed.Lookup"]], "POI.PT.Icon.TransitStopHighSpeed.Lookup.IconMinLevel": ["get", "ICON_MIN_ZOOM_LVL", ["ref", "POI.PT.Icon.TransitStopHighSpeed.Lookup"]], "POI.PT.Icon.TransitStopHighSpeed.Lookup.Priority": ["get", "ICON_PRIORITY", ["ref", "POI.PT.Icon.TransitStopHighSpeed.Lookup"]], "POI.PT.Icon.TransitStopHighSpeed.Lookup.TextMaxLevel": ["get", "LABEL_MAX_ZOOM_LVL", ["ref", "POI.PT.Icon.TransitStopHighSpeed.Lookup"]], "POI.PT.Icon.TransitStopHighSpeed.Lookup.TextMinLevel": ["get", "LABEL_MIN_ZOOM_LVL", ["ref", "POI.PT.Icon.TransitStopHighSpeed.Lookup"]], "POI.PT.Icon.TransitStopHighSpeed.Lookup.MapDisplayFlag": ["get", "MAP_DISPLAY_FLAG", ["ref", "POI.PT.Icon.TransitStopHighSpeed.Lookup"]], "POI.PT.Icon.TransitStopIntercity.Key.BooleanFlag": ["case", ["ref", "Is.POI.TransitStop.Intercity"], "POI.TransitStop.Intercity", null], "POI.PT.Icon.TransitStopIntercity.Lookup": ["lookup", ["ref", "Poi.Pt.Icon.Masterlist"], "BOOLEAN_FLAG", ["ref", "POI.PT.Icon.TransitStopIntercity.Key.BooleanFlag"], "ISO_COUNTRY_CODE", ["ref", "IsoCountryCode"]], "POI.PT.Icon.TransitStopIntercity.Lookup.HereAssetShape": ["get", "HERE_ASSET_SHAPE", ["ref", "POI.PT.Icon.TransitStopIntercity.Lookup"]], "POI.PT.Icon.TransitStopIntercity.Lookup.HereCategoryClass": ["get", "HERE_CATEGORY_CLASS", ["ref", "POI.PT.Icon.TransitStopIntercity.Lookup"]], "POI.PT.Icon.TransitStopIntercity.Lookup.HereGenericIconography": ["get", "HERE_GENERIC_ICONOGRAPHY", ["ref", "POI.PT.Icon.TransitStopIntercity.Lookup"]], "POI.PT.Icon.TransitStopIntercity.Lookup.IconFamily": ["get", "ICON_FAMILY", ["ref", "POI.PT.Icon.TransitStopIntercity.Lookup"]], "POI.PT.Icon.TransitStopIntercity.Lookup.FileName": ["get", "ICON_FILE_NAME", ["ref", "POI.PT.Icon.TransitStopIntercity.Lookup"]], "POI.PT.Icon.TransitStopIntercity.Lookup.Group": ["get", "ICON_GROUP", ["ref", "POI.PT.Icon.TransitStopIntercity.Lookup"]], "POI.PT.Icon.TransitStopIntercity.Lookup.IconMaxLevel": ["get", "ICON_MAX_ZOOM_LVL", ["ref", "POI.PT.Icon.TransitStopIntercity.Lookup"]], "POI.PT.Icon.TransitStopIntercity.Lookup.IconMinLevel": ["get", "ICON_MIN_ZOOM_LVL", ["ref", "POI.PT.Icon.TransitStopIntercity.Lookup"]], "POI.PT.Icon.TransitStopIntercity.Lookup.Priority": ["get", "ICON_PRIORITY", ["ref", "POI.PT.Icon.TransitStopIntercity.Lookup"]], "POI.PT.Icon.TransitStopIntercity.Lookup.TextMaxLevel": ["get", "LABEL_MAX_ZOOM_LVL", ["ref", "POI.PT.Icon.TransitStopIntercity.Lookup"]], "POI.PT.Icon.TransitStopIntercity.Lookup.TextMinLevel": ["get", "LABEL_MIN_ZOOM_LVL", ["ref", "POI.PT.Icon.TransitStopIntercity.Lookup"]], "POI.PT.Icon.TransitStopIntercity.Lookup.MapDisplayFlag": ["get", "MAP_DISPLAY_FLAG", ["ref", "POI.PT.Icon.TransitStopIntercity.Lookup"]], "POI.PT.Icon.TransitStopMonorail.Key.BooleanFlag": ["case", ["ref", "Is.POI.TransitStop.Monorail"], "POI.TransitStop.Monorail", null], "POI.PT.Icon.TransitStopMonorail.Key.UsageFlag": ["case", ["ref", "Is.Logistics"], "Logistics", null], "POI.PT.Icon.TransitStopMonorail.Lookup": ["lookup", ["ref", "Poi.Pt.Icon.Masterlist"], "USAGE_FLAG", ["ref", "POI.PT.Icon.TransitStopMonorail.Key.UsageFlag"], "BOOLEAN_FLAG", ["ref", "POI.PT.Icon.TransitStopMonorail.Key.BooleanFlag"], "ISO_COUNTRY_CODE", ["ref", "IsoCountryCode"]], "POI.PT.Icon.TransitStopMonorail.Lookup.HereAssetShape": ["get", "HERE_ASSET_SHAPE", ["ref", "POI.PT.Icon.TransitStopMonorail.Lookup"]], "POI.PT.Icon.TransitStopMonorail.Lookup.HereCategoryClass": ["get", "HERE_CATEGORY_CLASS", ["ref", "POI.PT.Icon.TransitStopMonorail.Lookup"]], "POI.PT.Icon.TransitStopMonorail.Lookup.HereGenericIconography": ["get", "HERE_GENERIC_ICONOGRAPHY", ["ref", "POI.PT.Icon.TransitStopMonorail.Lookup"]], "POI.PT.Icon.TransitStopMonorail.Lookup.IconFamily": ["get", "ICON_FAMILY", ["ref", "POI.PT.Icon.TransitStopMonorail.Lookup"]], "POI.PT.Icon.TransitStopMonorail.Lookup.FileName": ["get", "ICON_FILE_NAME", ["ref", "POI.PT.Icon.TransitStopMonorail.Lookup"]], "POI.PT.Icon.TransitStopMonorail.Lookup.Group": ["get", "ICON_GROUP", ["ref", "POI.PT.Icon.TransitStopMonorail.Lookup"]], "POI.PT.Icon.TransitStopMonorail.Lookup.IconMaxLevel": ["get", "ICON_MAX_ZOOM_LVL", ["ref", "POI.PT.Icon.TransitStopMonorail.Lookup"]], "POI.PT.Icon.TransitStopMonorail.Lookup.IconMinLevel": ["get", "ICON_MIN_ZOOM_LVL", ["ref", "POI.PT.Icon.TransitStopMonorail.Lookup"]], "POI.PT.Icon.TransitStopMonorail.Lookup.Priority": ["get", "ICON_PRIORITY", ["ref", "POI.PT.Icon.TransitStopMonorail.Lookup"]], "POI.PT.Icon.TransitStopMonorail.Lookup.TextMaxLevel": ["get", "LABEL_MAX_ZOOM_LVL", ["ref", "POI.PT.Icon.TransitStopMonorail.Lookup"]], "POI.PT.Icon.TransitStopMonorail.Lookup.TextMinLevel": ["get", "LABEL_MIN_ZOOM_LVL", ["ref", "POI.PT.Icon.TransitStopMonorail.Lookup"]], "POI.PT.Icon.TransitStopMonorail.Lookup.MapDisplayFlag": ["get", "MAP_DISPLAY_FLAG", ["ref", "POI.PT.Icon.TransitStopMonorail.Lookup"]], "POI.PT.Icon.TransitStopRegional.Key.BooleanFlag": ["case", ["ref", "Is.POI.TransitStop.Regional"], "POI.TransitStop.Regional", null], "POI.PT.Icon.TransitStopRegional.Key.UsageFlag": ["case", ["ref", "Is.Logistics"], "Logistics", null], "POI.PT.Icon.TransitStopRegional.Lookup": ["lookup", ["ref", "Poi.Pt.Icon.Masterlist"], "USAGE_FLAG", ["ref", "POI.PT.Icon.TransitStopRegional.Key.UsageFlag"], "BOOLEAN_FLAG", ["ref", "POI.PT.Icon.TransitStopRegional.Key.BooleanFlag"], "ISO_COUNTRY_CODE", ["ref", "IsoCountryCode"]], "POI.PT.Icon.TransitStopRegional.Lookup.HereAssetShape": ["get", "HERE_ASSET_SHAPE", ["ref", "POI.PT.Icon.TransitStopRegional.Lookup"]], "POI.PT.Icon.TransitStopRegional.Lookup.HereCategoryClass": ["get", "HERE_CATEGORY_CLASS", ["ref", "POI.PT.Icon.TransitStopRegional.Lookup"]], "POI.PT.Icon.TransitStopRegional.Lookup.HereGenericIconography": ["get", "HERE_GENERIC_ICONOGRAPHY", ["ref", "POI.PT.Icon.TransitStopRegional.Lookup"]], "POI.PT.Icon.TransitStopRegional.Lookup.IconFamily": ["get", "ICON_FAMILY", ["ref", "POI.PT.Icon.TransitStopRegional.Lookup"]], "POI.PT.Icon.TransitStopRegional.Lookup.FileName": ["get", "ICON_FILE_NAME", ["ref", "POI.PT.Icon.TransitStopRegional.Lookup"]], "POI.PT.Icon.TransitStopRegional.Lookup.Group": ["get", "ICON_GROUP", ["ref", "POI.PT.Icon.TransitStopRegional.Lookup"]], "POI.PT.Icon.TransitStopRegional.Lookup.IconMaxLevel": ["get", "ICON_MAX_ZOOM_LVL", ["ref", "POI.PT.Icon.TransitStopRegional.Lookup"]], "POI.PT.Icon.TransitStopRegional.Lookup.IconMinLevel": ["get", "ICON_MIN_ZOOM_LVL", ["ref", "POI.PT.Icon.TransitStopRegional.Lookup"]], "POI.PT.Icon.TransitStopRegional.Lookup.Priority": ["get", "ICON_PRIORITY", ["ref", "POI.PT.Icon.TransitStopRegional.Lookup"]], "POI.PT.Icon.TransitStopRegional.Lookup.TextMaxLevel": ["get", "LABEL_MAX_ZOOM_LVL", ["ref", "POI.PT.Icon.TransitStopRegional.Lookup"]], "POI.PT.Icon.TransitStopRegional.Lookup.TextMinLevel": ["get", "LABEL_MIN_ZOOM_LVL", ["ref", "POI.PT.Icon.TransitStopRegional.Lookup"]], "POI.PT.Icon.TransitStopRegional.Lookup.MapDisplayFlag": ["get", "MAP_DISPLAY_FLAG", ["ref", "POI.PT.Icon.TransitStopRegional.Lookup"]], "POI.PT.Icon.TransitStopSuburban.Key.BooleanFlag": ["case", ["ref", "Is.POI.TransitStop.Suburban"], "POI.TransitStop.Suburban", null], "POI.PT.Icon.TransitStopSuburban.Key.UsageFlag": ["case", ["ref", "Is.Logistics"], "Logistics", null], "POI.PT.Icon.TransitStopSuburban.Lookup": ["lookup", ["ref", "Poi.Pt.Icon.Masterlist"], "USAGE_FLAG", ["ref", "POI.PT.Icon.TransitStopSuburban.Key.UsageFlag"], "BOOLEAN_FLAG", ["ref", "POI.PT.Icon.TransitStopSuburban.Key.BooleanFlag"], "ISO_COUNTRY_CODE", ["ref", "IsoCountryCode"]], "POI.PT.Icon.TransitStopSuburban.Lookup.HereAssetShape": ["get", "HERE_ASSET_SHAPE", ["ref", "POI.PT.Icon.TransitStopSuburban.Lookup"]], "POI.PT.Icon.TransitStopSuburban.Lookup.HereCategoryClass": ["get", "HERE_CATEGORY_CLASS", ["ref", "POI.PT.Icon.TransitStopSuburban.Lookup"]], "POI.PT.Icon.TransitStopSuburban.Lookup.HereGenericIconography": ["get", "HERE_GENERIC_ICONOGRAPHY", ["ref", "POI.PT.Icon.TransitStopSuburban.Lookup"]], "POI.PT.Icon.TransitStopSuburban.Lookup.IconFamily": ["get", "ICON_FAMILY", ["ref", "POI.PT.Icon.TransitStopSuburban.Lookup"]], "POI.PT.Icon.TransitStopSuburban.Lookup.FileName": ["get", "ICON_FILE_NAME", ["ref", "POI.PT.Icon.TransitStopSuburban.Lookup"]], "POI.PT.Icon.TransitStopSuburban.Lookup.Group": ["get", "ICON_GROUP", ["ref", "POI.PT.Icon.TransitStopSuburban.Lookup"]], "POI.PT.Icon.TransitStopSuburban.Lookup.IconMaxLevel": ["get", "ICON_MAX_ZOOM_LVL", ["ref", "POI.PT.Icon.TransitStopSuburban.Lookup"]], "POI.PT.Icon.TransitStopSuburban.Lookup.IconMinLevel": ["get", "ICON_MIN_ZOOM_LVL", ["ref", "POI.PT.Icon.TransitStopSuburban.Lookup"]], "POI.PT.Icon.TransitStopSuburban.Lookup.Priority": ["get", "ICON_PRIORITY", ["ref", "POI.PT.Icon.TransitStopSuburban.Lookup"]], "POI.PT.Icon.TransitStopSuburban.Lookup.TextMaxLevel": ["get", "LABEL_MAX_ZOOM_LVL", ["ref", "POI.PT.Icon.TransitStopSuburban.Lookup"]], "POI.PT.Icon.TransitStopSuburban.Lookup.TextMinLevel": ["get", "LABEL_MIN_ZOOM_LVL", ["ref", "POI.PT.Icon.TransitStopSuburban.Lookup"]], "POI.PT.Icon.TransitStopSuburban.Lookup.MapDisplayFlag": ["get", "MAP_DISPLAY_FLAG", ["ref", "POI.PT.Icon.TransitStopSuburban.Lookup"]], "POI.PT.Icon.TransitStopSubway.Key.BooleanFlag": ["case", ["ref", "Is.POI.TransitStop.Subway"], "POI.TransitStop.Subway", null], "POI.PT.Icon.TransitStopSubway.Key.UsageFlag": ["case", ["ref", "Is.Logistics"], "Logistics", null], "POI.PT.Icon.TransitStopSubway.Lookup": ["lookup", ["ref", "Poi.Pt.Icon.Masterlist"], "USAGE_FLAG", ["ref", "POI.PT.Icon.TransitStopSubway.Key.UsageFlag"], "BOOLEAN_FLAG", ["ref", "POI.PT.Icon.TransitStopSubway.Key.BooleanFlag"], "ISO_COUNTRY_CODE", ["ref", "IsoCountryCode"]], "POI.PT.Icon.TransitStopSubway.Lookup.HereAssetShape": ["get", "HERE_ASSET_SHAPE", ["ref", "POI.PT.Icon.TransitStopSubway.Lookup"]], "POI.PT.Icon.TransitStopSubway.Lookup.HereCategoryClass": ["get", "HERE_CATEGORY_CLASS", ["ref", "POI.PT.Icon.TransitStopSubway.Lookup"]], "POI.PT.Icon.TransitStopSubway.Lookup.HereGenericIconography": ["get", "HERE_GENERIC_ICONOGRAPHY", ["ref", "POI.PT.Icon.TransitStopSubway.Lookup"]], "POI.PT.Icon.TransitStopSubway.Lookup.IconFamily": ["get", "ICON_FAMILY", ["ref", "POI.PT.Icon.TransitStopSubway.Lookup"]], "POI.PT.Icon.TransitStopSubway.Lookup.FileName": ["get", "ICON_FILE_NAME", ["ref", "POI.PT.Icon.TransitStopSubway.Lookup"]], "POI.PT.Icon.TransitStopSubway.Lookup.Group": ["get", "ICON_GROUP", ["ref", "POI.PT.Icon.TransitStopSubway.Lookup"]], "POI.PT.Icon.TransitStopSubway.Lookup.IconMaxLevel": ["get", "ICON_MAX_ZOOM_LVL", ["ref", "POI.PT.Icon.TransitStopSubway.Lookup"]], "POI.PT.Icon.TransitStopSubway.Lookup.IconMinLevel": ["get", "ICON_MIN_ZOOM_LVL", ["ref", "POI.PT.Icon.TransitStopSubway.Lookup"]], "POI.PT.Icon.TransitStopSubway.Lookup.Priority": ["get", "ICON_PRIORITY", ["ref", "POI.PT.Icon.TransitStopSubway.Lookup"]], "POI.PT.Icon.TransitStopSubway.Lookup.TextMaxLevel": ["get", "LABEL_MAX_ZOOM_LVL", ["ref", "POI.PT.Icon.TransitStopSubway.Lookup"]], "POI.PT.Icon.TransitStopSubway.Lookup.TextMinLevel": ["get", "LABEL_MIN_ZOOM_LVL", ["ref", "POI.PT.Icon.TransitStopSubway.Lookup"]], "POI.PT.Icon.TransitStopSubway.Lookup.MapDisplayFlag": ["get", "MAP_DISPLAY_FLAG", ["ref", "POI.PT.Icon.TransitStopSubway.Lookup"]], "POI.PT.Icon.TransitStopTouristic.Key.BooleanFlag": ["case", ["ref", "Is.POI.TransitStop.Touristic"], "POI.TransitStop.Touristic", null], "POI.PT.Icon.TransitStopTouristic.Key.UsageFlag": ["case", ["ref", "Is.Logistics"], "Logistics", null], "POI.PT.Icon.TransitStopTouristic.Lookup": ["lookup", ["ref", "Poi.Pt.Icon.Masterlist"], "USAGE_FLAG", ["ref", "POI.PT.Icon.TransitStopTouristic.Key.UsageFlag"], "BOOLEAN_FLAG", ["ref", "POI.PT.Icon.TransitStopTouristic.Key.BooleanFlag"], "ISO_COUNTRY_CODE", ["ref", "IsoCountryCode"]], "POI.PT.Icon.TransitStopTouristic.Lookup.HereAssetShape": ["get", "HERE_ASSET_SHAPE", ["ref", "POI.PT.Icon.TransitStopTouristic.Lookup"]], "POI.PT.Icon.TransitStopTouristic.Lookup.HereCategoryClass": ["get", "HERE_CATEGORY_CLASS", ["ref", "POI.PT.Icon.TransitStopTouristic.Lookup"]], "POI.PT.Icon.TransitStopTouristic.Lookup.HereGenericIconography": ["get", "HERE_GENERIC_ICONOGRAPHY", ["ref", "POI.PT.Icon.TransitStopTouristic.Lookup"]], "POI.PT.Icon.TransitStopTouristic.Lookup.IconFamily": ["get", "ICON_FAMILY", ["ref", "POI.PT.Icon.TransitStopTouristic.Lookup"]], "POI.PT.Icon.TransitStopTouristic.Lookup.FileName": ["get", "ICON_FILE_NAME", ["ref", "POI.PT.Icon.TransitStopTouristic.Lookup"]], "POI.PT.Icon.TransitStopTouristic.Lookup.Group": ["get", "ICON_GROUP", ["ref", "POI.PT.Icon.TransitStopTouristic.Lookup"]], "POI.PT.Icon.TransitStopTouristic.Lookup.IconMaxLevel": ["get", "ICON_MAX_ZOOM_LVL", ["ref", "POI.PT.Icon.TransitStopTouristic.Lookup"]], "POI.PT.Icon.TransitStopTouristic.Lookup.IconMinLevel": ["get", "ICON_MIN_ZOOM_LVL", ["ref", "POI.PT.Icon.TransitStopTouristic.Lookup"]], "POI.PT.Icon.TransitStopTouristic.Lookup.Priority": ["get", "ICON_PRIORITY", ["ref", "POI.PT.Icon.TransitStopTouristic.Lookup"]], "POI.PT.Icon.TransitStopTouristic.Lookup.TextMaxLevel": ["get", "LABEL_MAX_ZOOM_LVL", ["ref", "POI.PT.Icon.TransitStopTouristic.Lookup"]], "POI.PT.Icon.TransitStopTouristic.Lookup.TextMinLevel": ["get", "LABEL_MIN_ZOOM_LVL", ["ref", "POI.PT.Icon.TransitStopTouristic.Lookup"]], "POI.PT.Icon.TransitStopTouristic.Lookup.MapDisplayFlag": ["get", "MAP_DISPLAY_FLAG", ["ref", "POI.PT.Icon.TransitStopTouristic.Lookup"]], "POI.PT.Icon.TransitStopTrain.Key.BooleanFlag": ["case", ["ref", "Is.POI.TransitStop.Train"], "POI.TransitStop.Train", null], "POI.PT.Icon.TransitStopTrain.Lookup": ["lookup", ["ref", "Poi.Pt.Icon.Masterlist"], "BOOLEAN_FLAG", ["ref", "POI.PT.Icon.TransitStopTrain.Key.BooleanFlag"], "ISO_COUNTRY_CODE", ["ref", "IsoCountryCode"]], "POI.PT.Icon.TransitStopTrain.Lookup.HereAssetShape": ["get", "HERE_ASSET_SHAPE", ["ref", "POI.PT.Icon.TransitStopTrain.Lookup"]], "POI.PT.Icon.TransitStopTrain.Lookup.HereCategoryClass": ["get", "HERE_CATEGORY_CLASS", ["ref", "POI.PT.Icon.TransitStopTrain.Lookup"]], "POI.PT.Icon.TransitStopTrain.Lookup.HereGenericIconography": ["get", "HERE_GENERIC_ICONOGRAPHY", ["ref", "POI.PT.Icon.TransitStopTrain.Lookup"]], "POI.PT.Icon.TransitStopTrain.Lookup.IconFamily": ["get", "ICON_FAMILY", ["ref", "POI.PT.Icon.TransitStopTrain.Lookup"]], "POI.PT.Icon.TransitStopTrain.Lookup.FileName": ["get", "ICON_FILE_NAME", ["ref", "POI.PT.Icon.TransitStopTrain.Lookup"]], "POI.PT.Icon.TransitStopTrain.Lookup.Group": ["get", "ICON_GROUP", ["ref", "POI.PT.Icon.TransitStopTrain.Lookup"]], "POI.PT.Icon.TransitStopTrain.Lookup.IconMaxLevel": ["get", "ICON_MAX_ZOOM_LVL", ["ref", "POI.PT.Icon.TransitStopTrain.Lookup"]], "POI.PT.Icon.TransitStopTrain.Lookup.IconMinLevel": ["get", "ICON_MIN_ZOOM_LVL", ["ref", "POI.PT.Icon.TransitStopTrain.Lookup"]], "POI.PT.Icon.TransitStopTrain.Lookup.Priority": ["get", "ICON_PRIORITY", ["ref", "POI.PT.Icon.TransitStopTrain.Lookup"]], "POI.PT.Icon.TransitStopTrain.Lookup.TextMaxLevel": ["get", "LABEL_MAX_ZOOM_LVL", ["ref", "POI.PT.Icon.TransitStopTrain.Lookup"]], "POI.PT.Icon.TransitStopTrain.Lookup.TextMinLevel": ["get", "LABEL_MIN_ZOOM_LVL", ["ref", "POI.PT.Icon.TransitStopTrain.Lookup"]], "POI.PT.Icon.TransitStopTrain.Lookup.MapDisplayFlag": ["get", "MAP_DISPLAY_FLAG", ["ref", "POI.PT.Icon.TransitStopTrain.Lookup"]], "POI.PT.Icon.TransitStopTram.Key.BooleanFlag": ["case", ["ref", "Is.POI.TransitStop.Tram"], "POI.TransitStop.Tram", null], "POI.PT.Icon.TransitStopTram.Key.UsageFlag": ["case", ["ref", "Is.Logistics"], "Logistics", null], "POI.PT.Icon.TransitStopTram.Lookup": ["lookup", ["ref", "Poi.Pt.Icon.Masterlist"], "USAGE_FLAG", ["ref", "POI.PT.Icon.TransitStopTram.Key.UsageFlag"], "BOOLEAN_FLAG", ["ref", "POI.PT.Icon.TransitStopTram.Key.BooleanFlag"], "ISO_COUNTRY_CODE", ["ref", "IsoCountryCode"]], "POI.PT.Icon.TransitStopTram.Lookup.HereAssetShape": ["get", "HERE_ASSET_SHAPE", ["ref", "POI.PT.Icon.TransitStopTram.Lookup"]], "POI.PT.Icon.TransitStopTram.Lookup.HereCategoryClass": ["get", "HERE_CATEGORY_CLASS", ["ref", "POI.PT.Icon.TransitStopTram.Lookup"]], "POI.PT.Icon.TransitStopTram.Lookup.HereGenericIconography": ["get", "HERE_GENERIC_ICONOGRAPHY", ["ref", "POI.PT.Icon.TransitStopTram.Lookup"]], "POI.PT.Icon.TransitStopTram.Lookup.IconFamily": ["get", "ICON_FAMILY", ["ref", "POI.PT.Icon.TransitStopTram.Lookup"]], "POI.PT.Icon.TransitStopTram.Lookup.FileName": ["get", "ICON_FILE_NAME", ["ref", "POI.PT.Icon.TransitStopTram.Lookup"]], "POI.PT.Icon.TransitStopTram.Lookup.Group": ["get", "ICON_GROUP", ["ref", "POI.PT.Icon.TransitStopTram.Lookup"]], "POI.PT.Icon.TransitStopTram.Lookup.IconMaxLevel": ["get", "ICON_MAX_ZOOM_LVL", ["ref", "POI.PT.Icon.TransitStopTram.Lookup"]], "POI.PT.Icon.TransitStopTram.Lookup.IconMinLevel": ["get", "ICON_MIN_ZOOM_LVL", ["ref", "POI.PT.Icon.TransitStopTram.Lookup"]], "POI.PT.Icon.TransitStopTram.Lookup.Priority": ["get", "ICON_PRIORITY", ["ref", "POI.PT.Icon.TransitStopTram.Lookup"]], "POI.PT.Icon.TransitStopTram.Lookup.TextMaxLevel": ["get", "LABEL_MAX_ZOOM_LVL", ["ref", "POI.PT.Icon.TransitStopTram.Lookup"]], "POI.PT.Icon.TransitStopTram.Lookup.TextMinLevel": ["get", "LABEL_MIN_ZOOM_LVL", ["ref", "POI.PT.Icon.TransitStopTram.Lookup"]], "POI.PT.Icon.TransitStopTram.Lookup.MapDisplayFlag": ["get", "MAP_DISPLAY_FLAG", ["ref", "POI.PT.Icon.TransitStopTram.Lookup"]], "POI.PT.Icon.TransitStopTramTouristic.Key.BooleanFlag": ["case", ["ref", "Is.POI.TransitStop.TramTouristic"], "POI.TransitStop.TramTouristic", null], "POI.PT.Icon.TransitStopTramTouristic.Key.UsageFlag": ["case", ["ref", "Is.Logistics"], "Logistics", null], "POI.PT.Icon.TransitStopTramTouristic.Lookup": ["lookup", ["ref", "Poi.Pt.Icon.Masterlist"], "USAGE_FLAG", ["ref", "POI.PT.Icon.TransitStopTramTouristic.Key.UsageFlag"], "BOOLEAN_FLAG", ["ref", "POI.PT.Icon.TransitStopTramTouristic.Key.BooleanFlag"], "ISO_COUNTRY_CODE", ["ref", "IsoCountryCode"]], "POI.PT.Icon.TransitStopTramTouristic.Lookup.HereAssetShape": ["get", "HERE_ASSET_SHAPE", ["ref", "POI.PT.Icon.TransitStopTramTouristic.Lookup"]], "POI.PT.Icon.TransitStopTramTouristic.Lookup.HereCategoryClass": ["get", "HERE_CATEGORY_CLASS", ["ref", "POI.PT.Icon.TransitStopTramTouristic.Lookup"]], "POI.PT.Icon.TransitStopTramTouristic.Lookup.HereGenericIconography": ["get", "HERE_GENERIC_ICONOGRAPHY", ["ref", "POI.PT.Icon.TransitStopTramTouristic.Lookup"]], "POI.PT.Icon.TransitStopTramTouristic.Lookup.IconFamily": ["get", "ICON_FAMILY", ["ref", "POI.PT.Icon.TransitStopTramTouristic.Lookup"]], "POI.PT.Icon.TransitStopTramTouristic.Lookup.FileName": ["get", "ICON_FILE_NAME", ["ref", "POI.PT.Icon.TransitStopTramTouristic.Lookup"]], "POI.PT.Icon.TransitStopTramTouristic.Lookup.Group": ["get", "ICON_GROUP", ["ref", "POI.PT.Icon.TransitStopTramTouristic.Lookup"]], "POI.PT.Icon.TransitStopTramTouristic.Lookup.IconMaxLevel": ["get", "ICON_MAX_ZOOM_LVL", ["ref", "POI.PT.Icon.TransitStopTramTouristic.Lookup"]], "POI.PT.Icon.TransitStopTramTouristic.Lookup.IconMinLevel": ["get", "ICON_MIN_ZOOM_LVL", ["ref", "POI.PT.Icon.TransitStopTramTouristic.Lookup"]], "POI.PT.Icon.TransitStopTramTouristic.Lookup.Priority": ["get", "ICON_PRIORITY", ["ref", "POI.PT.Icon.TransitStopTramTouristic.Lookup"]], "POI.PT.Icon.TransitStopTramTouristic.Lookup.TextMaxLevel": ["get", "LABEL_MAX_ZOOM_LVL", ["ref", "POI.PT.Icon.TransitStopTramTouristic.Lookup"]], "POI.PT.Icon.TransitStopTramTouristic.Lookup.TextMinLevel": ["get", "LABEL_MIN_ZOOM_LVL", ["ref", "POI.PT.Icon.TransitStopTramTouristic.Lookup"]], "POI.PT.Icon.TransitStopTramTouristic.Lookup.MapDisplayFlag": ["get", "MAP_DISPLAY_FLAG", ["ref", "POI.PT.Icon.TransitStopTramTouristic.Lookup"]], "POI.PT.Icon.TransitStopTrolleybus.Key.BooleanFlag": ["case", ["ref", "Is.POI.TransitStop.Trolleybus"], "POI.TransitStop.Trolleybus", null], "POI.PT.Icon.TransitStopTrolleybus.Lookup": ["lookup", ["ref", "Poi.Pt.Icon.Masterlist"], "BOOLEAN_FLAG", ["ref", "POI.PT.Icon.TransitStopTrolleybus.Key.BooleanFlag"], "ISO_COUNTRY_CODE", ["ref", "IsoCountryCode"]], "POI.PT.Icon.TransitStopTrolleybus.Lookup.HereAssetShape": ["get", "HERE_ASSET_SHAPE", ["ref", "POI.PT.Icon.TransitStopTrolleybus.Lookup"]], "POI.PT.Icon.TransitStopTrolleybus.Lookup.HereCategoryClass": ["get", "HERE_CATEGORY_CLASS", ["ref", "POI.PT.Icon.TransitStopTrolleybus.Lookup"]], "POI.PT.Icon.TransitStopTrolleybus.Lookup.HereGenericIconography": ["get", "HERE_GENERIC_ICONOGRAPHY", ["ref", "POI.PT.Icon.TransitStopTrolleybus.Lookup"]], "POI.PT.Icon.TransitStopTrolleybus.Lookup.IconFamily": ["get", "ICON_FAMILY", ["ref", "POI.PT.Icon.TransitStopTrolleybus.Lookup"]], "POI.PT.Icon.TransitStopTrolleybus.Lookup.FileName": ["get", "ICON_FILE_NAME", ["ref", "POI.PT.Icon.TransitStopTrolleybus.Lookup"]], "POI.PT.Icon.TransitStopTrolleybus.Lookup.Group": ["get", "ICON_GROUP", ["ref", "POI.PT.Icon.TransitStopTrolleybus.Lookup"]], "POI.PT.Icon.TransitStopTrolleybus.Lookup.IconMaxLevel": ["get", "ICON_MAX_ZOOM_LVL", ["ref", "POI.PT.Icon.TransitStopTrolleybus.Lookup"]], "POI.PT.Icon.TransitStopTrolleybus.Lookup.IconMinLevel": ["get", "ICON_MIN_ZOOM_LVL", ["ref", "POI.PT.Icon.TransitStopTrolleybus.Lookup"]], "POI.PT.Icon.TransitStopTrolleybus.Lookup.Priority": ["get", "ICON_PRIORITY", ["ref", "POI.PT.Icon.TransitStopTrolleybus.Lookup"]], "POI.PT.Icon.TransitStopTrolleybus.Lookup.TextMaxLevel": ["get", "LABEL_MAX_ZOOM_LVL", ["ref", "POI.PT.Icon.TransitStopTrolleybus.Lookup"]], "POI.PT.Icon.TransitStopTrolleybus.Lookup.TextMinLevel": ["get", "LABEL_MIN_ZOOM_LVL", ["ref", "POI.PT.Icon.TransitStopTrolleybus.Lookup"]], "POI.PT.Icon.TransitStopTrolleybus.Lookup.MapDisplayFlag": ["get", "MAP_DISPLAY_FLAG", ["ref", "POI.PT.Icon.TransitStopTrolleybus.Lookup"]], "POI.PT.Icon.TransitStopWaterTransit.Key.BooleanFlag": ["case", ["ref", "Is.POI.TransitStop.WaterTransit"], "POI.TransitStop.WaterTransit", null], "POI.PT.Icon.TransitStopWaterTransit.Key.UsageFlag": ["case", ["ref", "Is.Logistics"], "Logistics", null], "POI.PT.Icon.TransitStopWaterTransit.Lookup": ["lookup", ["ref", "Poi.Pt.Icon.Masterlist"], "USAGE_FLAG", ["ref", "POI.PT.Icon.TransitStopWaterTransit.Key.UsageFlag"], "BOOLEAN_FLAG", ["ref", "POI.PT.Icon.TransitStopWaterTransit.Key.BooleanFlag"], "ISO_COUNTRY_CODE", ["ref", "IsoCountryCode"]], "POI.PT.Icon.TransitStopWaterTransit.Lookup.HereAssetShape": ["get", "HERE_ASSET_SHAPE", ["ref", "POI.PT.Icon.TransitStopWaterTransit.Lookup"]], "POI.PT.Icon.TransitStopWaterTransit.Lookup.HereCategoryClass": ["get", "HERE_CATEGORY_CLASS", ["ref", "POI.PT.Icon.TransitStopWaterTransit.Lookup"]], "POI.PT.Icon.TransitStopWaterTransit.Lookup.HereGenericIconography": ["get", "HERE_GENERIC_ICONOGRAPHY", ["ref", "POI.PT.Icon.TransitStopWaterTransit.Lookup"]], "POI.PT.Icon.TransitStopWaterTransit.Lookup.IconFamily": ["get", "ICON_FAMILY", ["ref", "POI.PT.Icon.TransitStopWaterTransit.Lookup"]], "POI.PT.Icon.TransitStopWaterTransit.Lookup.FileName": ["get", "ICON_FILE_NAME", ["ref", "POI.PT.Icon.TransitStopWaterTransit.Lookup"]], "POI.PT.Icon.TransitStopWaterTransit.Lookup.Group": ["get", "ICON_GROUP", ["ref", "POI.PT.Icon.TransitStopWaterTransit.Lookup"]], "POI.PT.Icon.TransitStopWaterTransit.Lookup.IconMaxLevel": ["get", "ICON_MAX_ZOOM_LVL", ["ref", "POI.PT.Icon.TransitStopWaterTransit.Lookup"]], "POI.PT.Icon.TransitStopWaterTransit.Lookup.IconMinLevel": ["get", "ICON_MIN_ZOOM_LVL", ["ref", "POI.PT.Icon.TransitStopWaterTransit.Lookup"]], "POI.PT.Icon.TransitStopWaterTransit.Lookup.Priority": ["get", "ICON_PRIORITY", ["ref", "POI.PT.Icon.TransitStopWaterTransit.Lookup"]], "POI.PT.Icon.TransitStopWaterTransit.Lookup.TextMaxLevel": ["get", "LABEL_MAX_ZOOM_LVL", ["ref", "POI.PT.Icon.TransitStopWaterTransit.Lookup"]], "POI.PT.Icon.TransitStopWaterTransit.Lookup.TextMinLevel": ["get", "LABEL_MIN_ZOOM_LVL", ["ref", "POI.PT.Icon.TransitStopWaterTransit.Lookup"]], "POI.PT.Icon.TransitStopWaterTransit.Lookup.MapDisplayFlag": ["get", "MAP_DISPLAY_FLAG", ["ref", "POI.PT.Icon.TransitStopWaterTransit.Lookup"]]}}