{"styles": [{"id": "boundary_line", "layer": "tilezen_lines", "when": ["all", ["ref", "Is.Boundary.Layer"], ["any", ["ref", "Is.StateBoundary.Disputed"], ["ref", "Is.StateBoundary"], ["ref", "Is.CountryBoundary.Disputed"], ["ref", "Is.CountryBoundary"], ["ref", "Is.Japan.AdditionalBoundary"]]], "technique": "line", "description": "Boundary Line", "attr": {"category": ["case", ["any", ["ref", "Is.StateBoundary.Disputed"], ["ref", "Is.StateBoundary"]], "state-border", "country-border"], "dasharray": ["case", ["ref", "Is.StateBoundary.Disputed.Dash"], ["make-vector", ["world-scale", ["ref", "StateBoundary.Disputed.Gap.Length"]], ["world-scale", ["ref", "StateBoundary.Disputed.Dash.Length"]], 0, 0], ["ref", "Is.StateBoundary.Disputed.Dotted"], ["make-vector", ["world-scale", ["ref", "StateBoundary.Disputed.Dotted.Gap.Length"]], ["world-scale", ["ref", "StateBoundary.Disputed.Dotted.Dash.Length"]], 0, 0], ["ref", "Is.StateBoundary"], ["make-vector", ["world-scale", ["ref", "StateBoundary.Gap.Length"]], ["world-scale", ["ref", "StateBoundary.Dash.Length"]], 0, 0], ["ref", "Is.CountryBoundary.Disputed.Dash"], ["make-vector", ["world-scale", ["ref", "CountryBoundary.Disputed.Gap.Length"]], ["world-scale", ["ref", "CountryBoundary.Disputed.Dash.Length"]], 0, 0], ["ref", "Is.CountryBoundary.Disputed.Dotted"], ["make-vector", ["world-scale", ["ref", "CountryBoundary.Disputed.Dotted.Gap.Length"]], ["world-scale", ["ref", "CountryBoundary.Disputed.Dotted.Dash.Length"]], 0, 0], null], "dash-gap-color": ["case", ["any", ["ref", "Is.CountryBoundary.Disputed.Dash"], ["ref", "Is.CountryBoundary.Disputed.Dotted"], ["ref", "Is.StateBoundary"], ["ref", "Is.StateBoundary.Disputed.Dash"], ["ref", "Is.StateBoundary.Disputed.Dotted"]], "#00000000", null], "width": ["case", ["any", ["ref", "Is.StateBoundary.Disputed"], ["ref", "Is.StateBoundary.Disputed.Dash"], ["ref", "Is.StateBoundary.Disputed.Dotted"]], ["world-scale", ["ref", "StateBoundary.Disputed.Width"]], ["ref", "Is.StateBoundary"], ["world-scale", ["ref", "StateBoundary.Width"]], ["any", ["ref", "Is.CountryBoundary.Disputed"], ["ref", "Is.CountryBoundary.Disputed.Dash"], ["ref", "Is.CountryBoundary.Disputed.Dotted"]], ["world-scale", ["ref", "CountryBoundary.Disputed.Width"]], ["world-scale", ["ref", "CountryBoundary.Width"]]], "color": ["case", ["any", ["ref", "Is.StateBoundary.Disputed"], ["ref", "Is.StateBoundary.Disputed.Dash"], ["ref", "Is.StateBoundary.Disputed.Dotted"]], ["ref", "StateBoundary.Disputed.Color"], ["ref", "Is.StateBoundary"], ["ref", "StateBoundary.Color"], ["any", ["ref", "Is.CountryBoundary.Disputed"], ["ref", "Is.CountryBoundary.Disputed.Dash"], ["ref", "Is.CountryBoundary.Disputed.Dotted"]], ["ref", "CountryBoundary.Disputed.Color"], ["ref", "CountryBoundary.Color"]], "softdepth": ["ref", "SoftDepth.Threshold"]}}, {"id": "boundary_outline", "layer": "tilezen_lines", "when": ["all", ["ref", "Is.Boundary.Layer"], ["any", ["ref", "Is.StateBoundary.Disputed"], ["ref", "Is.StateBoundary"], ["ref", "Is.CountryBoundary.Disputed"], ["ref", "Is.CountryBoundary"], ["ref", "Is.Japan.AdditionalBoundary"]]], "technique": "line", "description": "Boundary Outline", "attr": {"category": ["case", ["any", ["ref", "Is.StateBoundary.Disputed"], ["ref", "Is.StateBoundary"]], "state-border-outline", "country-border-outline"], "dasharray": ["case", ["==", ["get", "source"], "nav_info"], ["case", ["ref", "Is.StateBoundary.Disputed"], ["make-vector", ["world-scale", ["ref", "StateBoundary.Disputed.Gap.Length"]], ["world-scale", ["ref", "StateBoundary.Disputed.Dash.Length"]], 0, 0], ["ref", "Is.CountryBoundary.Disputed"], ["make-vector", ["world-scale", ["ref", "CountryBoundary.Disputed.Gap.Length"]], ["world-scale", ["ref", "CountryBoundary.Disputed.Dash.Length"]], 0, 0], null], null], "width": ["case", ["any", ["ref", "Is.StateBoundary.Disputed"], ["ref", "Is.StateBoundary.Disputed.Dash"], ["ref", "Is.StateBoundary.Disputed.Dotted"]], ["world-scale", ["ref", "StateBoundary.Disputed.Outline.Width"]], ["ref", "Is.StateBoundary"], ["world-scale", ["ref", "StateBoundary.Outline.Width"]], ["any", ["ref", "Is.CountryBoundary.Disputed"], ["ref", "Is.CountryBoundary.Disputed.Dash"], ["ref", "Is.CountryBoundary.Disputed.Dotted"]], ["world-scale", ["ref", "CountryBoundary.Disputed.Outline.Width"]], ["world-scale", ["ref", "CountryBoundary.Outline.Width"]]], "color": ["case", ["any", ["ref", "Is.StateBoundary.Disputed"], ["ref", "Is.StateBoundary.Disputed.Dash"], ["ref", "Is.StateBoundary.Disputed.Dotted"]], ["ref", "StateBoundary.Disputed.Outline.Color"], ["ref", "Is.StateBoundary"], ["ref", "StateBoundary.Outline.Color"], ["any", ["ref", "Is.CountryBoundary.Disputed"], ["ref", "Is.CountryBoundary.Disputed.Dash"], ["ref", "Is.CountryBoundary.Disputed.Dotted"]], ["ref", "CountryBoundary.Disputed.Outline.Color"], ["ref", "CountryBoundary.Outline.Color"]], "softdepth": ["ref", "SoftDepth.Threshold"]}}]}