{"definitions": {"Polygon.Ambient.Factor": 1, "Polygon.Diffuse.Factor": 1, "ExtrudedBuilding.Roof.Shininess": 100, "ExtrudedBuilding.Wall.Shininess": 2, "ExtrudedBuilding.FakeAO.Height": 10, "ExtrudedBuilding.Ambient.Factor": 1, "ExtrudedBuilding.Diffuse.Factor": 1, "ExtrudedBuilding.Specular.Factor": 1, "ExtrudedBuilding.Scale": 1, "ExtrudedBuilding.Special.MinZoomLevel": 16, "ExtrudedBuilding.MinZoomLevel": 17, "ExtrudedBuilding.WithLandmark.MaxZoomLevel": null, "Internal.ExtrudedBuilding.Enabled": false, "Building.Outline.Width": ["interpolate", ["linear"], ["zoom"], 15, 0.2, 16, 0.3], "Building.MinZoomLevel": 15.5, "Building.MaxZoomLevel": null, "Building.WithLandmark.MaxZoomLevel": null, "Building.WithoutLandmark": ["all", ["any", ["ref", "Is.Building.Layer"], ["ref", "Is.Building.Label.Layer"]], ["!", ["get", "has_landmark"]]], "Internal.Landmark.Enabled": false, "Numbers.Margin": 10, "Numbers.PersistingMargin.Reducing": 4, "BuildingAddress.MinZoomLevel": 19, "Internal.BuildingAddress.Label.Size": 0, "Internal.Building.Label.Size": 0, "Internal.Parcel.Label.Size": 0, "Building.Label.Display.Enabled": true, "Building.Label.Variant": ["ref", "Label.Variant.Regular"]}}