{"definitions": {"Continent.Label.Leading": 2, "Continent.Label.Tracking": 0, "Island.Label.Leading": 0, "Island.Label.Tracking": 0, "MountainRange.Label.DualLanguage.Leading": ["interpolate", ["linear"], ["zoom"], 8, 13, 10, 18, 12, 23, 15, 33, 18, 40, 20, 48, 24, 130], "MountainRange.Label.Display.Enabled": true, "Island.Label.Display.Enabled": true, "Continent.Label.Display.Enabled": true, "MountainRange.Label.Variant": ["ref", "Label.Variant.Regular"], "MountainRange.Label.Style": ["ref", "Label.Style.RegularItalic"], "Island.Label.Variant": ["ref", "Label.Variant.Regular"], "Continent.Label.Variant": ["ref", "Label.Variant.Regular"]}}