{"styles": [{"id": "mountain_range_line_labels", "layer": "tilezen_lines", "when": ["all", ["ref", "Is.Earth.Layer"], ["ref", "Is.MountainRange"], ["ref", "MountainRange.Label.Display.Enabled"]], "technique": "text", "description": "Mountain Range Line Labels", "attr": {"category": "mountain-range-labels", "margin": ["ref", "Default.Margin"], "persisting-margin-reducing": ["ref", "Default.PersistingMargin.Reducing"], "new-label-spread-frames": 10, "fade-time": 0.3, "far-threshold": 0.8, "far-threshold-range": 0.015, "size": ["ppi-scale", ["ref", "MountainRange.Label.Size"], ["ref", "ScalePPI.Labels"]], "outline-width": ["ppi-scale", ["ref", "MountainRange.Label.Outline.Width"], ["ref", "ScalePPI.Labels"]], "color": ["ref", "MountainRange.Label.Color"], "outline-color": ["ref", "MountainRange.Label.Outline.Color"], "leading-space": ["ppi-scale", ["ref", "MountainRange.Label.Leading"], ["ref", "ScalePPI.Labels"]], "tracking-space": ["ppi-scale", ["ref", "MountainRange.Label.Tracking"], ["ref", "ScalePPI.Labels"]], "font": ["ref", "Default.Font"], "shape": "line", "polyline-padding-px": 0, "dual-language-leading-space": ["ppi-scale", ["ref", "MountainRange.Label.DualLanguage.Leading"], ["ref", "ScalePPI.Labels"]], "slant-amount": ["ref", "MountainRange.Label.Style"], "case-conversion": ["ref", "MountainRange.Label.Variant"], "softdepth": ["ref", "SoftDepth.Threshold"]}}, {"id": "island_labels", "layer": "tilezen_points", "when": ["all", ["ref", "Is.Earth.Layer"], ["ref", "Is.Island"], ["ref", "Island.Label.Display.Enabled"]], "technique": "text", "description": "Island Labels", "attr": {"category": "island-labels", "margin": ["ref", "Default.Margin"], "persisting-margin-reducing": ["ref", "Default.PersistingMargin.Reducing"], "replaceable": true, "new-label-spread-frames": 10, "fade-time": 0.3, "far-threshold": 0.8, "far-threshold-range": 0.015, "break-line": true, "size": ["ppi-scale", ["ref", "Island.Label.Size"], ["ref", "ScalePPI.Labels"]], "outline-width": ["ppi-scale", ["ref", "Island.Label.Outline.Width"], ["ref", "ScalePPI.Labels"]], "color": ["ref", "Island.Label.Color"], "outline-color": ["ref", "Island.Label.Outline.Color"], "leading-space": ["ppi-scale", ["ref", "Island.Label.Leading"], ["ref", "ScalePPI.Labels"]], "tracking-space": ["ppi-scale", ["ref", "Island.Label.Tracking"], ["ref", "ScalePPI.Labels"]], "font": ["ref", "Default.Font"], "shape": "point", "case-conversion": ["ref", "Island.Label.Variant"], "softdepth": ["ref", "SoftDepth.Threshold"]}}, {"id": "continent_labels", "layer": "tilezen_points", "when": ["all", ["ref", "Is.Earth.Layer"], ["ref", "Is.Continent"], ["ref", "Continent.Label.Display.Enabled"]], "technique": "text", "description": "Continent Labels", "attr": {"category": "continent-labels", "margin": ["ref", "Default.Margin"], "persisting-margin-reducing": ["ref", "Default.PersistingMargin.Reducing"], "replaceable": true, "new-label-spread-frames": 10, "fade-time": 0.3, "far-threshold": 0.85, "far-threshold-range": 0.015, "break-line": null, "size": ["ppi-scale", ["ref", "Continent.Label.Size"], ["ref", "ScalePPI.Labels"]], "outline-width": ["ppi-scale", ["ref", "Continent.Label.Outline.Width"], ["ref", "ScalePPI.Labels"]], "color": ["ref", "Continent.Label.Color"], "outline-color": ["ref", "Continent.Label.Outline.Color"], "leading-space": ["ppi-scale", ["ref", "Continent.Label.Leading"], ["ref", "ScalePPI.Labels"]], "tracking-space": ["ppi-scale", ["ref", "Continent.Label.Tracking"], ["ref", "ScalePPI.Labels"]], "font": ["ref", "Default.Font"], "shape": "point", "case-conversion": ["ref", "Continent.Label.Variant"], "softdepth": 0}}]}