{"definitions": {"Sky.Intermediate.Percent": 30, "Sky.Bottom.Color": "#bfd7ef", "Sky.Top.Color": "#347bc0", "Sky.Intermediate.Color": "#72a4d6", "Sky.Reference.Horizon": 0.55, "Sky.Reference.Top": 1, "Sky.Horizon.BlendRange": 0.4, "Sky.AltitudeFade.Start": 50000, "Sky.AltitudeFade.End": 750000, "Spacebackground.Star.Density": 0.0001, "Spacebackground.Star.Brightness": 0.2, "Spacebackground.Nebula.Enabled": false, "Spacebackground.Nebula.Density": 0.12, "Spacebackground.Nebula.Falloff": 15, "Spacebackground.Nebula.Steps": 5, "Spacebackground.Nebula.Offset": ["make-vector", 0, 0, 0], "Spacebackground.Nebula.Color": "#646478", "Fog.Distance.Color": "#c8e1fa", "Ambient.Color": "#ffffff", "Ambient.Intensity": 1, "Light1.Color": "#ffffff", "Light1.Intensity": 0.7, "Light1.Azimuth": 210, "Light1.Altitude": 55, "Light2.Color": "#ffffff", "Light2.Intensity": 0.15, "Light2.Azimuth": 330, "Light2.Altitude": 20, "Light3.Color": "#ffffff", "Light3.Intensity": 0.35, "Light3.Azimuth": 90, "Light3.Altitude": 10, "Clear.Color": ["ref", "Land.Color"], "Fog.StartDistance": ["interpolate", ["linear"], ["zoom"], 7.5, 1, 11, 0.96, 14, 0.8], "Fog.FarDistance": ["interpolate", ["linear"], ["zoom"], 7.5, 1, 11, 0.86667, 14, 0.796], "Fog.FarDistance.Factor": 1, "Fog.Density": ["interpolate", ["linear"], ["zoom"], 15, 0.3, 20, 1], "Fog.GlobalHorizon.Density": ["interpolate", ["linear"], ["zoom"], 0, 2.5, 1, 2.25, 2, 1.4, 3, 0.9, 4, 0.6, 5, 0.5, 6, 0.6, 7, 1, 8, 3, 9, 0], "Fog.Global.Width": ["interpolate", ["linear"], ["zoom"], 0, 0.15, 1, 0.15, 2, 0.15, 3, 0.11, 4, 0.11, 5, 0.1, 6, 0.09, 7, 0.08, 8, 0.07, 9, 0], "Halo.LowOrbit": 12000000, "Halo.HighOrbit": ["*", 3, ["ref", "Halo.LowOrbit"]], "Halo.LowOrbit.Size": 1.1, "Halo.HighOrbit.Size": 1.05, "Halo.SpaceFade.Start": ["/", ["ref", "Sky.AltitudeFade.Start"], 2], "Halo.SpaceFade.End": ["ref", "Sky.AltitudeFade.Start"], "Halo.Horizon.Color": ["ref", "Fog.Distance.Color"], "Halo.Sky.Color": "#007dff", "Halo.Density": ["interpolate", ["linear"], ["zoom"], 0, 1, 2, 1, 2, 3.6], "Halo.Distribution": ["interpolate", ["linear"], ["zoom"], 0, 0.25, 2, 0.25, 2, 0.175], "ShadowFadeDistanceStart": 0.87, "ShadowFadeDistanceFar": 0.92, "FadeDistance.Start": ["ref", "ShadowFadeDistanceStart"], "FadeDistance.Far": ["ref", "ShadowFadeDistanceFar"], "Internal.Shadow.Enabled": false, "Shadow.FarPlane.Quality.VeryLow": ["step", ["zoom"], 4830.0, 17.0, 2320.0, 18.0, 1110.0, 19.0, 920.0, 20.0, 830.0, 21.0, 740.0, 22.0, 450.0, 23.0, 360.0], "Shadow.FadeDistance.Quality.VeryLow": ["step", ["zoom"], 200.0, 18.0, 111.0, 19.0, 92.0, 20.0, 83.0, 21.0, 74.0, 22.0, 45.0, 23.0, 36.0], "Shadow.FarPlane.Quality.Low": ["step", ["zoom"], 4830.0, 17.0, 2330.0, 18.0, 1120.0, 19.0, 930.0, 20.0, 840.0, 21.0, 750.0, 22.0, 460.0, 23.0, 370.0], "Shadow.FadeDistance.Quality.Low": ["step", ["zoom"], 200.0, 18.0, 112.0, 19.0, 93.0, 20.0, 84.0, 21.0, 75.0, 22.0, 46.0, 23.0, 37.0], "Shadow.FarPlane.Quality.Medium": ["step", ["zoom"], 4630.0, 17.0, 2340.0, 18.0, 1130.0, 19.0, 940.0, 20.0, 850.0, 21.0, 760.0, 22.0, 470.0, 23.0, 380.0], "Shadow.FadeDistance.Quality.Medium": ["step", ["zoom"], 200.0, 18.0, 113.0, 19.0, 94.0, 20.0, 85.0, 21.0, 76.0, 22.0, 47.0, 23.0, 38.0], "Shadow.FarPlane.Quality.High": ["step", ["zoom"], 4730.0, 17.0, 2350.0, 18.0, 1140.0, 19.0, 950.0, 20.0, 860.0, 21.0, 770.0, 22.0, 480.0, 23.0, 390.0], "Shadow.FadeDistance.Quality.High": ["step", ["zoom"], 200.0, 18.0, 114.0, 19.0, 95.0, 20.0, 86.0, 21.0, 77.0, 22.0, 48.0, 23.0, 39.0], "Shadow.FarPlane.Quality.VeryHigh": ["step", ["zoom"], 4830.0, 17.0, 2420.0, 18.0, 1200.0, 19.0, 1000.0, 20.0, 900.0, 21.0, 800.0, 22.0, 500.0, 23.0, 400.0], "Shadow.FadeDistance.Quality.VeryHigh": ["step", ["zoom"], 200.0, 18.0, 120.0, 19.0, 100.0, 20.0, 90.0, 21.0, 80.0, 22.0, 50.0, 23.0, 40.0], "Shadow.Color": "#01112f80"}}