{"styles": [{"layer": "clear", "technique": "clear", "attr": {"color": ["ref", "Clear.Color"]}}, {"layer": "depthsky", "technique": "depthsky", "attr": {"maxZoomLevel": ["step", ["tilt"], 0.0, 30.0, null], "gradient-sky": ["ref", "Sky.Top.Color"], "gradient-intermediate": ["ref", "Sky.Intermediate.Color"], "gradient-intermediate-slider": ["ref", "Sky.Intermediate.Percent"], "gradient-horizon": ["ref", "Sky.Bottom.Color"], "horizon-blend-range": ["ref", "Sky.Horizon.BlendRange"], "reference-top": ["ref", "Sky.Reference.Top"], "fade-start": ["ref", "Sky.AltitudeFade.Start"], "fade-end": ["ref", "Sky.AltitudeFade.End"], "reference-horizon": ["ref", "Sky.Reference.Horizon"]}}, {"layer": "environment", "technique": "outdoor", "attr": {"ambient-intensity": ["ref", "Ambient.Intensity"], "ambient-color": ["ref", "Ambient.Color"], "main-visual-enabled": false, "main-direction": ["make-vector", ["ref", "Light1.Azimuth"], ["ref", "Light1.Altitude"]], "main-intensity": ["ref", "Light1.Intensity"], "main-color": ["ref", "Light1.Color"], "main-has-lens-flare": false, "back-direction": ["make-vector", ["ref", "Light2.Azimuth"], ["ref", "Light2.Altitude"]], "back-intensity": ["ref", "Light2.Intensity"], "back-color": ["ref", "Light2.Color"], "back-visual-enabled": false, "rim-direction": ["make-vector", ["ref", "Light3.Azimuth"], ["ref", "Light3.Altitude"]], "rim-intensity": ["ref", "Light3.Intensity"], "rim-color": ["ref", "Light3.Color"], "rim-visual-enabled": false}}, {"layer": "shadow", "technique": "shadow", "attr": {"shadow-enable": ["step", ["zoom"], false, 16, ["all", ["ref", "Internal.Shadow.Enabled"], ["any", ["ref", "Internal.ExtrudedBuilding.Enabled"], ["ref", "Internal.Landmark.Enabled"]]]], "shadow-far-plane-quality-verylow": ["ref", "Shadow.FarPlane.Quality.VeryLow"], "shadow-fade-distance-quality-verylow": ["ref", "Shadow.FadeDistance.Quality.VeryLow"], "shadow-far-plane-quality-low": ["ref", "Shadow.FarPlane.Quality.Low"], "shadow-fade-distance-quality-low": ["ref", "Shadow.FadeDistance.Quality.Low"], "shadow-far-plane-quality-medium": ["ref", "Shadow.FarPlane.Quality.Medium"], "shadow-fade-distance-quality-medium": ["ref", "Shadow.FadeDistance.Quality.Medium"], "shadow-far-plane-quality-high": ["ref", "Shadow.FarPlane.Quality.High"], "shadow-fade-distance-quality-high": ["ref", "Shadow.FadeDistance.Quality.High"], "shadow-far-plane-quality-veryhigh": ["ref", "Shadow.FarPlane.Quality.VeryHigh"], "shadow-fade-distance-quality-veryhigh": ["ref", "Shadow.FadeDistance.Quality.VeryHigh"], "shadow-color": ["ref", "Shadow.Color"]}}, {"layer": "geo", "technique": "geo", "attr": {"full-planar-map-transition-factor": ["interpolate", ["linear"], ["zoom"], 3, 1.0, 4, 0.0]}}, {"layer": "geofog", "technique": "geofog", "attr": {"ground-density": ["ref", "Fog.Density"], "top-down-density": 0, "far-factor": ["interpolate", ["linear"], ["zoom"], 5, 40, 10, 20], "color": ["ref", "Fog.Distance.Color"], "start-distance": ["ref", "Fog.StartDistance"], "far-distance": ["*", ["ref", "Fog.FarDistance"], ["ref", "Fog.FarDistance.Factor"]]}}, {"layer": "geohalo", "technique": "geohalo", "attr": {"maxZoomLevel": 8.5, "high-orbit": ["ref", "Halo.HighOrbit"], "high-orbit-size": ["ref", "Halo.HighOrbit.Size"], "low-orbit": ["ref", "Halo.LowOrbit"], "low-orbit-size": ["ref", "Halo.LowOrbit.Size"], "halo-density": ["ref", "Halo.Density"], "halo-distribution": ["ref", "Halo.Distribution"], "space-fade-start": ["ref", "Halo.SpaceFade.Start"], "space-fade-end": ["ref", "Halo.SpaceFade.End"], "sky-color": ["ref", "Halo.Sky.Color"], "horizon-color": ["ref", "Halo.Horizon.Color"], "global-fog-horizon-density": ["ref", "Fog.GlobalHorizon.Density"], "global-fog-width": ["ppi-scale", ["ref", "Fog.Global.Width"]]}}, {"layer": "spacebackground", "technique": "spacebackground", "attr": {"maxZoomLevel": 8, "star-density": ["ref", "Spacebackground.Star.Density"], "star-brightness": ["ref", "Spacebackground.Star.Brightness"], "use-nebula": ["ref", "Spacebackground.Nebula.Enabled"], "nebula-density": ["ref", "Spacebackground.Nebula.Density"], "nebula-falloff": ["ref", "Spacebackground.Nebula.Falloff"], "nebula-color": ["ref", "Spacebackground.Nebula.Color"], "nebula-steps": ["ref", "Spacebackground.Nebula.Steps"], "nebula-offset": ["ref", "Spacebackground.Nebula.Offset"]}}]}