{"styles": [{"id": "ev-range_fill", "layer": "ev-range", "technique": "ev_range", "attr": {"category": "fill", "color-inner": ["ref", "RemainingRangeEV.InnerGradient.Color"], "softdepth": ["ref", "SoftDepth.Threshold"], "color": ["ref", "RemainingRangeEV.OuterGradient.Color"]}}, {"id": "ev-range_innerline", "layer": "ev-range", "technique": "line", "attr": {"category": ["case", ["get", "inner"], "inner", null], "opacity": ["case", ["get", "inner"], 0, null], "width": ["world-scale", ["ref", "RemainingRangeEV.Line.Width"]], "softdepth": ["ref", "SoftDepth.Threshold"], "color": ["ref", "RemainingRangeEV.Line.Color"]}}, {"id": "ev-range_outline", "layer": "ev-range", "when": ["!", ["get", "inner"]], "technique": "line", "description": "outline", "attr": {"offset": ["world-scale", ["-", ["ref", "RemainingRangeEV.Outline.Offset"]]], "width": ["world-scale", ["ref", "RemainingRangeEV.Outline.Width"]], "softdepth": ["ref", "SoftDepth.Threshold"], "color": ["ref", "RemainingRangeEV.Outline.Color"]}}, {"id": "ev-range2_fill", "layer": "ev-range2", "technique": "ev_range", "attr": {"category": "fill", "color-inner": ["ref", "RemainingRangeEV.InnerGradient.Color"], "softdepth": ["ref", "SoftDepth.Threshold"], "color": ["ref", "RemainingRangeEV.OuterGradient.Color"]}}, {"id": "ev-range2_innerline", "layer": "ev-range2", "technique": "line", "attr": {"category": ["case", ["get", "inner"], "inner", null], "opacity": ["case", ["get", "inner"], 0, null], "width": ["world-scale", ["ref", "RemainingRangeEV.Line.Width"]], "softdepth": ["ref", "SoftDepth.Threshold"], "color": ["ref", "RemainingRangeEV.Line.Color"]}}, {"id": "ev-range2_outline", "layer": "ev-range2", "when": ["!", ["get", "inner"]], "technique": "line", "description": "outline", "attr": {"offset": ["world-scale", ["-", ["ref", "RemainingRangeEV.Outline.Offset"]]], "width": ["world-scale", ["ref", "RemainingRangeEV.Outline.Width"]], "softdepth": ["ref", "SoftDepth.Threshold"], "color": ["ref", "RemainingRangeEV.Outline.Color"]}}]}