{"definitions": {"ExitInfo.Number.Display.Enabled": false, "ExitInfo.Name.Display.Enabled": false, "ExitInfo.Number.Label.Size": ["interpolate", ["linear"], ["zoom"], 15, 7, 20, 8.5], "ExitInfo.Number.Label.SizeFactor": ["interpolate", ["linear"], ["zoom"], 15, 1, 20, 1.5, 24, 2], "ExitInfo.Number.Label.Outline.Width": 0, "ExitInfo.Number.Label.Color": "#3f4858", "ExitInfo.Number.Label.AMER.Color": "#ffffff", "ExitInfo.Number.Label.Outline.Color": ["ref", "ExitInfo.Number.Label.Color"], "ExitInfo.Number.Label.AMER.Outline.Color": ["ref", "ExitInfo.Number.Label.AMER.Color"], "ExitInfo.Number.Label.Leading": 2, "ExitInfo.Number.Icon.Shadow.Enabled": false, "ExitInfo.Icon.Brightness": 1, "ExitInfo.Label.Brightness": 1, "ExitInfo.Number.Icon.Width": ["interpolate", ["linear"], ["zoom"], 15, 19, 20, 21], "ExitInfo.Number.Icon.Height": ["interpolate", ["linear"], ["zoom"], 15, 13, 20, 15], "ExitInfo.Name.Label.Size": ["interpolate", ["linear"], ["zoom"], 15, 7, 20, 8.5], "ExitInfo.Name.Label.SizeFactor": ["ref", "ExitInfo.Number.Label.SizeFactor"], "ExitInfo.Name.Label.Outline.Width": 0, "ExitInfo.Name.Label.Color": ["ref", "ExitInfo.Number.Label.Color"], "ExitInfo.Name.Label.AMER.Color": ["ref", "ExitInfo.Number.Label.AMER.Color"], "ExitInfo.Name.Label.Outline.Color": "#4f5e7600", "ExitInfo.Name.Label.AMER.Outline.Color": "#ffffff60", "ExitInfo.Name.Label.Leading": 2, "ExitInfo.Name.Icon.Shadow.Enabled": false, "ExitInfo.Name.Icon.Brightness": 1, "ExitInfo.Name.Label.Brightness": 1, "ExitInfo.Name.Label.OffsetY": 3, "ExitInfo.Margin": 1, "ExitInfo.PersistingMargin.Reducing": 2, "ExitInfo.Name.Label.Variant": ["ref", "Label.Variant.Regular"]}}