{"definitions": {"Miami": "fonts/FiraGO_Map.ttf; DroidSansFallback.ttf; fonts/DroidSansFallback.ttf; fonts/LohitKanMalTamTel.ttf; fonts/NotoSansArmenian-Regular-unhinted.ttf; fonts/NotoSansGeorgian-Regular-unhinted.ttf; fonts/NotoSansKhmer-Regular-unhinted.ttf; fonts/NotoSansMyanmar-Regular-unhinted.ttf; fonts/NotoSansOriya-Regular-unhinted.ttf; fonts/NotoSansGujarati-Regular-unhinted.ttf; fonts/NotoSansBengali-Regular-unhinted.ttf; fonts/NotoSansGurmukhi-Regular-unhinted.ttf", "Oslo_Japan": "fonts/FiraGO_Map.ttf; msgothic.ttc; \u30d2\u30e9\u30ae\u30ce\u89d2\u30b4\u30b7\u30c3\u30af W3.ttc; opentype/noto/NotoSansCJK-Regular.ttc; NotoSansCJK-Regular.ttc; NotoSansJP-Regular.otf; fonts/NotoSansJP-Regular.otf; fonts/DroidSansFallback.ttf; fonts/LohitKanMalTamTel.ttf; fonts/NotoSansArmenian-Regular-unhinted.ttf; fonts/NotoSansGeorgian-Regular-unhinted.ttf; fonts/NotoSansKhmer-Regular-unhinted.ttf; fonts/NotoSansMyanmar-Regular-unhinted.ttf; fonts/NotoSansOriya-Regular-unhinted.ttf; fonts/NotoSansGujarati-Regular-unhinted.ttf; fonts/NotoSansBengali-Regular-unhinted.ttf; fonts/NotoSansGurmukhi-Regular-unhinted.ttf", "SignTextNarrowBold": "fonts/SignTextNarrow_Bold.ttf", "Default.Font": ["ref", "Miami"], "Label.Variant.Regular": "keepOriginal", "Label.Variant.UpperCase": "makeUpperCase", "Label.Style.Regular": 0, "Label.Style.RegularItalic": 0.22, "Label.Style.Bold": 0.7}}