{"styles": [{"id": "hillshade_polygons", "layer": "tilezen_hillshade", "when": ["ref", "Is.Hillshade.Layer"], "technique": "polygon", "description": "Hillshade Polygons", "attr": {"category": "hillshade", "lighting-enabled": ["ref", "Land.PolygonLighting.Enabled"], "ambient": ["ref", "Polygon.Ambient.Factor"], "diffuse": ["ref", "Polygon.Diffuse.Factor"], "opacity": ["ref", "Terrain.Shading.Opacity"], "color": ["case", ["ref", "Is.Hillshade.Shadow"], ["ref", "Terrain.Shading.Shadow.Color"], ["ref", "Terrain.Shading.Highlight.Color"]]}}]}