{"definitions": {"Is.Area.Japan.WithOutline": ["any", ["ref", "Is.UndergroundCity"], ["ref", "Is.RailwayStation"], ["ref", "Is.CommuterStation"], ["ref", "Is.PedestrianArea"], ["ref", "Is.Divider"], ["ref", "Is.Grassland"], ["ref", "Is.LowSpeedZone"]], "Is.Area.Japan.WithSecondOutline": ["ref", "Is.LowSpeedZone"]}, "styles": [{"id": "japan_landuse_labels", "extends": "landuse_points", "layer": "tilezen_points", "when": ["==", ["get", "source"], "ipc"], "technique": "text", "description": "Landuse Labels", "attr": {"category": "small-land-use-labels", "color": ["case", ["ref", "Is.PlaceOfWorship"], ["ref", "PlaceOfWorship.Label.Color"], ["ref", "Is.AttractionPark"], ["ref", "AttractionPark.Label.Color"], ["ref", "Is.ImperialFacility"], ["ref", "ImperialFacility.Label.Color"], ["ref", "Is.School"], ["ref", "School.Label.Color"], ["ref", "Is.Dam"], ["ref", "Dam.Label.Color"], ["ref", "Is.AccommodationFacility"], ["ref", "AccommodationFacility.Label.Color"], ["ref", "Is.OutdoorFacility"], ["ref", "OutdoorFacility.Label.Color"], ["ref", "Is.InstitutionalOffice"], ["ref", "InstitutionalOffice.Label.Color"], ["ref", "Is.Retail"], ["ref", "Retail.Label.Color"], ["ref", "Is.ServiceArea"], ["ref", "ServiceArea.Label.Color"], ["ref", "Is.Transportation"], ["ref", "Transportation.Label.Color"], ["ref", "Is.Wetland"], ["ref", "Wetland.Label.Color"], ["ref", "Is.SkiingGrounds"], ["ref", "SkiingGrounds.Label.Color"], ["base-attribute-value"]], "outline-color": ["case", ["ref", "Is.PlaceOfWorship"], ["ref", "PlaceOfWorship.Label.Outline.Color"], ["ref", "Is.AttractionPark"], ["ref", "AttractionPark.Label.Outline.Color"], ["ref", "Is.ImperialFacility"], ["ref", "ImperialFacility.Label.Outline.Color"], ["ref", "Is.School"], ["ref", "School.Label.Outline.Color"], ["ref", "Is.Dam"], ["ref", "Dam.Label.Outline.Color"], ["ref", "Is.AccommodationFacility"], ["ref", "AccommodationFacility.Label.Outline.Color"], ["ref", "Is.OutdoorFacility"], ["ref", "OutdoorFacility.Label.Outline.Color"], ["ref", "Is.InstitutionalOffice"], ["ref", "InstitutionalOffice.Label.Outline.Color"], ["ref", "Is.Retail"], ["ref", "Retail.Label.Outline.Color"], ["ref", "Is.ServiceArea"], ["ref", "ServiceArea.Label.Outline.Color"], ["ref", "Is.Transportation"], ["ref", "Transportation.Label.Outline.Color"], ["ref", "Is.Wetland"], ["ref", "Wetland.Label.Outline.Color"], ["ref", "Is.SkiingGrounds"], ["ref", "SkiingGrounds.Label.Outline.Color"], ["base-attribute-value"]], "size": ["case", ["ref", "Is.PlaceOfWorship"], ["ppi-scale", ["ref", "PlaceOfWorship.Label.Size"], ["ref", "ScalePPI.Labels"]], ["ref", "Is.AttractionPark"], ["ppi-scale", ["ref", "AttractionPark.Label.Size"], ["ref", "ScalePPI.Labels"]], ["ref", "Is.ImperialFacility"], ["ppi-scale", ["ref", "ImperialFacility.Label.Size"], ["ref", "ScalePPI.Labels"]], ["ref", "Is.School"], ["ppi-scale", ["ref", "School.Label.Size"], ["ref", "ScalePPI.Labels"]], ["ref", "Is.Dam"], ["ppi-scale", ["ref", "Dam.Label.Size"], ["ref", "ScalePPI.Labels"]], ["ref", "Is.AccommodationFacility"], ["ppi-scale", ["ref", "AccommodationFacility.Label.Size"], ["ref", "ScalePPI.Labels"]], ["ref", "Is.OutdoorFacility"], ["ppi-scale", ["ref", "OutdoorFacility.Label.Size"], ["ref", "ScalePPI.Labels"]], ["ref", "Is.InstitutionalOffice"], ["ppi-scale", ["ref", "InstitutionalOffice.Label.Size"], ["ref", "ScalePPI.Labels"]], ["ref", "Is.Retail"], ["ppi-scale", ["ref", "Retail.Label.Size"], ["ref", "ScalePPI.Labels"]], ["ref", "Is.ServiceArea"], ["ppi-scale", ["ref", "ServiceArea.Label.Size"], ["ref", "ScalePPI.Labels"]], ["ref", "Is.Transportation"], ["ppi-scale", ["ref", "Transportation.Label.Size"], ["ref", "ScalePPI.Labels"]], ["ref", "Is.Wetland"], 0, ["any", ["ref", "Is.RailwayStation"], ["ref", "Is.CommuterStation"]], 0, ["ref", "Is.SkiingGrounds"], ["ppi-scale", ["ref", "SkiingGrounds.Label.Size"], ["ref", "ScalePPI.Labels"]], ["base-attribute-value"]], "outline-width": ["case", ["ref", "Is.PlaceOfWorship"], ["ppi-scale", ["ref", "PlaceOfWorship.Label.Outline.Width"], ["ref", "ScalePPI.Labels"]], ["ref", "Is.AttractionPark"], ["ppi-scale", ["ref", "AttractionPark.Label.Outline.Width"], ["ref", "ScalePPI.Labels"]], ["ref", "Is.ImperialFacility"], ["ppi-scale", ["ref", "ImperialFacility.Label.Outline.Width"], ["ref", "ScalePPI.Labels"]], ["ref", "Is.School"], ["ppi-scale", ["ref", "School.Label.Outline.Width"], ["ref", "ScalePPI.Labels"]], ["ref", "Is.Dam"], ["ppi-scale", ["ref", "Dam.Label.Outline.Width"], ["ref", "ScalePPI.Labels"]], ["ref", "Is.AccommodationFacility"], ["ppi-scale", ["ref", "AccommodationFacility.Label.Outline.Width"], ["ref", "ScalePPI.Labels"]], ["ref", "Is.OutdoorFacility"], ["ppi-scale", ["ref", "OutdoorFacility.Label.Outline.Width"], ["ref", "ScalePPI.Labels"]], ["ref", "Is.InstitutionalOffice"], ["ppi-scale", ["ref", "InstitutionalOffice.Label.Outline.Width"], ["ref", "ScalePPI.Labels"]], ["ref", "Is.Retail"], ["ppi-scale", ["ref", "Retail.Label.Outline.Width"], ["ref", "ScalePPI.Labels"]], ["ref", "Is.ServiceArea"], ["ppi-scale", ["ref", "ServiceArea.Label.Outline.Width"], ["ref", "ScalePPI.Labels"]], ["ref", "Is.Transportation"], ["ppi-scale", ["ref", "Transportation.Label.Outline.Width"], ["ref", "ScalePPI.Labels"]], ["ref", "Is.Wetland"], ["ppi-scale", ["ref", "Wetland.Label.Outline.Width"], ["ref", "ScalePPI.Labels"]], ["ref", "Is.SkiingGrounds"], ["ppi-scale", ["ref", "SkiingGrounds.Label.Outline.Width"], ["ref", "ScalePPI.Labels"]], ["base-attribute-value"]], "shape": "point"}}, {"id": "japan_landuse_polygons", "extends": "landuse_polygon", "layer": "tilezen_polygons", "when": ["all", ["==", ["get", "source"], "ipc"], ["!", ["ref", "Is.CityMesh"]]], "technique": "polygon", "description": "Landuse Polygons", "attr": {"category": ["case", ["ref", "Is.Grassland"], "grassland", ["ref", "Is.Grass"], "grass", ["ref", "Is.FloodProneArea"], "flood_prone_area", ["ref", "Is.Block"], "block", ["ref", "Is.Steps"], "steps", ["ref", "Is.PavedArea"], "paved_area", ["ref", "Is.PedestrianArea"], "japan-pedestrian", ["ref", "Is.Sand"], "sand", ["ref", "Is.UndergroundCity"], "underground_area", ["ref", "Is.Divider"], "divider", ["ref", "Is.PlaceOfWorship"], "worship_place", ["ref", "Is.School"], "school", ["ref", "Is.Wetland"], "wetland", ["ref", "Is.Breakwater"], "breakwater", ["ref", "Is.AccommodationFacility"], "accomodation_facility", ["ref", "Is.AttractionPark"], "attraction", ["ref", "Is.Dam"], "dam", ["ref", "Is.ImperialFacility"], "imperial_facility", ["ref", "Is.InstitutionalOffice"], "institutional_office", ["ref", "Is.OutdoorFacility"], "outdoor_facility", ["ref", "Is.Retail"], "retail", ["ref", "Is.ServiceArea"], "service_area", ["ref", "Is.Transportation"], "transportation", ["ref", "Is.TunnelEntrance"], "tunnel_entrance", ["ref", "Is.SkiingGrounds"], "skiing-grounds", ["ref", "Is.LowSpeedZone"], "low_speed_zone", ["ref", "Is.RailwayStation"], "railway_station", ["ref", "Is.CommuterStation"], "commuter_station", ["base-attribute-value"]], "opacity": ["case", ["ref", "Is.LowSpeedZone"], ["ref", "LowSpeedZone.Opacity"], ["base-attribute-value"]], "color": ["case", ["ref", "Is.Grassland"], ["ref", "Grassland.Color"], ["ref", "Is.Grass"], ["ref", "Grass.Color"], ["ref", "Is.FloodProneArea"], ["ref", "FloodProneArea.Color"], ["ref", "Is.Block"], ["ref", "Block.Color"], ["ref", "Is.Steps"], ["ref", "Steps.Color"], ["ref", "Is.PavedArea"], ["ref", "PavedArea.Color"], ["ref", "Is.Sand"], ["ref", "Sand.Color"], ["ref", "Is.UndergroundCity"], ["ref", "UndergroundArea.Color"], ["ref", "Is.Divider"], ["ref", "Divider.Color"], ["ref", "Is.PlaceOfWorship"], ["ref", "PlaceOfWorship.Color"], ["ref", "Is.School"], ["ref", "School.Color"], ["ref", "Is.Wetland"], ["ref", "Wetland.Color"], ["ref", "Is.Breakwater"], ["ref", "WaterBreak.Color"], ["ref", "Is.AccommodationFacility"], ["ref", "AccommodationFacility.Color"], ["ref", "Is.AttractionPark"], ["ref", "AttractionPark.Color"], ["ref", "Is.Dam"], ["ref", "Dam.Color"], ["ref", "Is.ImperialFacility"], ["ref", "ImperialFacility.Color"], ["ref", "Is.InstitutionalOffice"], ["ref", "InstitutionalOffice.Color"], ["ref", "Is.OutdoorFacility"], ["ref", "OutdoorFacility.Color"], ["ref", "Is.Retail"], ["ref", "Retail.Color"], ["ref", "Is.ServiceArea"], ["ref", "ServiceArea.Color"], ["ref", "Is.Transportation"], ["ref", "Transportation.Color"], ["ref", "Is.TunnelEntrance"], ["ref", "TunnelEntrance.Color"], ["ref", "Is.SkiingGrounds"], ["ref", "SkiingGrounds.Color"], ["ref", "Is.LowSpeedZone"], ["ref", "LowSpeedZone.Color"], ["ref", "Is.RailwayStation"], ["ref", "RailwayStation.Color"], ["ref", "Is.CommuterStation"], ["ref", "CommuterStation.Color"], ["base-attribute-value"]]}}, {"id": "japan_landuse_polygon_outlines", "extends": "landuse_polygon_outlines", "layer": "tilezen_polygons_outlines", "when": ["==", ["get", "source"], "ipc"], "technique": "line", "description": "Landuse Polygons Outlines", "attr": {"category": ["case", ["ref", "Is.UndergroundCity"], "underground_area-outline", ["ref", "Is.PedestrianArea"], "japan-pedestrian-outline", ["ref", "Is.Grassland"], "grassland-outline", ["ref", "Is.Divider"], "divider-outline", ["ref", "Is.LowSpeedZone"], "low_speed_zone-outline", ["ref", "Is.RailwayStation"], "railway_station-outline", ["ref", "Is.CommuterStation"], "commuter_station-outline", ["base-attribute-value"]], "cap": ["case", ["ref", "Is.LowSpeedZone"], "none", ["base-attribute-value"]], "alpha-blend-type": ["case", ["ref", "Is.LowSpeedZone"], ["ref", "Zones.Alpha.Blend.Type"], ["base-attribute-value"]], "opacity": ["case", ["ref", "Is.LowSpeedZone"], ["ref", "LowSpeedZone.Opacity"], ["base-attribute-value"]], "color": ["case", ["ref", "Is.UndergroundCity"], ["ref", "UndergroundArea.Outline.Color"], ["ref", "Is.PedestrianArea"], ["ref", "PedestrianArea.Outline.Color"], ["ref", "Is.Grassland"], ["ref", "Grassland.Outline.Color"], ["ref", "Is.Divider"], ["ref", "Divider.Outline.Color"], ["ref", "Is.LowSpeedZone"], ["ref", "LowSpeedZone.Outline.Color"], ["ref", "Is.RailwayStation"], ["ref", "RailwayStation.Outline.Color"], ["ref", "Is.CommuterStation"], ["ref", "CommuterStation.Outline.Color"], ["base-attribute-value"]], "width": ["case", ["ref", "Is.UndergroundCity"], ["world-scale", ["ref", "UndergroundArea.Outline.Width"]], ["ref", "Is.PedestrianArea"], ["world-scale", ["ref", "PedestrianArea.Outline.Width"]], ["ref", "Is.Grassland"], ["world-scale", ["ref", "Grassland.Outline.Width"]], ["ref", "Is.Divider"], ["world-scale", ["ref", "Divider.Outline.Width"]], ["ref", "Is.LowSpeedZone"], ["world-scale", ["ref", "LowSpeedZone.Outline.Width"]], ["ref", "Is.RailwayStation"], ["world-scale", ["ref", "RailwayStation.Outline.Width"]], ["ref", "Is.CommuterStation"], ["world-scale", ["ref", "CommuterStation.Outline.Width"]], ["base-attribute-value"]], "offset": ["case", ["ref", "Is.UndergroundCity"], ["world-scale", ["-", ["ref", "UndergroundArea.Outline.Offset"]]], ["ref", "Is.RailwayStation"], ["world-scale", ["-", ["ref", "RailwayStation.Outline.Offset"]]], ["ref", "Is.CommuterStation"], ["world-scale", ["-", ["ref", "CommuterStation.Outline.Offset"]]], ["base-attribute-value"]]}}, {"id": "japan_landuse_polygon_second_outlines", "extends": "landuse_polygon_second_outlines", "layer": "tilezen_polygons_outlines", "when": ["==", ["get", "source"], "ipc"], "technique": "line", "description": "Landuse Polygons Second Outlines", "attr": {"category": ["case", ["ref", "Is.LowSpeedZone"], "low_speed_zone-second-outline", ["base-attribute-value"]], "cap": ["case", ["ref", "Is.LowSpeedZone"], "none", ["base-attribute-value"]], "alpha-blend-type": ["case", ["ref", "Is.LowSpeedZone"], ["ref", "Zones.Alpha.Blend.Type"], ["base-attribute-value"]], "opacity": ["case", ["ref", "Is.LowSpeedZone"], ["ref", "LowSpeedZone.Opacity"], ["base-attribute-value"]], "color": ["case", ["ref", "Is.LowSpeedZone"], ["ref", "LowSpeedZone.SecondOutline.Color"], ["base-attribute-value"]], "width": ["case", ["ref", "Is.LowSpeedZone"], ["world-scale", ["ref", "LowSpeedZone.SecondOutline.Width"]], ["base-attribute-value"]], "offset": ["case", ["ref", "Is.LowSpeedZone"], ["world-scale", ["-", ["ref", "LowSpeedZone.SecondOutline.Offset"]]], ["base-attribute-value"]]}}, {"id": "japan_landuse_polygon_third_outlines", "layer": "tilezen_polygons_outlines", "when": ["all", ["==", ["get", "source"], "ipc"], ["ref", "Is.LowSpeedZone"]], "technique": "line", "description": "Low Speed Zone Polygons Third Outlines", "attr": {"category": "low_speed_zone-third-outline", "cap": "none", "alpha-blend-type": ["ref", "Zones.Alpha.Blend.Type"], "opacity": ["ref", "LowSpeedZone.Opacity"], "color": ["ref", "LowSpeedZone.ThirdOutline.Color"], "width": ["world-scale", ["ref", "LowSpeedZone.ThirdOutline.Width"]], "offset": ["world-scale", ["-", ["ref", "LowSpeedZone.ThirdOutline.Offset"]]]}}, {"id": "japan_landuse_lines", "layer": "tilezen_lines", "when": ["ref", "Is.Decorative.Lines.Enabled"], "technique": "line", "description": "Japan Landuse Lines", "attr": {"category": ["case", ["ref", "Is.Decorative.TollGate"], "landuse_toll_gate", ["ref", "Is.Decorative.WaterRoute"], "ferry", ["ref", "Is.Decorative.Stairs"], "landuse_stairs_lines", ["ref", "Is.Breakwater"], "landuse_breakwater_lines", "landuse_lines"], "alpha-blend-type": ["ref", "Alpha.Blend.Type"], "color": ["case", ["ref", "Is.Decorative.Line"], ["ref", "Decorative.Line.Color"], ["ref", "Is.Decorative.TollGate"], ["ref", "Divider.Color"], ["ref", "Is.Decorative.FloodGate"], ["ref", "Decorative.FloodGate.Line.Color"], ["ref", "Is.Decorative.WaterRoute"], ["ref", "Ferry.Line.Color"], ["ref", "Is.Decorative.Stairs"], ["ref", "Decorative.Stairs.Line.Color"], ["ref", "Is.Decorative.Divider"], ["ref", "Divider.Color"], ["ref", "Is.Decorative.Road"], ["ref", "Decorative.Road.Line.Color"], ["ref", "Is.Decorative.RailRoad"], ["ref", "Decorative.RailRoad.Line.Color"], ["ref", "Is.Breakwater"], ["ref", "WaterBreak.Color"], "#00000000"], "dash-gap-color": ["case", ["ref", "Is.Decorative.WaterRoute"], ["ref", "Ferry.SecondLine.Color"], "#00000000"], "dasharray": ["case", ["ref", "Is.Decorative.WaterRoute"], ["ref", "Internal.Ferry.DashArray"], ["ref", "Is.Decorative.TollGate"], ["ref", "Internal.TollGate.DashArray"], null], "width": ["case", ["ref", "Is.Decorative.WaterRoute"], ["world-scale", ["ref", "Ferry.Line.Width"]], ["ref", "Is.Decorative.Expressway"], ["world-scale", ["ref", "Decorative.Expressway.Line.Width"]], ["world-scale", ["ref", "Decorative.Line.Width"]]], "softdepth": ["ref", "SoftDepth.Threshold"]}}]}