{"definitions": {"AsiaSelectedSystems.Transit.Subway.Line.Opacity": 1, "AsiaSelectedSystems.Transit.Subway.Outline.Opacity": 1, "AsiaSelectedSystems.Transit.Subway.Label.Tracking": 0, "AsiaSelectedSystems.Transit.HighSpeed.Label.Tracking": 0, "AsiaSelectedSystems.Transit.Subway.Label.Style": ["ref", "Label.Style.Bold"], "AsiaSelectedSystems.Transit.HighSpeed.Label.Style": ["ref", "Label.Style.Bold"], "AsiaSelectedSystems.Transit.Line.Color.Darken": ["ref", "Transit.Line.Color.Darken"], "AsiaSelectedSystems.Transit.Subway.Label.Color.Darken": ["ref", "AsiaSelectedSystems.Transit.Line.Color.Darken"], "AsiaSelectedSystems.Transit.HighSpeed.Label.Color.Darken": ["ref", "AsiaSelectedSystems.Transit.Line.Color.Darken"]}}