{"styles": [{"id": "japan_admin_labels", "extends": "admin_labels", "layer": "tilezen_points", "when": ["==", ["get", "source"], "ipc"], "technique": "icon-text", "description": "Japan Places", "attr": {"category": ["case", ["ref", "Is.CityCenter.Block"], "japan-city-center-microhood-block", ["ref", "Is.CityCenter.Parcel"], "japan-city-center-microhood-parcel", ["ref", "Is.CityCenter.Oaza"], "japan-city-center-oaza", ["ref", "Is.CityCenter.Aza"], "japan-city-center-aza", ["ref", "Is.State"], "japan-state-labels", ["base-attribute-value"]], "far-threshold": ["case", ["ref", "Is.CityCenter.Block"], ["interpolate", ["linear"], ["zoom"], 18, 0.75, 19, 0.6, 20, 0.45], ["ref", "Is.CityCenter.Parcel"], ["interpolate", ["linear"], ["zoom"], 18, 0.7, 19, 0.55, 20, 0.4], ["ref", "Is.CityCenter.Oaza"], 0.85, ["ref", "Is.CityCenter.Aza"], 0.85, ["base-attribute-value"]], "text-color": ["case", ["ref", "Is.CityCenter.Block"], ["ref", "Block.Label.Color"], ["ref", "Is.CityCenter.Parcel"], ["ref", "Parcel.Label.Color"], ["ref", "Is.CityCenter.Oaza"], ["ref", "Oaza.Label.Color"], ["ref", "Is.CityCenter.Aza"], ["ref", "Aza.Label.Color"], ["base-attribute-value"]], "text-outline-color": ["case", ["ref", "Is.CityCenter.Block"], ["ref", "Block.Label.Outline.Color"], ["ref", "Is.CityCenter.Parcel"], ["ref", "Parcel.Label.Outline.Color"], ["ref", "Is.CityCenter.Oaza"], ["ref", "Oaza.Label.Outline.Color"], ["ref", "Is.CityCenter.Aza"], ["ref", "Aza.Label.Outline.Color"], ["base-attribute-value"]], "text-size": ["case", ["ref", "Is.CityCenter.Block"], ["ppi-scale", ["ref", "Block.Label.Size"], ["ref", "ScalePPI.Labels"]], ["ref", "Is.CityCenter.Parcel"], ["ppi-scale", ["ref", "Internal.Parcel.Label.Size"], ["ref", "ScalePPI.Labels"]], ["ref", "Is.CityCenter.Oaza"], ["ppi-scale", ["ref", "Oaza.Label.Size"], ["ref", "ScalePPI.Labels"]], ["ref", "Is.CityCenter.Aza"], ["ppi-scale", ["ref", "Aza.Label.Size"], ["ref", "ScalePPI.Labels"]], ["base-attribute-value"]], "text-outline-width": ["case", ["ref", "Is.CityCenter.Block"], ["ppi-scale", ["ref", "Block.Label.Outline.Width"], ["ref", "ScalePPI.Labels"]], ["ref", "Is.CityCenter.Parcel"], ["ppi-scale", ["ref", "Parcel.Label.Outline.Width"], ["ref", "ScalePPI.Labels"]], ["ref", "Is.CityCenter.Oaza"], ["ppi-scale", ["ref", "Oaza.Label.Outline.Width"], ["ref", "ScalePPI.Labels"]], ["ref", "Is.CityCenter.Aza"], ["ppi-scale", ["ref", "Aza.Label.Outline.Width"], ["ref", "ScalePPI.Labels"]], ["base-attribute-value"]], "leading-space": ["case", ["ref", "Is.CityCenter.Block"], null, ["ref", "Is.CityCenter.Parcel"], null, ["ref", "Is.CityCenter.Oaza"], null, ["ref", "Is.CityCenter.Aza"], null, ["base-attribute-value"]], "tracking-space": ["case", ["ref", "Is.CityCenter.Block"], null, ["ref", "Is.CityCenter.Parcel"], null, ["ref", "Is.CityCenter.Oaza"], ["ppi-scale", ["ref", "Oaza.Label.Tracking"], ["ref", "ScalePPI.Labels"]], ["ref", "Is.CityCenter.Aza"], ["ppi-scale", ["ref", "Aza.Label.Tracking"], ["ref", "ScalePPI.Labels"]], ["base-attribute-value"]], "text-case-conversion": ["case", ["ref", "Is.CityCenter.Block"], null, ["ref", "Is.CityCenter.Parcel"], null, ["ref", "Is.CityCenter.Oaza"], ["ref", "Oaza.Label.Variant"], ["ref", "Is.CityCenter.Aza"], ["ref", "Aza.Label.Variant"], ["base-attribute-value"]], "textMinZoomLevel": ["case", ["ref", "Is.CityCenter.Block"], 18, ["ref", "Is.CityCenter.Parcel"], 19, null]}}]}