{"styles": [{"id": "japan_boundary_line", "extends": "boundary_line", "layer": "tilezen_lines", "when": ["==", ["get", "source"], "ipc"], "technique": "line", "description": "Japan Boundary Line", "attr": {"category": ["case", ["ref", "Is.MunicipalityBoundary"], "municipality-border", ["ref", "Is.DistrictBoundary"], "district-border", ["ref", "Is.NeighborhoodBoundary"], "neighborhood-border", ["ref", "Is.MicrohoodBoundary"], "microhood-border", ["base-attribute-value"]], "minZoomLevel": ["case", ["ref", "Is.MunicipalityBoundary"], 11.5, ["ref", "Is.MicrohoodBoundary"], 18, ["base-attribute-value"]], "dasharray": ["case", ["ref", "Is.StateBoundary"], null, ["ref", "Is.MunicipalityBoundary"], ["make-vector", ["world-scale", ["ref", "MunicipalityBoundary.Gap.Length"]], ["world-scale", ["ref", "MunicipalityBoundary.Dash1.Length"]], ["world-scale", ["ref", "MunicipalityBoundary.Gap.Length"]], ["world-scale", ["ref", "MunicipalityBoundary.Dash2.Length"]]], ["ref", "Is.DistrictBoundary"], ["make-vector", ["world-scale", ["ref", "DistrictBoundary.Gap.Length"]], ["world-scale", ["ref", "DistrictBoundary.Dash.Length"]], 0, 0], ["ref", "Is.NeighborhoodBoundary"], ["make-vector", ["world-scale", ["ref", "NeighborhoodBoundary.Gap.Length"]], ["world-scale", ["ref", "NeighborhoodBoundary.Dash.Length"]], 0, 0], ["ref", "Is.MicrohoodBoundary"], ["make-vector", ["world-scale", ["ref", "MicrohoodBoundary.Gap.Length"]], ["world-scale", ["ref", "MicrohoodBoundary.Dash.Length"]], 0, 0], ["base-attribute-value"]], "dash-gap-color": ["case", ["any", ["ref", "Is.MunicipalityBoundary"], ["ref", "Is.DistrictBoundary"], ["ref", "Is.NeighborhoodBoundary"], ["ref", "Is.MicrohoodBoundary"]], "#00000000", ["base-attribute-value"]], "width": ["case", ["ref", "Is.MunicipalityBoundary"], ["world-scale", ["ref", "MunicipalityBoundary.Width"]], ["ref", "Is.DistrictBoundary"], ["world-scale", ["ref", "DistrictBoundary.Width"]], ["ref", "Is.NeighborhoodBoundary"], ["world-scale", ["ref", "NeighborhoodBoundary.Width"]], ["ref", "Is.MicrohoodBoundary"], ["world-scale", ["ref", "MicrohoodBoundary.Width"]], ["base-attribute-value"]], "color": ["case", ["ref", "Is.MunicipalityBoundary"], ["ref", "MunicipalityBoundary.Color"], ["ref", "Is.DistrictBoundary"], ["ref", "DistrictBoundary.Color"], ["ref", "Is.NeighborhoodBoundary"], ["ref", "NeighborhoodBoundary.Color"], ["ref", "Is.MicrohoodBoundary"], ["ref", "MicrohoodBoundary.Color"], ["base-attribute-value"]]}}, {"id": "japan_boundary_outline", "extends": "boundary_outline", "layer": "tilezen_lines", "when": ["==", ["get", "source"], "ipc"], "technique": "line", "description": "Japan Boundary Outline", "attr": {"category": ["case", ["ref", "Is.MunicipalityBoundary"], "municipality-border-outline", ["ref", "Is.DistrictBoundary"], "district-border-outline", ["ref", "Is.NeighborhoodBoundary"], "neighborhood-border-outline", ["ref", "Is.MicrohoodBoundary"], "microhood-border-outline", ["base-attribute-value"]], "minZoomLevel": ["case", ["ref", "Is.MunicipalityBoundary"], 11.5, ["ref", "Is.MicrohoodBoundary"], 18, ["base-attribute-value"]], "width": ["case", ["ref", "Is.MunicipalityBoundary"], ["world-scale", ["ref", "MunicipalityBoundary.Outline.Width"]], ["ref", "Is.DistrictBoundary"], ["world-scale", ["ref", "DistrictBoundary.Outline.Width"]], ["ref", "Is.NeighborhoodBoundary"], ["world-scale", ["ref", "NeighborhoodBoundary.Outline.Width"]], ["ref", "Is.MicrohoodBoundary"], ["world-scale", ["ref", "MicrohoodBoundary.Outline.Width"]], ["base-attribute-value"]], "color": ["case", ["ref", "Is.MunicipalityBoundary"], ["ref", "MunicipalityBoundary.Outline.Color"], ["ref", "Is.DistrictBoundary"], ["ref", "DistrictBoundary.Outline.Color"], ["ref", "Is.NeighborhoodBoundary"], ["ref", "NeighborhoodBoundary.Outline.Color"], ["ref", "Is.MicrohoodBoundary"], ["ref", "MicrohoodBoundary.Outline.Color"], ["base-attribute-value"]]}}]}