{"styles": [{"id": "japan-pois_pt", "extends": "pois_pt", "layer": "tilezen_points", "when": ["==", ["get", "source"], "ipc"], "technique": "icon-text", "description": "GTFS POIs with PDS category", "attr": {"category": "japan-public-transport-labels", "text-size": ["case", ["any", ["ref", "Is.POI.TransitStop.HighSpeed"], ["ref", "Is.POI.TransitStop.Intercity"], ["ref", "Is.POI.TransitStop.Regional"]], ["ppi-scale", ["ref", "POI.TransitStop.Railway.Label.Size"], ["ref", "ScalePPI.Labels"]], ["ppi-scale", ["ref", "POI.TransitStop.Label.Size"], ["ref", "ScalePPI.Labels"]]], "text-outline-width": ["case", ["any", ["ref", "Is.POI.TransitStop.HighSpeed"], ["ref", "Is.POI.TransitStop.Intercity"], ["ref", "Is.POI.TransitStop.Regional"]], ["ppi-scale", ["ref", "POI.TransitStop.Railway.Label.Outline.Width"], ["ref", "ScalePPI.Labels"]], ["ppi-scale", ["ref", "POI.TransitStop.Label.Outline.Width"], ["ref", "ScalePPI.Labels"]]], "text-color": ["case", ["any", ["ref", "Is.POI.TransitStop.HighSpeed"], ["ref", "Is.POI.TransitStop.Intercity"], ["ref", "Is.POI.TransitStop.Regional"]], ["ref", "POI.TransitStop.Railway.Label.Color"], ["ref", "POI.TransitStop.Label.Color"]], "text-outline-color": ["case", ["any", ["ref", "Is.POI.TransitStop.HighSpeed"], ["ref", "Is.POI.TransitStop.Intercity"], ["ref", "Is.POI.TransitStop.Regional"]], ["ref", "POI.TransitStop.Railway.Label.Outline.Color"], ["ref", "POI.TransitStop.Label.Outline.Color"]], "icon-height": ["ref", "Internal.POI.TransitStop.IconSize"], "icon-dy": ["/", ["-", ["*", ["ref", "Internal.POI.TransitStop.IconSize"], ["interpolate", ["linear"], ["tilt"], 0, ["ref", "POI.TransitStop.Icon.AnchorPoint.TopDown"], 45, ["ref", "POI.TransitStop.Icon.AnchorPoint.Tilt"]]]], 2], "text-dy": ["ppi-scale", ["ref", "POI.TransitStop.Label.OffsetY"], ["ref", "ScalePPI.Labels"]]}}]}