{"definitions": {"Is.Area.Japan.WithOutline": false, "Is.Area.Japan.WithSecondOutline": false, "Is.Area.WithOutline": ["any", ["ref", "Is.NationalPark"], ["ref", "Is.WaterPark"], ["ref", "Is.NativeReservation"], ["ref", "Is.MilitaryBase"], ["ref", "Is.Runway"], ["ref", "Is.EnvironmentalZone"], ["ref", "Is.CongestionZone"], ["ref", "Is.Area.Japan.WithOutline"]], "Is.Area.WithSecondOutline": ["any", ["ref", "Is.NationalPark"], ["ref", "Is.WaterPark"], ["ref", "Is.NativeReservation"], ["ref", "Is.MilitaryBase"], ["ref", "Is.EnvironmentalZone"], ["ref", "Is.CongestionZone"], ["ref", "Is.Area.Japan.WithSecondOutline"]]}, "styles": [{"id": "landuse_points", "layer": "tilezen_points", "when": ["all", ["ref", "Is.Landuse.Label.Layer"], ["ref", "Landuse.Label.Display.Enabled"]], "technique": "text", "description": "Landuse Labels", "attr": {"category": ["case", ["ref", "Is.EnvironmentalZone"], "environmental-zone-labels", ["ref", "Is.CongestionZone"], "congestion-zone-labels", ["any", ["ref", "Is.NationalPark"], ["ref", "Is.NativeReservation"], ["ref", "Is.MilitaryBase"]], "large-land-use-labels", ["any", ["ref", "Is.Woodland"], ["ref", "Is.Glacier"], ["ref", "Is.Desert"]], "land-cover-labels", ["any", ["ref", "Is.Beach"], ["ref", "Is.AmusementPark"], ["ref", "Is.AnimalPark"], ["ref", "Is.Cemetery"], ["ref", "Is.HospitalCampus"], ["ref", "Is.Park"], ["ref", "Is.PedestrianArea"], ["ref", "Is.SportsComplex"], ["ref", "Is.UniversityCampus"], ["ref", "Is.Airport"], ["ref", "Is.HarborArea"], ["ref", "Is.WaterPark"], ["ref", "Is.Railyard"], ["ref", "Is.GolfCourse"], ["ref", "Is.Allotment"], ["ref", "Is.ShoppingComplex"]], "small-land-use-labels", ["ref", "Is.IndustrialComplex"], ["ref", "IndustrialComplex.Label.Category"], "small-land-use-labels"], "margin": ["ref", "Default.Margin"], "persisting-margin-reducing": ["ref", "Default.PersistingMargin.Reducing"], "far-threshold": 0.85, "far-threshold-range": 0.015, "fade-time": 0.3, "break-line": true, "replaceable": true, "new-label-spread-frames": 10, "color": ["case", ["ref", "Is.CongestionZone"], ["ref", "CongestionZone.Label.Color"], ["ref", "Is.EnvironmentalZone"], ["ref", "EnvironmentalZone.Label.Color"], ["ref", "Is.NationalPark"], ["ref", "NationalPark.Label.Color"], ["ref", "Is.Woodland"], ["ref", "Woodland.Label.Color"], ["ref", "Is.AmusementPark"], ["ref", "AmusementPark.Label.Color"], ["ref", "Is.AnimalPark"], ["ref", "AnimalPark.Label.Color"], ["ref", "Is.Cemetery"], ["ref", "Cemetery.Label.Color"], ["ref", "Is.HospitalCampus"], ["ref", "HospitalCampus.Label.Color"], ["ref", "Is.Park"], ["ref", "Park.Label.Color"], ["ref", "Is.PedestrianArea"], ["ref", "PedestrianArea.Label.Color"], ["ref", "Is.Airport"], ["ref", "Airport.Label.Color"], ["ref", "Is.HarborArea"], ["ref", "HarborArea.Label.Color"], ["ref", "Is.IndustrialComplex"], ["ref", "IndustrialComplex.Label.Color"], ["ref", "Is.Glacier"], ["ref", "Glacier.Label.Color"], ["ref", "Is.Desert"], ["ref", "Desert.Label.Color"], ["ref", "Is.WaterPark"], ["ref", "WaterPark.Label.Color"], ["ref", "Is.Railyard"], ["ref", "Railyard.Label.Color"], ["ref", "Is.GolfCourse"], ["ref", "GolfCourse.Label.Color"], ["ref", "Is.NativeReservation"], ["ref", "NativeReservation.Label.Color"], ["ref", "Is.MilitaryBase"], ["ref", "MilitaryBase.Label.Color"], ["ref", "Is.Allotment"], ["ref", "Allotment.Label.Color"], ["ref", "Is.SportsComplex"], ["ref", "SportsComplex.Label.Color"], ["ref", "Is.ShoppingComplex"], ["ref", "ShoppingComplex.Label.Color"], ["ref", "Is.Beach"], ["ref", "Beach.Label.Color"], ["ref", "Is.UniversityCampus"], ["ref", "UniversityCampus.Label.Color"], "#000000"], "outline-color": ["case", ["ref", "Is.EnvironmentalZone"], ["ref", "EnvironmentalZone.Label.Outline.Color"], ["ref", "Is.CongestionZone"], ["ref", "CongestionZone.Label.Outline.Color"], ["ref", "Is.NationalPark"], ["ref", "NationalPark.Label.Outline.Color"], ["ref", "Is.Woodland"], ["ref", "Woodland.Label.Outline.Color"], ["ref", "Is.AmusementPark"], ["ref", "AmusementPark.Label.Outline.Color"], ["ref", "Is.AnimalPark"], ["ref", "AnimalPark.Label.Outline.Color"], ["ref", "Is.Cemetery"], ["ref", "Cemetery.Label.Outline.Color"], ["ref", "Is.HospitalCampus"], ["ref", "HospitalCampus.Label.Outline.Color"], ["ref", "Is.Park"], ["ref", "Park.Label.Outline.Color"], ["ref", "Is.PedestrianArea"], ["ref", "PedestrianArea.Label.Outline.Color"], ["ref", "Is.Airport"], ["ref", "Airport.Label.Outline.Color"], ["ref", "Is.HarborArea"], ["ref", "HarborArea.Label.Outline.Color"], ["ref", "Is.IndustrialComplex"], ["ref", "IndustrialComplex.Label.Outline.Color"], ["ref", "Is.Glacier"], ["ref", "Glacier.Label.Outline.Color"], ["ref", "Is.Desert"], ["ref", "Desert.Label.Outline.Color"], ["ref", "Is.WaterPark"], ["ref", "WaterPark.Label.Outline.Color"], ["ref", "Is.Railyard"], ["ref", "Railyard.Label.Outline.Color"], ["ref", "Is.GolfCourse"], ["ref", "GolfCourse.Label.Outline.Color"], ["ref", "Is.NativeReservation"], ["ref", "NativeReservation.Label.Outline.Color"], ["ref", "Is.MilitaryBase"], ["ref", "MilitaryBase.Label.Outline.Color"], ["ref", "Is.Allotment"], ["ref", "Allotment.Label.Outline.Color"], ["ref", "Is.SportsComplex"], ["ref", "SportsComplex.Label.Outline.Color"], ["ref", "Is.ShoppingComplex"], ["ref", "ShoppingComplex.Label.Outline.Color"], ["ref", "Is.Beach"], ["ref", "Beach.Label.Outline.Color"], ["ref", "Is.UniversityCampus"], ["ref", "UniversityCampus.Label.Outline.Color"], "#008000"], "size": ["case", ["ref", "Is.CongestionZone"], ["ppi-scale", ["ref", "CongestionZone.Label.Size"], ["ref", "ScalePPI.Labels"]], ["ref", "Is.EnvironmentalZone"], ["ppi-scale", ["ref", "EnvironmentalZone.Label.Size"], ["ref", "ScalePPI.Labels"]], ["ref", "Is.NationalPark"], ["ppi-scale", ["ref", "NationalPark.Label.Size"], ["ref", "ScalePPI.Labels"]], ["ref", "Is.Woodland"], ["ppi-scale", ["ref", "Woodland.Label.Size"], ["ref", "ScalePPI.Labels"]], ["ref", "Is.AmusementPark"], ["ppi-scale", ["ref", "AmusementPark.Label.Size"], ["ref", "ScalePPI.Labels"]], ["ref", "Is.AnimalPark"], ["ppi-scale", ["ref", "AnimalPark.Label.Size"], ["ref", "ScalePPI.Labels"]], ["ref", "Is.Cemetery"], ["ppi-scale", ["ref", "Cemetery.Label.Size"], ["ref", "ScalePPI.Labels"]], ["ref", "Is.HospitalCampus"], ["ppi-scale", ["ref", "HospitalCampus.Label.Size"], ["ref", "ScalePPI.Labels"]], ["ref", "Is.Park"], ["ppi-scale", ["ref", "Park.Label.Size"], ["ref", "ScalePPI.Labels"]], ["ref", "Is.PedestrianArea"], ["ppi-scale", ["ref", "PedestrianArea.Label.Size"], ["ref", "ScalePPI.Labels"]], ["ref", "Is.Airport"], ["ppi-scale", ["ref", "Airport.Label.Size"], ["ref", "ScalePPI.Labels"]], ["ref", "Is.HarborArea"], ["ppi-scale", ["ref", "HarborArea.Label.Size"], ["ref", "ScalePPI.Labels"]], ["ref", "Is.IndustrialComplex"], ["ppi-scale", ["ref", "IndustrialComplex.Label.Size"], ["ref", "ScalePPI.Labels"]], ["ref", "Is.ParkingArea"], 0, ["ref", "Is.Glacier"], ["ppi-scale", ["ref", "Glacier.Label.Size"], ["ref", "ScalePPI.Labels"]], ["ref", "Is.Desert"], ["ppi-scale", ["ref", "Desert.Label.Size"], ["ref", "ScalePPI.Labels"]], ["ref", "Is.WaterPark"], ["ppi-scale", ["ref", "WaterPark.Label.Size"], ["ref", "ScalePPI.Labels"]], ["ref", "Is.Railyard"], ["ppi-scale", ["ref", "Railyard.Label.Size"], ["ref", "ScalePPI.Labels"]], ["ref", "Is.GolfCourse"], ["ppi-scale", ["ref", "GolfCourse.Label.Size"], ["ref", "ScalePPI.Labels"]], ["ref", "Is.NativeReservation"], ["ppi-scale", ["ref", "NativeReservation.Label.Size"], ["ref", "ScalePPI.Labels"]], ["ref", "Is.MilitaryBase"], ["ppi-scale", ["ref", "MilitaryBase.Label.Size"], ["ref", "ScalePPI.Labels"]], ["ref", "Is.Allotment"], ["ppi-scale", ["ref", "Allotment.Label.Size"], ["ref", "ScalePPI.Labels"]], ["ref", "Is.SportsComplex"], ["ppi-scale", ["ref", "SportsComplex.Label.Size"], ["ref", "ScalePPI.Labels"]], ["ref", "Is.ShoppingComplex"], ["ppi-scale", ["ref", "ShoppingComplex.Label.Size"], ["ref", "ScalePPI.Labels"]], ["ref", "Is.Beach"], ["ppi-scale", ["ref", "Beach.Label.Size"], ["ref", "ScalePPI.Labels"]], ["ref", "Is.UniversityCampus"], ["ppi-scale", ["ref", "UniversityCampus.Label.Size"], ["ref", "ScalePPI.Labels"]], ["ppi-scale", ["ref", "Fallback.Label.Size"], ["ref", "ScalePPI.Labels"]]], "outline-width": ["case", ["ref", "Is.CongestionZone"], ["ppi-scale", ["ref", "CongestionZone.Label.Outline.Width"], ["ref", "ScalePPI.Labels"]], ["ref", "Is.EnvironmentalZone"], ["ppi-scale", ["ref", "EnvironmentalZone.Label.Outline.Width"], ["ref", "ScalePPI.Labels"]], ["ref", "Is.NationalPark"], ["ppi-scale", ["ref", "NationalPark.Label.Outline.Width"], ["ref", "ScalePPI.Labels"]], ["ref", "Is.Woodland"], ["ppi-scale", ["ref", "Woodland.Label.Outline.Width"], ["ref", "ScalePPI.Labels"]], ["ref", "Is.AmusementPark"], ["ppi-scale", ["ref", "AmusementPark.Label.Outline.Width"], ["ref", "ScalePPI.Labels"]], ["ref", "Is.AnimalPark"], ["ppi-scale", ["ref", "AnimalPark.Label.Outline.Width"], ["ref", "ScalePPI.Labels"]], ["ref", "Is.Cemetery"], ["ppi-scale", ["ref", "Cemetery.Label.Outline.Width"], ["ref", "ScalePPI.Labels"]], ["ref", "Is.HospitalCampus"], ["ppi-scale", ["ref", "HospitalCampus.Label.Outline.Width"], ["ref", "ScalePPI.Labels"]], ["ref", "Is.Park"], ["ppi-scale", ["ref", "Park.Label.Outline.Width"], ["ref", "ScalePPI.Labels"]], ["ref", "Is.PedestrianArea"], ["ppi-scale", ["ref", "PedestrianArea.Label.Outline.Width"], ["ref", "ScalePPI.Labels"]], ["ref", "Is.Airport"], ["ppi-scale", ["ref", "Airport.Label.Outline.Width"], ["ref", "ScalePPI.Labels"]], ["ref", "Is.HarborArea"], ["ppi-scale", ["ref", "HarborArea.Label.Outline.Width"], ["ref", "ScalePPI.Labels"]], ["ref", "Is.IndustrialComplex"], ["ppi-scale", ["ref", "IndustrialComplex.Label.Outline.Width"], ["ref", "ScalePPI.Labels"]], ["ref", "Is.Glacier"], ["ppi-scale", ["ref", "Glacier.Label.Outline.Width"], ["ref", "ScalePPI.Labels"]], ["ref", "Is.Desert"], ["ppi-scale", ["ref", "Desert.Label.Outline.Width"], ["ref", "ScalePPI.Labels"]], ["ref", "Is.WaterPark"], ["ppi-scale", ["ref", "WaterPark.Label.Outline.Width"], ["ref", "ScalePPI.Labels"]], ["ref", "Is.Railyard"], ["ppi-scale", ["ref", "Railyard.Label.Outline.Width"], ["ref", "ScalePPI.Labels"]], ["ref", "Is.GolfCourse"], ["ppi-scale", ["ref", "GolfCourse.Label.Outline.Width"], ["ref", "ScalePPI.Labels"]], ["ref", "Is.NativeReservation"], ["ppi-scale", ["ref", "NativeReservation.Label.Outline.Width"], ["ref", "ScalePPI.Labels"]], ["ref", "Is.MilitaryBase"], ["ppi-scale", ["ref", "MilitaryBase.Label.Outline.Width"], ["ref", "ScalePPI.Labels"]], ["ref", "Is.Allotment"], ["ppi-scale", ["ref", "Allotment.Label.Outline.Width"], ["ref", "ScalePPI.Labels"]], ["ref", "Is.SportsComplex"], ["ppi-scale", ["ref", "SportsComplex.Label.Outline.Width"], ["ref", "ScalePPI.Labels"]], ["ref", "Is.ShoppingComplex"], ["ppi-scale", ["ref", "ShoppingComplex.Label.Outline.Width"], ["ref", "ScalePPI.Labels"]], ["ref", "Is.Beach"], ["ppi-scale", ["ref", "Beach.Label.Outline.Width"], ["ref", "ScalePPI.Labels"]], ["ref", "Is.UniversityCampus"], ["ppi-scale", ["ref", "UniversityCampus.Label.Outline.Width"], ["ref", "ScalePPI.Labels"]], ["ppi-scale", 0, ["ref", "ScalePPI.Labels"]]], "opacity": ["case", ["ref", "Is.CongestionZone"], ["ref", "CongestionZone.Label.Opacity"], ["ref", "Is.EnvironmentalZone"], ["ref", "EnvironmentalZone.Label.Opacity"], null], "leading-space": ["case", ["ref", "Is.NationalPark"], ["ppi-scale", ["ref", "NationalPark.Label.Leading"], ["ref", "ScalePPI.Labels"]], ["ref", "Is.WaterPark"], ["ppi-scale", ["ref", "WaterPark.Label.Leading"], ["ref", "ScalePPI.Labels"]], ["ref", "Is.MilitaryBase"], ["ppi-scale", ["ref", "MilitaryBase.Label.Leading"], ["ref", "ScalePPI.Labels"]], ["ref", "Is.NativeReservation"], ["ppi-scale", ["ref", "NativeReservation.Label.Leading"], ["ref", "ScalePPI.Labels"]], ["ref", "Is.Desert"], ["ppi-scale", ["ref", "Desert.Label.Leading"], ["ref", "ScalePPI.Labels"]], ["ref", "Is.Glacier"], ["ppi-scale", ["ref", "Glacier.Label.Leading"], ["ref", "ScalePPI.Labels"]], ["ref", "Is.Woodland"], ["ppi-scale", ["ref", "Woodland.Label.Leading"], ["ref", "ScalePPI.Labels"]], ["ref", "Is.EnvironmentalZone"], ["ppi-scale", ["ref", "EnvironmentalZone.Label.Leading"], ["ref", "ScalePPI.Labels"]], ["ref", "Is.CongestionZone"], ["ppi-scale", ["ref", "CongestionZone.Label.Leading"], ["ref", "ScalePPI.Labels"]], ["ppi-scale", ["ref", "Area.Label.Leading"], ["ref", "ScalePPI.Labels"]]], "tracking-space": ["case", ["ref", "Is.NationalPark"], ["ppi-scale", ["ref", "NationalPark.Label.Tracking"], ["ref", "ScalePPI.Labels"]], ["ref", "Is.WaterPark"], ["ppi-scale", ["ref", "WaterPark.Label.Tracking"], ["ref", "ScalePPI.Labels"]], ["ref", "Is.MilitaryBase"], ["ppi-scale", ["ref", "MilitaryBase.Label.Tracking"], ["ref", "ScalePPI.Labels"]], ["ref", "Is.NativeReservation"], ["ppi-scale", ["ref", "NativeReservation.Label.Tracking"], ["ref", "ScalePPI.Labels"]], ["ref", "Is.Desert"], ["ppi-scale", ["ref", "Desert.Label.Tracking"], ["ref", "ScalePPI.Labels"]], ["ref", "Is.Glacier"], ["ppi-scale", ["ref", "Glacier.Label.Tracking"], ["ref", "ScalePPI.Labels"]], ["ref", "Is.Woodland"], ["ppi-scale", ["ref", "Woodland.Label.Tracking"], ["ref", "ScalePPI.Labels"]], ["ref", "Is.EnvironmentalZone"], ["ppi-scale", ["ref", "EnvironmentalZone.Label.Tracking"], ["ref", "ScalePPI.Labels"]], ["ref", "Is.CongestionZone"], ["ppi-scale", ["ref", "CongestionZone.Label.Tracking"], ["ref", "ScalePPI.Labels"]], null], "case-conversion": ["case", ["ref", "Is.EnvironmentalZone"], ["ref", "EnvironmentalZone.Label.Variant"], ["ref", "Is.CongestionZone"], ["ref", "CongestionZone.Label.Variant"], ["ref", "Area.Label.Variant"]], "font": ["ref", "Default.Font"], "shape": "point"}}, {"id": "landuse_polygon", "layer": "tilezen_polygons", "when": ["ref", "Is.Landuse.Layer"], "technique": "polygon", "description": "Landuse Polygons", "attr": {"category": ["case", ["ref", "Is.CongestionZone"], "congestion_zone", ["ref", "Is.EnvironmentalZone"], "environmental_zone", ["ref", "Is.NationalPark"], "national_park", ["ref", "Is.Woodland"], "forest", ["ref", "Is.AmusementPark"], "theme_park", ["ref", "Is.AnimalPark"], "zoo", ["ref", "Is.Cemetery"], "cemetery", ["ref", "Is.HospitalCampus"], "hospital", ["ref", "Is.PedestrianArea"], "pedestrian", ["ref", "Is.Park"], "park", ["ref", "Is.Runway"], "runway", ["ref", "Is.Airport"], "airfield", ["ref", "Is.HarborArea"], "harbor", ["ref", "Is.IndustrialComplex"], "industrial", ["ref", "Is.ParkingArea"], "parking", ["ref", "Is.Glacier"], "glacier", ["ref", "Is.Desert"], "desert", ["ref", "Is.WaterPark"], "water_park", ["ref", "Is.Railyard"], "railyard", ["ref", "Is.GolfCourse"], "golf_course", ["ref", "Is.NativeReservation"], "reservation", ["ref", "Is.MilitaryBase"], "military", ["ref", "Is.BuiltupArea"], "urban", ["ref", "Is.Neighborhood"], "urban_area", ["ref", "Is.Allotment"], "allotments", ["ref", "Is.SportsComplex"], "sports_centre", ["ref", "Is.ShoppingComplex"], "commercial", ["ref", "Is.Beach"], "beach", ["ref", "Is.UniversityCampus"], "university", "landuse"], "lighting-enabled": ["ref", "Land.PolygonLighting.Enabled"], "opacity": ["case", ["ref", "Is.EnvironmentalZone"], ["ref", "EnvironmentalZone.Opacity"], ["ref", "Is.CongestionZone"], ["ref", "CongestionZone.Opacity"], ["ref", "Is.NationalPark"], ["ref", "NationalPark.Opacity"], ["ref", "Is.WaterPark"], ["ref", "WaterPark.Opacity"], ["ref", "Is.NativeReservation"], ["ref", "NativeReservation.Opacity"], ["ref", "Is.MilitaryBase"], ["ref", "MilitaryBase.Opacity"], ["ref", "Global.Polygon.Opacity"]], "ambient": ["ref", "Polygon.Ambient.Factor"], "diffuse": ["ref", "Polygon.Diffuse.Factor"], "softdepth": ["ref", "SoftDepth.Threshold"], "color": ["case", ["ref", "Is.CongestionZone"], ["ref", "CongestionZone.Color"], ["ref", "Is.EnvironmentalZone"], ["ref", "EnvironmentalZone.Color"], ["ref", "Is.NationalPark"], ["ref", "NationalPark.Color"], ["ref", "Is.Woodland"], ["ref", "Woodland.Color"], ["ref", "Is.AmusementPark"], ["ref", "AmusementPark.Color"], ["ref", "Is.AnimalPark"], ["ref", "AnimalPark.Color"], ["ref", "Is.Cemetery"], ["ref", "Cemetery.Color"], ["ref", "Is.HospitalCampus"], ["ref", "HospitalCampus.Color"], ["ref", "Is.PedestrianArea"], ["ref", "PedestrianArea.Color"], ["ref", "Is.Park"], ["ref", "Park.Color"], ["ref", "Is.Runway"], ["ref", "Runway.Color"], ["ref", "Is.Airport"], ["ref", "Airport.Color"], ["ref", "Is.HarborArea"], ["ref", "HarborArea.Color"], ["ref", "Is.IndustrialComplex"], ["ref", "IndustrialComplex.Color"], ["ref", "Is.ParkingArea"], ["ref", "ParkingArea.Color"], ["ref", "Is.Glacier"], ["ref", "Glacier.Color"], ["ref", "Is.Desert"], ["ref", "Desert.Color"], ["ref", "Is.WaterPark"], ["ref", "WaterPark.Color"], ["ref", "Is.Railyard"], ["ref", "Railyard.Color"], ["ref", "Is.GolfCourse"], ["ref", "GolfCourse.Color"], ["ref", "Is.NativeReservation"], ["ref", "NativeReservation.Color"], ["ref", "Is.MilitaryBase"], ["ref", "MilitaryBase.Color"], ["ref", "Is.BuiltupArea"], ["ref", "BuiltupArea.Color"], ["ref", "Is.Neighborhood"], ["ref", "BuiltupArea.Color"], ["ref", "Is.Allotment"], ["ref", "Allotment.Color"], ["ref", "Is.SportsComplex"], ["ref", "SportsComplex.Color"], ["ref", "Is.ShoppingComplex"], ["ref", "ShoppingComplex.Color"], ["ref", "Is.Beach"], ["ref", "Beach.Color"], ["ref", "Is.UniversityCampus"], ["ref", "UniversityCampus.Color"], ["ref", "Land.Color"]]}}, {"id": "landuse_polygon_outlines", "layer": "tilezen_polygons_outlines", "when": ["all", ["ref", "Is.Landuse.Layer"], ["ref", "Is.Area.WithOutline"]], "technique": "line", "description": "Landuse Polygons Outlines", "attr": {"category": ["case", ["ref", "Is.EnvironmentalZone"], "environmental_zone-outline", ["ref", "Is.CongestionZone"], "congestion_zone-outline", ["ref", "Is.NationalPark"], "national_park-outline", ["ref", "Is.WaterPark"], "water_park-outline", ["ref", "Is.NativeReservation"], "reservation-outline", ["ref", "Is.MilitaryBase"], "military-outline", ["ref", "Is.Runway"], "runway-outline", null], "alpha-blend-type": ["case", ["any", ["ref", "Is.EnvironmentalZone"], ["ref", "Is.CongestionZone"]], ["ref", "Zones.Alpha.Blend.Type"], null], "opacity": ["case", ["ref", "Is.EnvironmentalZone"], ["ref", "EnvironmentalZone.Opacity"], ["ref", "Is.CongestionZone"], ["ref", "CongestionZone.Opacity"], ["ref", "Is.NationalPark"], ["ref", "NationalPark.Opacity"], ["ref", "Is.WaterPark"], ["ref", "WaterPark.Opacity"], ["ref", "Is.NativeReservation"], ["ref", "NativeReservation.Opacity"], ["ref", "Is.MilitaryBase"], ["ref", "MilitaryBase.Opacity"], ["ref", "Global.Polygon.Opacity"]], "color": ["case", ["ref", "Is.CongestionZone"], ["ref", "CongestionZone.Outline.Color"], ["ref", "Is.EnvironmentalZone"], ["ref", "EnvironmentalZone.Outline.Color"], ["ref", "Is.NationalPark"], ["ref", "NationalPark.Outline.Color"], ["ref", "Is.WaterPark"], ["ref", "WaterPark.Outline.Color"], ["ref", "Is.NativeReservation"], ["ref", "NativeReservation.Outline.Color"], ["ref", "Is.MilitaryBase"], ["ref", "MilitaryBase.Outline.Color"], ["ref", "Is.Runway"], ["ref", "Runway.Outline.Color"], null], "width": ["case", ["ref", "Is.EnvironmentalZone"], ["world-scale", ["ref", "EnvironmentalZone.Outline.Width"]], ["ref", "Is.CongestionZone"], ["world-scale", ["ref", "CongestionZone.Outline.Width"]], ["ref", "Is.NationalPark"], ["world-scale", ["ref", "NationalPark.Outline.Width"]], ["ref", "Is.WaterPark"], ["world-scale", ["ref", "WaterPark.Outline.Width"]], ["ref", "Is.NativeReservation"], ["world-scale", ["ref", "NativeReservation.Outline.Width"]], ["ref", "Is.MilitaryBase"], ["world-scale", ["ref", "MilitaryBase.Outline.Width"]], ["ref", "Is.Runway"], ["world-scale", ["ref", "Runway.Outline.Width"]], 0], "offset": ["case", ["ref", "Is.NationalPark"], ["world-scale", ["-", ["ref", "NationalPark.Outline.Offset"]]], ["ref", "Is.WaterPark"], ["world-scale", ["-", ["ref", "WaterPark.Outline.Offset"]]], ["ref", "Is.NativeReservation"], ["world-scale", ["-", ["ref", "NativeReservation.Outline.Offset"]]], ["ref", "Is.MilitaryBase"], ["world-scale", ["-", ["ref", "MilitaryBase.Outline.Offset"]]], ["ref", "Is.Runway"], ["world-scale", ["-", ["ref", "Runway.Outline.Offset"]]], null], "softdepth": ["ref", "SoftDepth.Threshold"]}}, {"id": "landuse_polygon_second_outlines", "layer": "tilezen_polygons_outlines", "when": ["all", ["ref", "Is.Landuse.Layer"], ["ref", "Is.Area.WithSecondOutline"]], "technique": "line", "description": "Landuse Polygons Second Outlines", "attr": {"category": ["case", ["ref", "Is.NationalPark"], "national_park-second-outline", ["ref", "Is.WaterPark"], "water_park-second-outline", ["ref", "Is.NativeReservation"], "reservation-second-outline", ["ref", "Is.MilitaryBase"], "military-second-outline", ["ref", "Is.EnvironmentalZone"], "environmental_zone-second-outline", ["ref", "Is.CongestionZone"], "congestion_zone-second-outline", null], "alpha-blend-type": ["case", ["any", ["ref", "Is.EnvironmentalZone"], ["ref", "Is.CongestionZone"]], ["ref", "Zones.Alpha.Blend.Type"], null], "opacity": ["case", ["ref", "Is.NationalPark"], ["ref", "NationalPark.Opacity"], ["ref", "Is.WaterPark"], ["ref", "WaterPark.Opacity"], ["ref", "Is.NativeReservation"], ["ref", "NativeReservation.Opacity"], ["ref", "Is.MilitaryBase"], ["ref", "MilitaryBase.Opacity"], ["ref", "Is.EnvironmentalZone"], ["ref", "EnvironmentalZone.Opacity"], ["ref", "Is.CongestionZone"], ["ref", "CongestionZone.Opacity"], ["ref", "Global.Polygon.Opacity"]], "color": ["case", ["ref", "Is.NationalPark"], ["ref", "NationalPark.SecondOutline.Color"], ["ref", "Is.WaterPark"], ["ref", "WaterPark.SecondOutline.Color"], ["ref", "Is.NativeReservation"], ["ref", "NativeReservation.SecondOutline.Color"], ["ref", "Is.MilitaryBase"], ["ref", "MilitaryBase.SecondOutline.Color"], ["ref", "Is.EnvironmentalZone"], ["ref", "EnvironmentalZone.SecondOutline.Color"], ["ref", "Is.CongestionZone"], ["ref", "CongestionZone.SecondOutline.Color"], null], "width": ["case", ["ref", "Is.NationalPark"], ["world-scale", ["ref", "NationalPark.SecondOutline.Width"]], ["ref", "Is.WaterPark"], ["world-scale", ["ref", "WaterPark.SecondOutline.Width"]], ["ref", "Is.NativeReservation"], ["world-scale", ["ref", "NativeReservation.SecondOutline.Width"]], ["ref", "Is.MilitaryBase"], ["world-scale", ["ref", "MilitaryBase.SecondOutline.Width"]], ["ref", "Is.EnvironmentalZone"], ["world-scale", ["ref", "EnvironmentalZone.SecondOutline.Width"]], ["ref", "Is.CongestionZone"], ["world-scale", ["ref", "CongestionZone.SecondOutline.Width"]], 0], "offset": ["case", ["ref", "Is.NationalPark"], ["world-scale", ["-", ["ref", "NationalPark.SecondOutline.Offset"]]], ["ref", "Is.WaterPark"], ["world-scale", ["-", ["ref", "WaterPark.SecondOutline.Offset"]]], ["ref", "Is.NativeReservation"], ["world-scale", ["-", ["ref", "NativeReservation.SecondOutline.Offset"]]], ["ref", "Is.MilitaryBase"], ["world-scale", ["-", ["ref", "MilitaryBase.SecondOutline.Offset"]]], ["ref", "Is.EnvironmentalZone"], ["world-scale", ["-", ["ref", "EnvironmentalZone.SecondOutline.Offset"]]], ["ref", "Is.CongestionZone"], ["world-scale", ["-", ["ref", "CongestionZone.SecondOutline.Offset"]]], null], "softdepth": ["ref", "SoftDepth.Threshold"]}}, {"id": "landuse_lines", "layer": "tilezen_lines", "when": ["all", ["ref", "Is.Landuse.Layer"], ["ref", "Is.LandParcel"]], "technique": "line", "description": "Land Parcel Lines", "attr": {"category": "landparcel-boundary", "minZoomLevel": 16.5, "color": ["ref", "LandParcelBoundary.Color"], "width": ["world-scale", ["ref", "LandParcelBoundary.Width"]], "softdepth": ["ref", "SoftDepth.Threshold"]}}]}