{"definitions": {"Area.Label.Leading": 1, "Area.Label.Variant": ["ref", "Label.Variant.Regular"], "ParkingArea.Color": ["ref", "PedestrianArea.Color"], "PavedArea.Color": "#ced8dc00", "WaterPark.Color": "#00000000", "WaterPark.Label.Size": 0, "WaterPark.Label.Color": "#0000ff", "WaterPark.Label.Outline.Color": "#ffffff", "WaterPark.Label.Outline.Width": 1, "WaterPark.Label.Leading": ["ref", "NationalPark.Label.Leading"], "MilitaryBase.Label.Leading": ["ref", "NationalPark.Label.Leading"], "NativeReservation.Label.Leading": ["ref", "NationalPark.Label.Leading"], "Desert.Label.Leading": 1, "Glacier.Label.Leading": ["ref", "Desert.Label.Leading"], "Woodland.Label.Leading": ["ref", "Desert.Label.Leading"], "WaterPark.Label.Tracking": ["ref", "NationalPark.Label.Tracking"], "MilitaryBase.Label.Tracking": ["ref", "NationalPark.Label.Tracking"], "NativeReservation.Label.Tracking": ["ref", "NationalPark.Label.Tracking"], "Desert.Label.Tracking": 1, "Glacier.Label.Tracking": ["ref", "Desert.Label.Tracking"], "Woodland.Label.Tracking": ["ref", "Desert.Label.Tracking"], "Polygon.Ambient.Factor": 1, "Polygon.Diffuse.Factor": 1, "Land.PolygonLighting.Enabled": false, "NationalPark.SecondOutline.Width": 0, "NationalPark.Outline.Offset": 0, "NationalPark.SecondOutline.Offset": 0, "NationalPark.SecondOutline.Color": "#00000000", "WaterPark.Outline.Color": "#00000000", "WaterPark.Outline.Width": 0, "WaterPark.SecondOutline.Width": 0, "WaterPark.Outline.Offset": ["ref", "NationalPark.Outline.Offset"], "WaterPark.SecondOutline.Offset": ["ref", "NationalPark.SecondOutline.Offset"], "WaterPark.SecondOutline.Color": ["ref", "NationalPark.SecondOutline.Color"], "NativeReservation.SecondOutline.Width": ["ref", "NationalPark.SecondOutline.Width"], "NativeReservation.Outline.Offset": ["ref", "NationalPark.Outline.Offset"], "NativeReservation.SecondOutline.Offset": ["ref", "NationalPark.SecondOutline.Offset"], "NativeReservation.SecondOutline.Color": ["ref", "NationalPark.SecondOutline.Color"], "MilitaryBase.SecondOutline.Width": ["ref", "NationalPark.SecondOutline.Width"], "MilitaryBase.Outline.Offset": ["ref", "NationalPark.Outline.Offset"], "MilitaryBase.SecondOutline.Offset": ["ref", "NationalPark.SecondOutline.Offset"], "MilitaryBase.SecondOutline.Color": ["ref", "NationalPark.SecondOutline.Color"], "EnvironmentalZone.SecondOutline.Width": 0, "EnvironmentalZone.SecondOutline.Offset": 0, "EnvironmentalZone.SecondOutline.Color": "#00000000", "CongestionZone.SecondOutline.Width": 0, "CongestionZone.SecondOutline.Offset": 0, "CongestionZone.SecondOutline.Color": "#00000000", "Zones.Alpha.Blend.Type": "overwrite", "UndergroundArea.Outline.Offset": 0, "RailwayStation.Outline.Offset": 0, "CommuterStation.Outline.Offset": 0, "UndergroundArea.Outline.Width": 0, "RailwayStation.Outline.Width": 0, "CommuterStation.Outline.Width": 0, "NationalPark.Opacity": 1, "WaterPark.Opacity": 1, "NativeReservation.Opacity": 1, "MilitaryBase.Opacity": 1, "CongestionZone.Opacity": 0, "CongestionZone.Label.Opacity": 0, "CongestionZone.Label.Variant": ["ref", "Label.Variant.UpperCase"], "EnvironmentalZone.Opacity": 0, "EnvironmentalZone.Label.Opacity": 0, "EnvironmentalZone.Label.Variant": ["ref", "Label.Variant.UpperCase"], "LandParcelBoundary.Color": "#ff000000", "LandParcelBoundary.Width": 0, "IndustrialComplex.Label.Category": "small-land-use-labels", "Landuse.Label.Display.Enabled": true, "Runway.Outline.Color": ["ref", "Runway.Color"], "Runway.Outline.Width": 0, "Runway.Outline.Offset": 0}}