{"styles": [{"id": "admin_labels", "layer": "tilezen_points", "when": ["all", ["ref", "Is.Places.Layer"], ["ref", "Places.Label.Display.Enabled"]], "technique": "icon-text", "description": "Places", "attr": {"category": ["case", ["ref", "Is.CityCenter.Neighborhood"], "city-center-neighborhood", ["ref", "Is.CityCenter.Hamlet"], "city-center-hamlet", ["all", ["ref", "Is.CityCenter.Category1"], ["ref", "Is.Country.Capital"], ["!", ["ref", "Is.Supercity"]]], "city-center-country-capital-category1", ["all", ["ref", "Is.CityCenter.Category1"], ["ref", "Is.Country.Capital"], ["ref", "Is.Supercity"]], "supercity-city-center-country-capital-category1", ["all", ["ref", "Is.CityCenter.Category1"], ["ref", "Is.State.Capital"], ["!", ["ref", "Is.Supercity"]]], "city-center-state-capital-category1", ["all", ["ref", "Is.CityCenter.Category1"], ["ref", "Is.State.Capital"], ["ref", "Is.Supercity"]], "supercity-city-center-state-capital-category1", ["all", ["ref", "Is.CityCenter.Category1"], ["ref", "Is.County.Capital"], ["!", ["ref", "Is.Supercity"]]], "city-center-county-capital-category1", ["all", ["ref", "Is.CityCenter.Category1"], ["ref", "Is.County.Capital"], ["ref", "Is.Supercity"]], "supercity-city-center-county-capital-category1", ["all", ["ref", "Is.CityCenter.Category1"], ["!", ["ref", "Is.Supercity"]]], "city-center-category1", ["all", ["ref", "Is.CityCenter.Category1"], ["ref", "Is.Supercity"]], "supercity-city-center-category1", ["all", ["ref", "Is.CityCenter.Category2"], ["ref", "Is.Country.Capital"], ["!", ["ref", "Is.Supercity"]]], "city-center-country-capital-category2", ["all", ["ref", "Is.CityCenter.Category2"], ["ref", "Is.Country.Capital"], ["ref", "Is.Supercity"]], "supercity-city-center-country-capital-category2", ["all", ["ref", "Is.CityCenter.Category2"], ["ref", "Is.State.Capital"], ["!", ["ref", "Is.Supercity"]]], "city-center-state-capital-category2", ["all", ["ref", "Is.CityCenter.Category2"], ["ref", "Is.State.Capital"], ["ref", "Is.Supercity"]], "supercity-city-center-state-capital-category2", ["all", ["ref", "Is.CityCenter.Category2"], ["ref", "Is.County.Capital"], ["!", ["ref", "Is.Supercity"]]], "city-center-county-capital-category2", ["all", ["ref", "Is.CityCenter.Category2"], ["ref", "Is.County.Capital"], ["ref", "Is.Supercity"]], "supercity-city-center-county-capital-category2", ["all", ["ref", "Is.CityCenter.Category2"], ["!", ["ref", "Is.Supercity"]]], "city-center-category2", ["all", ["ref", "Is.CityCenter.Category2"], ["ref", "Is.Supercity"]], "supercity-city-center-category2", ["all", ["ref", "Is.CityCenter.Category3"], ["ref", "Is.Country.Capital"], ["!", ["ref", "Is.Supercity"]]], "city-center-country-capital-category3", ["all", ["ref", "Is.CityCenter.Category3"], ["ref", "Is.Country.Capital"], ["ref", "Is.Supercity"]], "supercity-city-center-country-capital-category3", ["all", ["ref", "Is.CityCenter.Category3"], ["ref", "Is.State.Capital"], ["!", ["ref", "Is.Supercity"]]], "city-center-state-capital-category3", ["all", ["ref", "Is.CityCenter.Category3"], ["ref", "Is.State.Capital"], ["ref", "Is.Supercity"]], "supercity-city-center-state-capital-category3", ["all", ["ref", "Is.CityCenter.Category3"], ["ref", "Is.County.Capital"], ["!", ["ref", "Is.Supercity"]]], "city-center-county-capital-category3", ["all", ["ref", "Is.CityCenter.Category3"], ["ref", "Is.County.Capital"], ["ref", "Is.Supercity"]], "supercity-city-center-county-capital-category3", ["all", ["ref", "Is.CityCenter.Category3"], ["!", ["ref", "Is.Supercity"]]], "city-center-category3", ["all", ["ref", "Is.CityCenter.Category3"], ["ref", "Is.Supercity"]], "supercity-city-center-category3", ["all", ["ref", "Is.CityCenter.Category4"], ["ref", "Is.Country.Capital"], ["!", ["ref", "Is.Supercity"]]], "city-center-country-capital-category4", ["all", ["ref", "Is.CityCenter.Category4"], ["ref", "Is.Country.Capital"], ["ref", "Is.Supercity"]], "supercity-city-center-country-capital-category4", ["all", ["ref", "Is.CityCenter.Category4"], ["ref", "Is.State.Capital"], ["!", ["ref", "Is.Supercity"]]], "city-center-state-capital-category4", ["all", ["ref", "Is.CityCenter.Category4"], ["ref", "Is.State.Capital"], ["ref", "Is.Supercity"]], "supercity-city-center-state-capital-category4", ["all", ["ref", "Is.CityCenter.Category4"], ["ref", "Is.County.Capital"], ["!", ["ref", "Is.Supercity"]]], "city-center-county-capital-category4", ["all", ["ref", "Is.CityCenter.Category4"], ["ref", "Is.County.Capital"], ["ref", "Is.Supercity"]], "supercity-city-center-county-capital-category4", ["all", ["ref", "Is.CityCenter.Category4"], ["!", ["ref", "Is.Supercity"]]], "city-center-category4", ["all", ["ref", "Is.CityCenter.Category4"], ["ref", "Is.Supercity"]], "supercity-city-center-category4", ["all", ["ref", "Is.CityCenter.Category5"], ["ref", "Is.Country.Capital"], ["!", ["ref", "Is.Supercity"]]], "city-center-country-capital-category5", ["all", ["ref", "Is.CityCenter.Category5"], ["ref", "Is.Country.Capital"], ["ref", "Is.Supercity"]], "supercity-city-center-country-capital-category5", ["all", ["ref", "Is.CityCenter.Category5"], ["ref", "Is.State.Capital"], ["!", ["ref", "Is.Supercity"]]], "city-center-state-capital-category5", ["all", ["ref", "Is.CityCenter.Category5"], ["ref", "Is.State.Capital"], ["ref", "Is.Supercity"]], "supercity-city-center-state-capital-category5", ["all", ["ref", "Is.CityCenter.Category5"], ["ref", "Is.County.Capital"], ["!", ["ref", "Is.Supercity"]]], "city-center-county-capital-category5", ["all", ["ref", "Is.CityCenter.Category5"], ["ref", "Is.County.Capital"], ["ref", "Is.Supercity"]], "supercity-city-center-county-capital-category5", ["all", ["ref", "Is.CityCenter.Category5"], ["!", ["ref", "Is.Supercity"]]], "city-center-category5", ["all", ["ref", "Is.CityCenter.Category5"], ["ref", "Is.Supercity"]], "supercity-city-center-category5", ["all", ["ref", "Is.CityCenter.Category6"], ["ref", "Is.Country.Capital"], ["!", ["ref", "Is.Supercity"]]], "city-center-country-capital-category6", ["all", ["ref", "Is.CityCenter.Category6"], ["ref", "Is.Country.Capital"], ["ref", "Is.Supercity"]], "supercity-city-center-country-capital-category6", ["all", ["ref", "Is.CityCenter.Category6"], ["ref", "Is.State.Capital"], ["!", ["ref", "Is.Supercity"]]], "city-center-state-capital-category6", ["all", ["ref", "Is.CityCenter.Category6"], ["ref", "Is.State.Capital"], ["ref", "Is.Supercity"]], "supercity-city-center-state-capital-category6", ["all", ["ref", "Is.CityCenter.Category6"], ["ref", "Is.County.Capital"], ["!", ["ref", "Is.Supercity"]]], "city-center-county-capital-category6", ["all", ["ref", "Is.CityCenter.Category6"], ["ref", "Is.County.Capital"], ["ref", "Is.Supercity"]], "supercity-city-center-county-capital-category6", ["all", ["ref", "Is.CityCenter.Category6"], ["!", ["ref", "Is.Supercity"]]], "city-center-category6", ["all", ["ref", "Is.CityCenter.Category6"], ["ref", "Is.Supercity"]], "supercity-city-center-category6", ["all", ["ref", "Is.CityCenter.Category7"], ["ref", "Is.Country.Capital"], ["!", ["ref", "Is.Supercity"]]], "city-center-country-capital-category7", ["all", ["ref", "Is.CityCenter.Category7"], ["ref", "Is.Country.Capital"], ["ref", "Is.Supercity"]], "supercity-city-center-country-capital-category7", ["all", ["ref", "Is.CityCenter.Category7"], ["ref", "Is.State.Capital"], ["!", ["ref", "Is.Supercity"]]], "city-center-state-capital-category7", ["all", ["ref", "Is.CityCenter.Category7"], ["ref", "Is.State.Capital"], ["ref", "Is.Supercity"]], "supercity-city-center-state-capital-category7", ["all", ["ref", "Is.CityCenter.Category7"], ["ref", "Is.County.Capital"], ["!", ["ref", "Is.Supercity"]]], "city-center-county-capital-category7", ["all", ["ref", "Is.CityCenter.Category7"], ["ref", "Is.County.Capital"], ["ref", "Is.Supercity"]], "supercity-city-center-county-capital-category7", ["all", ["ref", "Is.CityCenter.Category7"], ["!", ["ref", "Is.Supercity"]]], "city-center-category7", ["all", ["ref", "Is.CityCenter.Category7"], ["ref", "Is.Supercity"]], "supercity-city-center-category7", ["all", ["ref", "Is.CityCenter.Category8"], ["ref", "Is.Country.Capital"], ["!", ["ref", "Is.Supercity"]]], "city-center-country-capital-category8", ["all", ["ref", "Is.CityCenter.Category8"], ["ref", "Is.Country.Capital"], ["ref", "Is.Supercity"]], "supercity-city-center-country-capital-category8", ["all", ["ref", "Is.CityCenter.Category8"], ["ref", "Is.State.Capital"], ["!", ["ref", "Is.Supercity"]]], "city-center-state-capital-category8", ["all", ["ref", "Is.CityCenter.Category8"], ["ref", "Is.State.Capital"], ["ref", "Is.Supercity"]], "supercity-city-center-state-capital-category8", ["all", ["ref", "Is.CityCenter.Category8"], ["ref", "Is.County.Capital"], ["!", ["ref", "Is.Supercity"]]], "city-center-county-capital-category8", ["all", ["ref", "Is.CityCenter.Category8"], ["ref", "Is.County.Capital"], ["ref", "Is.Supercity"]], "supercity-city-center-county-capital-category8", ["all", ["ref", "Is.CityCenter.Category8"], ["!", ["ref", "Is.Supercity"]]], "city-center-category8", ["all", ["ref", "Is.CityCenter.Category8"], ["ref", "Is.Supercity"]], "supercity-city-center-category8", ["all", ["ref", "Is.CityCenter.Category9"], ["ref", "Is.Country.Capital"], ["!", ["ref", "Is.Supercity"]]], "city-center-country-capital-category9", ["all", ["ref", "Is.CityCenter.Category9"], ["ref", "Is.Country.Capital"], ["ref", "Is.Supercity"]], "supercity-city-center-country-capital-category9", ["all", ["ref", "Is.CityCenter.Category9"], ["ref", "Is.State.Capital"], ["!", ["ref", "Is.Supercity"]]], "city-center-state-capital-category9", ["all", ["ref", "Is.CityCenter.Category9"], ["ref", "Is.State.Capital"], ["ref", "Is.Supercity"]], "supercity-city-center-state-capital-category9", ["all", ["ref", "Is.CityCenter.Category9"], ["ref", "Is.County.Capital"], ["!", ["ref", "Is.Supercity"]]], "city-center-county-capital-category9", ["all", ["ref", "Is.CityCenter.Category9"], ["ref", "Is.County.Capital"], ["ref", "Is.Supercity"]], "supercity-city-center-county-capital-category9", ["all", ["ref", "Is.CityCenter.Category9"], ["!", ["ref", "Is.Supercity"]]], "city-center-category9", ["all", ["ref", "Is.CityCenter.Category9"], ["ref", "Is.Supercity"]], "supercity-city-center-category9", ["all", ["ref", "Is.CityCenter.Category10"], ["ref", "Is.Country.Capital"], ["!", ["ref", "Is.Supercity"]]], "city-center-country-capital-category10", ["all", ["ref", "Is.CityCenter.Category10"], ["ref", "Is.Country.Capital"], ["ref", "Is.Supercity"]], "supercity-city-center-country-capital-category10", ["all", ["ref", "Is.CityCenter.Category10"], ["ref", "Is.State.Capital"], ["!", ["ref", "Is.Supercity"]]], "city-center-state-capital-category10", ["all", ["ref", "Is.CityCenter.Category10"], ["ref", "Is.State.Capital"], ["ref", "Is.Supercity"]], "supercity-city-center-state-capital-category10", ["all", ["ref", "Is.CityCenter.Category10"], ["ref", "Is.County.Capital"], ["!", ["ref", "Is.Supercity"]]], "city-center-county-capital-category10", ["all", ["ref", "Is.CityCenter.Category10"], ["ref", "Is.County.Capital"], ["ref", "Is.Supercity"]], "supercity-city-center-county-capital-category10", ["all", ["ref", "Is.CityCenter.Category10"], ["!", ["ref", "Is.Supercity"]]], "city-center-category10", ["all", ["ref", "Is.CityCenter.Category10"], ["ref", "Is.Supercity"]], "supercity-city-center-category10", ["all", ["ref", "Is.CityCenter.Category11"], ["ref", "Is.Country.Capital"], ["!", ["ref", "Is.Supercity"]]], "city-center-country-capital-category11", ["all", ["ref", "Is.CityCenter.Category11"], ["ref", "Is.Country.Capital"], ["ref", "Is.Supercity"]], "supercity-city-center-country-capital-category11", ["all", ["ref", "Is.CityCenter.Category11"], ["ref", "Is.State.Capital"], ["!", ["ref", "Is.Supercity"]]], "city-center-state-capital-category11", ["all", ["ref", "Is.CityCenter.Category11"], ["ref", "Is.State.Capital"], ["ref", "Is.Supercity"]], "supercity-city-center-state-capital-category11", ["all", ["ref", "Is.CityCenter.Category11"], ["ref", "Is.County.Capital"], ["!", ["ref", "Is.Supercity"]]], "city-center-county-capital-category11", ["all", ["ref", "Is.CityCenter.Category11"], ["ref", "Is.County.Capital"], ["ref", "Is.Supercity"]], "supercity-city-center-county-capital-category11", ["all", ["ref", "Is.CityCenter.Category11"], ["!", ["ref", "Is.Supercity"]]], "city-center-category11", ["all", ["ref", "Is.CityCenter.Category11"], ["ref", "Is.Supercity"]], "supercity-city-center-category11", ["all", ["ref", "Is.CityCenter.Category12"], ["ref", "Is.Country.Capital"], ["!", ["ref", "Is.Supercity"]]], "city-center-country-capital-category12", ["all", ["ref", "Is.CityCenter.Category12"], ["ref", "Is.Country.Capital"], ["ref", "Is.Supercity"]], "supercity-city-center-country-capital-category12", ["all", ["ref", "Is.CityCenter.Category12"], ["ref", "Is.State.Capital"], ["!", ["ref", "Is.Supercity"]]], "city-center-state-capital-category12", ["all", ["ref", "Is.CityCenter.Category12"], ["ref", "Is.State.Capital"], ["ref", "Is.Supercity"]], "supercity-city-center-state-capital-category12", ["all", ["ref", "Is.CityCenter.Category12"], ["ref", "Is.County.Capital"], ["!", ["ref", "Is.Supercity"]]], "city-center-county-capital-category12", ["all", ["ref", "Is.CityCenter.Category12"], ["ref", "Is.County.Capital"], ["ref", "Is.Supercity"]], "supercity-city-center-county-capital-category12", ["all", ["ref", "Is.CityCenter.Category12"], ["!", ["ref", "Is.Supercity"]]], "city-center-category12", ["all", ["ref", "Is.CityCenter.Category12"], ["ref", "Is.Supercity"]], "supercity-city-center-category12", ["all", ["ref", "Is.CityCenter.Category13"], ["ref", "Is.Country.Capital"], ["!", ["ref", "Is.Supercity"]]], "city-center-country-capital-category13", ["all", ["ref", "Is.CityCenter.Category13"], ["ref", "Is.Country.Capital"], ["ref", "Is.Supercity"]], "supercity-city-center-country-capital-category13", ["all", ["ref", "Is.CityCenter.Category13"], ["ref", "Is.State.Capital"], ["!", ["ref", "Is.Supercity"]]], "city-center-state-capital-category13", ["all", ["ref", "Is.CityCenter.Category13"], ["ref", "Is.State.Capital"], ["ref", "Is.Supercity"]], "supercity-city-center-state-capital-category13", ["all", ["ref", "Is.CityCenter.Category13"], ["ref", "Is.County.Capital"], ["!", ["ref", "Is.Supercity"]]], "city-center-county-capital-category13", ["all", ["ref", "Is.CityCenter.Category13"], ["ref", "Is.County.Capital"], ["ref", "Is.Supercity"]], "supercity-city-center-county-capital-category13", ["all", ["ref", "Is.CityCenter.Category13"], ["!", ["ref", "Is.Supercity"]]], "city-center-category13", ["all", ["ref", "Is.CityCenter.Category13"], ["ref", "Is.Supercity"]], "supercity-city-center-category13", ["all", ["ref", "Is.CityCenter.Category14"], ["ref", "Is.Country.Capital"], ["!", ["ref", "Is.Supercity"]]], "city-center-country-capital-category14", ["all", ["ref", "Is.CityCenter.Category14"], ["ref", "Is.Country.Capital"], ["ref", "Is.Supercity"]], "supercity-city-center-country-capital-category14", ["all", ["ref", "Is.CityCenter.Category14"], ["ref", "Is.State.Capital"], ["!", ["ref", "Is.Supercity"]]], "city-center-state-capital-category14", ["all", ["ref", "Is.CityCenter.Category14"], ["ref", "Is.State.Capital"], ["ref", "Is.Supercity"]], "supercity-city-center-state-capital-category14", ["all", ["ref", "Is.CityCenter.Category14"], ["ref", "Is.County.Capital"], ["!", ["ref", "Is.Supercity"]]], "city-center-county-capital-category14", ["all", ["ref", "Is.CityCenter.Category14"], ["ref", "Is.County.Capital"], ["ref", "Is.Supercity"]], "supercity-city-center-county-capital-category14", ["all", ["ref", "Is.CityCenter.Category14"], ["!", ["ref", "Is.Supercity"]]], "city-center-category14", ["all", ["ref", "Is.CityCenter.Category14"], ["ref", "Is.Supercity"]], "supercity-city-center-category14", ["all", ["ref", "Is.CityCenter.Category15"], ["ref", "Is.Country.Capital"], ["!", ["ref", "Is.Supercity"]]], "city-center-country-capital-category15", ["all", ["ref", "Is.CityCenter.Category15"], ["ref", "Is.Country.Capital"], ["ref", "Is.Supercity"]], "supercity-city-center-country-capital-category15", ["all", ["ref", "Is.CityCenter.Category15"], ["ref", "Is.State.Capital"], ["!", ["ref", "Is.Supercity"]]], "city-center-state-capital-category15", ["all", ["ref", "Is.CityCenter.Category15"], ["ref", "Is.State.Capital"], ["ref", "Is.Supercity"]], "supercity-city-center-state-capital-category15", ["all", ["ref", "Is.CityCenter.Category15"], ["ref", "Is.County.Capital"], ["!", ["ref", "Is.Supercity"]]], "city-center-county-capital-category15", ["all", ["ref", "Is.CityCenter.Category15"], ["ref", "Is.County.Capital"], ["ref", "Is.Supercity"]], "supercity-city-center-county-capital-category15", ["all", ["ref", "Is.CityCenter.Category15"], ["!", ["ref", "Is.Supercity"]]], "city-center-category15", ["all", ["ref", "Is.CityCenter.Category15"], ["ref", "Is.Supercity"]], "supercity-city-center-category15", ["ref", "Is.State"], "state-labels", ["ref", "Is.Country"], "country-labels", ["ref", "Is.SuperSmallCountry"], "country-super-small-labels", ["ref", "Is.SmallCountry"], "country-small-labels", "city-center-hamlet"], "margin": ["case", ["ref", "Is.CityCenter.Class1"], ["ppi-scale", ["ref", "CityCenter.Class1.Margin"], ["ref", "ScalePPI.Labels"]], ["ref", "Is.CityCenter.Class2"], ["ppi-scale", ["ref", "CityCenter.Class2.Margin"], ["ref", "ScalePPI.Labels"]], ["ref", "Is.CityCenter.Class3"], ["ppi-scale", ["ref", "CityCenter.Class3.Margin"], ["ref", "ScalePPI.Labels"]], ["ref", "Is.CityCenter.Class4"], ["ppi-scale", ["ref", "CityCenter.Class4.Margin"], ["ref", "ScalePPI.Labels"]], ["ref", "Is.CityCenter.Class5"], ["ppi-scale", ["ref", "CityCenter.Class5.Margin"], ["ref", "ScalePPI.Labels"]], ["ref", "Is.CityCenter.Class6"], ["ppi-scale", ["ref", "CityCenter.Class6.Margin"], ["ref", "ScalePPI.Labels"]], ["ref", "Is.CityCenter.Class7"], ["ppi-scale", ["ref", "CityCenter.Class7.Margin"], ["ref", "ScalePPI.Labels"]], ["ref", "Is.CityCenter.Hamlet"], ["ppi-scale", ["ref", "CityCenter.Hamlet.Margin"], ["ref", "ScalePPI.Labels"]], ["ref", "Is.CityCenter.Neighborhood"], ["ppi-scale", ["ref", "Neighborhood.Margin"], ["ref", "ScalePPI.Labels"]], ["ppi-scale", ["ref", "Default.Margin"], ["ref", "ScalePPI.Labels"]]], "persisting-margin-reducing": ["ppi-scale", ["ref", "Default.PersistingMargin.Reducing"], ["ref", "ScalePPI.Labels"]], "replaceable": true, "new-label-spread-frames": 10, "fade-time": 0.3, "far-threshold": ["case", ["ref", "Is.CityCenter.Neighborhood"], 0.84, ["ref", "Is.CityCenter.Hamlet"], 0.85, ["ref", "Is.CityCenter.Class1"], 0.95, ["ref", "Is.CityCenter.Class2"], 0.94, ["ref", "Is.CityCenter.Class3"], 0.93, ["ref", "Is.CityCenter.Class4"], 0.91, ["ref", "Is.CityCenter.Class5"], 0.87, ["ref", "Is.CityCenter.Class6"], 0.87, ["ref", "Is.CityCenter.Class7"], 0.87, 0.85], "far-threshold-range": 0.015, "break-line": true, "text-placement": ["case", ["ref", "Is.CityCenter.Class1"], ["case", ["==", ["ref", "CityCenter.Class1.Icon.Size"], 0], "C", ["ref", "CityCenter.Label.Placements"]], ["ref", "Is.CityCenter.Class2"], ["case", ["==", ["ref", "CityCenter.Class2.Icon.Size"], 0], "C", ["ref", "CityCenter.Label.Placements"]], ["ref", "Is.CityCenter.Class3"], ["case", ["==", ["ref", "CityCenter.Class3.Icon.Size"], 0], "C", ["ref", "CityCenter.Label.Placements"]], ["ref", "Is.CityCenter.Class4"], ["case", ["==", ["ref", "CityCenter.Class4.Icon.Size"], 0], "C", ["ref", "CityCenter.Label.Placements"]], ["ref", "Is.CityCenter.Class5"], ["case", ["==", ["ref", "CityCenter.Class5.Icon.Size"], 0], "C", ["ref", "CityCenter.Label.Placements"]], ["ref", "Is.CityCenter.Class6"], ["case", ["==", ["ref", "CityCenter.Class6.Icon.Size"], 0], "C", ["ref", "CityCenter.Label.Placements"]], ["ref", "Is.CityCenter.Class7"], ["case", ["==", ["ref", "CityCenter.Class7.Icon.Size"], 0], "C", ["ref", "CityCenter.Label.Placements"]], ["ref", "Is.CityCenter.Hamlet"], ["case", ["==", ["ref", "CityCenter.Hamlet.Icon.Size"], 0], "C", ["ref", "CityCenter.Label.Placements"]], ["ref", "Is.CityCenter.Neighborhood"], ["case", ["==", ["ref", "Neighborhood.Icon.Size"], 0], "C", ["ref", "CityCenter.Label.Placements"]], null], "text-color": ["case", ["ref", "Is.CityCenter.Neighborhood"], ["ref", "Neighborhood.Label.Color"], ["ref", "Is.CityCenter.Hamlet"], ["ref", "CityCenter.Hamlet.Label.Color"], ["ref", "Is.CityCenter.Class1"], ["ref", "CityCenter.Class1.Label.Color"], ["ref", "Is.CityCenter.Class2"], ["ref", "CityCenter.Class2.Label.Color"], ["ref", "Is.CityCenter.Class3"], ["ref", "CityCenter.Class3.Label.Color"], ["ref", "Is.CityCenter.Class4"], ["ref", "CityCenter.Class4.Label.Color"], ["ref", "Is.CityCenter.Class5"], ["ref", "CityCenter.Class5.Label.Color"], ["ref", "Is.CityCenter.Class6"], ["ref", "CityCenter.Class6.Label.Color"], ["ref", "Is.CityCenter.Class7"], ["ref", "CityCenter.Class7.Label.Color"], ["ref", "Is.State"], ["ref", "State.Label.Color"], ["ref", "Is.Country"], ["ref", "Country.Label.Color"], ["ref", "Is.SmallCountry"], ["ref", "SmallCountry.Label.Color"], "#ff0000"], "text-outline-color": ["case", ["ref", "Is.CityCenter.Neighborhood"], ["ref", "Neighborhood.Label.Outline.Color"], ["ref", "Is.CityCenter.Hamlet"], ["ref", "CityCenter.Hamlet.Label.Outline.Color"], ["ref", "Is.CityCenter.Class1"], ["ref", "CityCenter.Class1.Label.Outline.Color"], ["ref", "Is.CityCenter.Class2"], ["ref", "CityCenter.Class2.Label.Outline.Color"], ["ref", "Is.CityCenter.Class3"], ["ref", "CityCenter.Class3.Label.Outline.Color"], ["ref", "Is.CityCenter.Class4"], ["ref", "CityCenter.Class4.Label.Outline.Color"], ["ref", "Is.CityCenter.Class5"], ["ref", "CityCenter.Class5.Label.Outline.Color"], ["ref", "Is.CityCenter.Class6"], ["ref", "CityCenter.Class6.Label.Outline.Color"], ["ref", "Is.CityCenter.Class7"], ["ref", "CityCenter.Class7.Label.Outline.Color"], ["ref", "Is.State"], ["ref", "State.Label.Outline.Color"], ["ref", "Is.Country"], ["ref", "Country.Label.Outline.Color"], ["ref", "Is.SmallCountry"], ["ref", "SmallCountry.Label.Outline.Color"], "#000000"], "text-size": ["case", ["ref", "Is.CityCenter.China.Neighborhood"], ["ppi-scale", ["ref", "Neighborhood.China.Label.Size"], ["ref", "ScalePPI.Labels"]], ["ref", "Is.CityCenter.Neighborhood"], ["ppi-scale", ["ref", "Neighborhood.Label.Size"], ["ref", "ScalePPI.Labels"]], ["ref", "Is.CityCenter.Hamlet"], ["ppi-scale", ["ref", "CityCenter.Hamlet.Label.Size"], ["ref", "ScalePPI.Labels"]], ["ref", "Is.CityCenter.Class1"], ["ppi-scale", ["ref", "CityCenter.Class1.Label.Size"], ["ref", "ScalePPI.Labels"]], ["ref", "Is.CityCenter.Class2"], ["ppi-scale", ["ref", "CityCenter.Class2.Label.Size"], ["ref", "ScalePPI.Labels"]], ["ref", "Is.CityCenter.Class3"], ["ppi-scale", ["ref", "CityCenter.Class3.Label.Size"], ["ref", "ScalePPI.Labels"]], ["ref", "Is.CityCenter.Class4"], ["ppi-scale", ["ref", "CityCenter.Class4.Label.Size"], ["ref", "ScalePPI.Labels"]], ["ref", "Is.CityCenter.Class5"], ["ppi-scale", ["ref", "CityCenter.Class5.Label.Size"], ["ref", "ScalePPI.Labels"]], ["ref", "Is.CityCenter.Class6"], ["ppi-scale", ["ref", "CityCenter.Class6.Label.Size"], ["ref", "ScalePPI.Labels"]], ["ref", "Is.CityCenter.Class7"], ["ppi-scale", ["ref", "CityCenter.Class7.Label.Size"], ["ref", "ScalePPI.Labels"]], ["ref", "Is.State"], ["ppi-scale", ["ref", "State.Label.Size"], ["ref", "ScalePPI.Labels"]], ["ref", "Is.Country"], ["ppi-scale", ["ref", "Country.Label.Size"], ["ref", "ScalePPI.Labels"]], ["ref", "Is.SmallCountry"], ["ppi-scale", ["ref", "SmallCountry.Label.Size"], ["ref", "ScalePPI.Labels"]], ["ppi-scale", ["ref", "Fallback.Label.Size"], ["ref", "ScalePPI.Labels"]]], "text-outline-width": ["case", ["ref", "Is.CityCenter.Neighborhood"], ["ppi-scale", ["ref", "Neighborhood.Label.Outline.Width"], ["ref", "ScalePPI.Labels"]], ["ref", "Is.CityCenter.Hamlet"], ["ppi-scale", ["ref", "CityCenter.Hamlet.Label.Outline.Width"], ["ref", "ScalePPI.Labels"]], ["ref", "Is.CityCenter.Class1"], ["ppi-scale", ["ref", "CityCenter.Class1.Label.Outline.Width"], ["ref", "ScalePPI.Labels"]], ["ref", "Is.CityCenter.Class2"], ["ppi-scale", ["ref", "CityCenter.Class2.Label.Outline.Width"], ["ref", "ScalePPI.Labels"]], ["ref", "Is.CityCenter.Class3"], ["ppi-scale", ["ref", "CityCenter.Class3.Label.Outline.Width"], ["ref", "ScalePPI.Labels"]], ["ref", "Is.CityCenter.Class4"], ["ppi-scale", ["ref", "CityCenter.Class4.Label.Outline.Width"], ["ref", "ScalePPI.Labels"]], ["ref", "Is.CityCenter.Class5"], ["ppi-scale", ["ref", "CityCenter.Class5.Label.Outline.Width"], ["ref", "ScalePPI.Labels"]], ["ref", "Is.CityCenter.Class6"], ["ppi-scale", ["ref", "CityCenter.Class6.Label.Outline.Width"], ["ref", "ScalePPI.Labels"]], ["ref", "Is.CityCenter.Class7"], ["ppi-scale", ["ref", "CityCenter.Class7.Label.Outline.Width"], ["ref", "ScalePPI.Labels"]], ["ref", "Is.State"], ["ppi-scale", ["ref", "State.Label.Outline.Width"], ["ref", "ScalePPI.Labels"]], ["ref", "Is.Country"], ["ppi-scale", ["ref", "Country.Label.Outline.Width"], ["ref", "ScalePPI.Labels"]], ["ref", "Is.SmallCountry"], ["ppi-scale", ["ref", "SmallCountry.Label.Outline.Width"], ["ref", "ScalePPI.Labels"]], ["ppi-scale", 0, ["ref", "ScalePPI.Labels"]]], "leading-space": ["case", ["ref", "Is.CityCenter.Neighborhood"], ["ppi-scale", ["ref", "Neighborhood.Label.Leading"], ["ref", "ScalePPI.Labels"]], ["ref", "Is.CityCenter.Hamlet"], ["ppi-scale", ["ref", "CityCenter.Hamlet.Label.Leading"], ["ref", "ScalePPI.Labels"]], ["ref", "Is.CityCenter.Class1"], ["ppi-scale", ["ref", "CityCenter.Class1.Label.Leading"], ["ref", "ScalePPI.Labels"]], ["ref", "Is.CityCenter.Class2"], ["ppi-scale", ["ref", "CityCenter.Class2.Label.Leading"], ["ref", "ScalePPI.Labels"]], ["ref", "Is.CityCenter.Class3"], ["ppi-scale", ["ref", "CityCenter.Class3.Label.Leading"], ["ref", "ScalePPI.Labels"]], ["ref", "Is.CityCenter.Class4"], ["ppi-scale", ["ref", "CityCenter.Class4.Label.Leading"], ["ref", "ScalePPI.Labels"]], ["ref", "Is.CityCenter.Class5"], ["ppi-scale", ["ref", "CityCenter.Class5.Label.Leading"], ["ref", "ScalePPI.Labels"]], ["ref", "Is.CityCenter.Class6"], ["ppi-scale", ["ref", "CityCenter.Class6.Label.Leading"], ["ref", "ScalePPI.Labels"]], ["ref", "Is.CityCenter.Class7"], ["ppi-scale", ["ref", "CityCenter.Class7.Label.Leading"], ["ref", "ScalePPI.Labels"]], ["ref", "Is.State"], ["ppi-scale", ["ref", "State.Label.Leading"], ["ref", "ScalePPI.Labels"]], ["ref", "Is.Country"], ["ppi-scale", ["ref", "Country.Label.Leading"], ["ref", "ScalePPI.Labels"]], ["ref", "Is.SmallCountry"], ["ppi-scale", ["ref", "SmallCountry.Label.Leading"], ["ref", "ScalePPI.Labels"]], null], "tracking-space": ["case", ["ref", "Is.CityCenter.Neighborhood"], ["ppi-scale", ["ref", "Neighborhood.Label.Tracking"], ["ref", "ScalePPI.Labels"]], ["ref", "Is.CityCenter.Hamlet"], ["ppi-scale", ["ref", "CityCenter.Hamlet.Label.Tracking"], ["ref", "ScalePPI.Labels"]], ["ref", "Is.CityCenter.Class1"], ["ppi-scale", ["ref", "CityCenter.Class1.Label.Tracking"], ["ref", "ScalePPI.Labels"]], ["ref", "Is.CityCenter.Class2"], ["ppi-scale", ["ref", "CityCenter.Class2.Label.Tracking"], ["ref", "ScalePPI.Labels"]], ["ref", "Is.CityCenter.Class3"], ["ppi-scale", ["ref", "CityCenter.Class3.Label.Tracking"], ["ref", "ScalePPI.Labels"]], ["ref", "Is.CityCenter.Class4"], ["ppi-scale", ["ref", "CityCenter.Class4.Label.Tracking"], ["ref", "ScalePPI.Labels"]], ["ref", "Is.CityCenter.Class5"], ["ppi-scale", ["ref", "CityCenter.Class5.Label.Tracking"], ["ref", "ScalePPI.Labels"]], ["ref", "Is.CityCenter.Class6"], ["ppi-scale", ["ref", "CityCenter.Class6.Label.Tracking"], ["ref", "ScalePPI.Labels"]], ["ref", "Is.CityCenter.Class7"], ["ppi-scale", ["ref", "CityCenter.Class7.Label.Tracking"], ["ref", "ScalePPI.Labels"]], ["ref", "Is.State"], ["ppi-scale", ["ref", "State.Label.Tracking"], ["ref", "ScalePPI.Labels"]], ["ref", "Is.Country"], ["ppi-scale", ["ref", "Country.Label.Tracking"], ["ref", "ScalePPI.Labels"]], ["ref", "Is.SmallCountry"], ["ppi-scale", ["ref", "SmallCountry.Label.Tracking"], ["ref", "ScalePPI.Labels"]], null], "text-case-conversion": ["case", ["ref", "Is.CityCenter.China.Neighborhood"], ["ref", "Neighborhood.China.Label.Variant"], ["ref", "Is.State"], ["ref", "State.Label.Variant"], ["any", ["ref", "Is.Country"], ["ref", "Is.SmallCountry"]], ["ref", "Country.Label.Variant"], ["ref", "Is.CityCenter.Neighborhood"], ["ref", "Neighborhood.Label.Variant"], ["ref", "Is.CityCenter.Hamlet"], ["ref", "CityCenter.Hamlet.Label.Variant"], ["ref", "Is.CityCenter.Class1"], ["ref", "CityCenter.Class1.Label.Variant"], ["ref", "Is.CityCenter.Class2"], ["ref", "CityCenter.Class2.Label.Variant"], ["ref", "Is.CityCenter.Class3"], ["ref", "CityCenter.Class3.Label.Variant"], ["ref", "Is.CityCenter.Class4"], ["ref", "CityCenter.Class4.Label.Variant"], ["ref", "Is.CityCenter.Class5"], ["ref", "CityCenter.Class5.Label.Variant"], ["ref", "Is.CityCenter.Class6"], ["ref", "CityCenter.Class6.Label.Variant"], ["ref", "Is.CityCenter.Class7"], ["ref", "CityCenter.Class7.Label.Variant"], null], "icon-height": ["case", ["ref", "Is.CityCenter.Class1"], ["case", [">", ["ref", "CityCenter.Class1.Label.Size"], 0], ["ppi-scale", ["ref", "CityCenter.Class1.Icon.Size"], ["ref", "ScalePPI.Labels"]], 0], ["ref", "Is.CityCenter.Class2"], ["case", [">", ["ref", "CityCenter.Class2.Label.Size"], 0], ["ppi-scale", ["ref", "CityCenter.Class2.Icon.Size"], ["ref", "ScalePPI.Labels"]], 0], ["ref", "Is.CityCenter.Class3"], ["case", [">", ["ref", "CityCenter.Class3.Label.Size"], 0], ["ppi-scale", ["ref", "CityCenter.Class3.Icon.Size"], ["ref", "ScalePPI.Labels"]], 0], ["ref", "Is.CityCenter.Class4"], ["case", [">", ["ref", "CityCenter.Class4.Label.Size"], 0], ["ppi-scale", ["ref", "CityCenter.Class4.Icon.Size"], ["ref", "ScalePPI.Labels"]], 0], ["ref", "Is.CityCenter.Class5"], ["case", [">", ["ref", "CityCenter.Class5.Label.Size"], 0], ["ppi-scale", ["ref", "CityCenter.Class5.Icon.Size"], ["ref", "ScalePPI.Labels"]], 0], ["ref", "Is.CityCenter.Class6"], ["case", [">", ["ref", "CityCenter.Class6.Label.Size"], 0], ["ppi-scale", ["ref", "CityCenter.Class6.Icon.Size"], ["ref", "ScalePPI.Labels"]], 0], ["ref", "Is.CityCenter.Class7"], ["case", [">", ["ref", "CityCenter.Class7.Label.Size"], 0], ["ppi-scale", ["ref", "CityCenter.Class7.Icon.Size"], ["ref", "ScalePPI.Labels"]], 0], ["ref", "Is.CityCenter.Hamlet"], ["case", [">", ["ref", "CityCenter.Hamlet.Label.Size"], 0], ["ppi-scale", ["ref", "CityCenter.Hamlet.Icon.Size"], ["ref", "ScalePPI.Labels"]], 0], ["ref", "Is.CityCenter.Neighborhood"], ["case", [">", ["ref", "Neighborhood.Label.Size"], 0], ["ppi-scale", ["ref", "Neighborhood.Icon.Size"], ["ref", "ScalePPI.Labels"]], 0], 0], "icon-dx": 0, "icon-dy": 0, "text-dx": ["case", ["ref", "Is.CityCenter.Class1"], ["case", [">", ["ref", "CityCenter.Class1.Icon.Size"], 0], ["ppi-scale", ["ref", "CityCenter.Class1.Label.OffsetX"], ["ref", "ScalePPI.Labels"]], 0], ["ref", "Is.CityCenter.Class2"], ["case", [">", ["ref", "CityCenter.Class2.Icon.Size"], 0], ["ppi-scale", ["ref", "CityCenter.Class2.Label.OffsetX"], ["ref", "ScalePPI.Labels"]], 0], ["ref", "Is.CityCenter.Class3"], ["case", [">", ["ref", "CityCenter.Class3.Icon.Size"], 0], ["ppi-scale", ["ref", "CityCenter.Class3.Label.OffsetX"], ["ref", "ScalePPI.Labels"]], 0], ["ref", "Is.CityCenter.Class4"], ["case", [">", ["ref", "CityCenter.Class4.Icon.Size"], 0], ["ppi-scale", ["ref", "CityCenter.Class4.Label.OffsetX"], ["ref", "ScalePPI.Labels"]], 0], ["ref", "Is.CityCenter.Class5"], ["case", [">", ["ref", "CityCenter.Class5.Icon.Size"], 0], ["ppi-scale", ["ref", "CityCenter.Class5.Label.OffsetX"], ["ref", "ScalePPI.Labels"]], 0], ["ref", "Is.CityCenter.Class6"], ["case", [">", ["ref", "CityCenter.Class6.Icon.Size"], 0], ["ppi-scale", ["ref", "CityCenter.Class6.Label.OffsetX"], ["ref", "ScalePPI.Labels"]], 0], ["ref", "Is.CityCenter.Class7"], ["case", [">", ["ref", "CityCenter.Class7.Icon.Size"], 0], ["ppi-scale", ["ref", "CityCenter.Class7.Label.OffsetX"], ["ref", "ScalePPI.Labels"]], 0], ["ref", "Is.CityCenter.Hamlet"], ["case", [">", ["ref", "CityCenter.Hamlet.Icon.Size"], 0], ["ppi-scale", ["ref", "CityCenter.Hamlet.Label.OffsetX"], ["ref", "ScalePPI.Labels"]], 0], ["ref", "Is.CityCenter.Neighborhood"], ["case", [">", ["ref", "Neighborhood.Icon.Size"], 0], ["ppi-scale", ["ref", "Neighborhood.Label.OffsetX"], ["ref", "ScalePPI.Labels"]], 0], null], "text-dy": ["case", ["ref", "Is.CityCenter.Class1"], ["case", [">", ["ref", "CityCenter.Class1.Icon.Size"], 0], ["ppi-scale", ["ref", "CityCenter.Class1.Label.OffsetY"], ["ref", "ScalePPI.Labels"]], 0], ["ref", "Is.CityCenter.Class2"], ["case", [">", ["ref", "CityCenter.Class2.Icon.Size"], 0], ["ppi-scale", ["ref", "CityCenter.Class2.Label.OffsetY"], ["ref", "ScalePPI.Labels"]], 0], ["ref", "Is.CityCenter.Class3"], ["case", [">", ["ref", "CityCenter.Class3.Icon.Size"], 0], ["ppi-scale", ["ref", "CityCenter.Class3.Label.OffsetY"], ["ref", "ScalePPI.Labels"]], 0], ["ref", "Is.CityCenter.Class4"], ["case", [">", ["ref", "CityCenter.Class4.Icon.Size"], 0], ["ppi-scale", ["ref", "CityCenter.Class4.Label.OffsetY"], ["ref", "ScalePPI.Labels"]], 0], ["ref", "Is.CityCenter.Class5"], ["case", [">", ["ref", "CityCenter.Class5.Icon.Size"], 0], ["ppi-scale", ["ref", "CityCenter.Class5.Label.OffsetY"], ["ref", "ScalePPI.Labels"]], 0], ["ref", "Is.CityCenter.Class6"], ["case", [">", ["ref", "CityCenter.Class6.Icon.Size"], 0], ["ppi-scale", ["ref", "CityCenter.Class6.Label.OffsetY"], ["ref", "ScalePPI.Labels"]], 0], ["ref", "Is.CityCenter.Class7"], ["case", [">", ["ref", "CityCenter.Class7.Icon.Size"], 0], ["ppi-scale", ["ref", "CityCenter.Class7.Label.OffsetY"], ["ref", "ScalePPI.Labels"]], 0], ["ref", "Is.CityCenter.Hamlet"], ["case", [">", ["ref", "CityCenter.Hamlet.Icon.Size"], 0], ["ppi-scale", ["ref", "CityCenter.Hamlet.Label.OffsetY"], ["ref", "ScalePPI.Labels"]], 0], ["ref", "Is.CityCenter.Neighborhood"], ["case", [">", ["ref", "Neighborhood.Icon.Size"], 0], ["ppi-scale", ["ref", "Neighborhood.Label.OffsetY"], ["ref", "ScalePPI.Labels"]], 0], null], "icon-brightness": ["case", ["ref", "Is.CityCenter"], ["ref", "CityCenter.Icon.Brightness"], null], "icon-shadow-enabled": ["case", ["ref", "Is.CityCenter"], ["ref", "CityCenter.Icon.Shadow.Enabled"], null], "icon-shadow-color": ["case", ["ref", "Is.CityCenter"], ["ref", "Icon.Shadow.Color"], null], "icon-shadow-blur-radius": ["case", ["ref", "Is.CityCenter"], ["ref", "Icon.Shadow.BlurRadius"], null], "icon-shadow-size-increment": ["case", ["ref", "Is.CityCenter"], ["ref", "Icon.Shadow.SizeIncrement"], null], "icon-shadow-dx": ["case", ["ref", "Is.CityCenter"], ["ref", "Icon.Shadow.DistanceX"], null], "icon-shadow-dy": ["case", ["ref", "Is.CityCenter"], ["-", ["ref", "Icon.Shadow.DistanceY"]], null], "icon-shadow-shear-factor-x": ["case", ["ref", "Is.CityCenter"], ["ref", "Icon.Shadow.ShearFactorX"], null], "icon-shadow-shear-factor-y": ["case", ["ref", "Is.CityCenter"], ["ref", "Icon.Shadow.ShearFactorY"], null], "font": ["ref", "Default.Font"], "icon-source": ["case", ["ref", "Should.Hide.City"], null, ["ref", "Misc.Icon.CityCenter.Lookup.FileName"]], "shape": "point"}}]}