{"definitions": {"CityCenter.Label.Placements": "TR,TL,BR,BL", "CityCenter.Icon.Brightness": 1, "CityCenter.Icon.Shadow.Enabled": false, "Icon.Shadow.SizeIncrement": 0, "Icon.Shadow.BlurRadius": 3, "Icon.Shadow.Color": "#78787887", "Icon.Shadow.DistanceX": 1, "Icon.Shadow.DistanceY": 1, "Icon.Shadow.ShearFactorX": 0.4, "Icon.Shadow.ShearFactorY": 1, "CityCenter.Class1.Margin": ["interpolate", ["linear"], ["zoom"], 2, 4, 7, 3], "CityCenter.Class2.Margin": ["interpolate", ["linear"], ["zoom"], 3, 5, 8, 3], "CityCenter.Class3.Margin": ["interpolate", ["linear"], ["zoom"], 4, 6, 9, 3], "CityCenter.Class4.Margin": ["interpolate", ["linear"], ["zoom"], 5, 7, 10, 3], "CityCenter.Class5.Margin": ["interpolate", ["linear"], ["zoom"], 6, 8, 11, 3], "CityCenter.Class6.Margin": ["interpolate", ["linear"], ["zoom"], 8, 9, 13, 3], "CityCenter.Class7.Margin": ["interpolate", ["linear"], ["zoom"], 10, 10, 15, 3], "CityCenter.Hamlet.Margin": ["interpolate", ["linear"], ["zoom"], 12, 11, 17, 3], "Neighborhood.Margin": ["interpolate", ["linear"], ["zoom"], 12, 11, 17, 3], "CityCenter.Class6.Label.Color": ["ref", "CityCenter.Class5.Label.Color"], "CityCenter.Class6.Label.Outline.Color": ["ref", "CityCenter.Class5.Label.Outline.Color"], "CityCenter.Class6.Label.Outline.Width": ["ref", "CityCenter.Class5.Label.Outline.Width"], "CityCenter.Class6.Icon.Size": ["ref", "CityCenter.Class5.Icon.Size"], "CityCenter.Class7.Label.Color": ["ref", "CityCenter.Class5.Label.Color"], "CityCenter.Class7.Label.Outline.Color": ["ref", "CityCenter.Class5.Label.Outline.Color"], "CityCenter.Class7.Label.Outline.Width": ["ref", "CityCenter.Class5.Label.Outline.Width"], "CityCenter.Class7.Icon.Size": ["ref", "CityCenter.Class5.Icon.Size"], "CityCenter.Hamlet.Icon.Size": ["ref", "CityCenter.Class7.Icon.Size"], "Neighborhood.Icon.Size": ["ref", "CityCenter.Class7.Icon.Size"], "CityCenter.Class1.Label.Tracking": 0, "CityCenter.Class2.Label.Tracking": ["ref", "CityCenter.Class1.Label.Tracking"], "CityCenter.Class3.Label.Tracking": ["ref", "CityCenter.Class1.Label.Tracking"], "CityCenter.Class4.Label.Tracking": ["ref", "CityCenter.Class1.Label.Tracking"], "CityCenter.Class5.Label.Tracking": ["ref", "CityCenter.Class1.Label.Tracking"], "CityCenter.Class6.Label.Tracking": ["ref", "CityCenter.Class1.Label.Tracking"], "CityCenter.Class7.Label.Tracking": ["ref", "CityCenter.Class1.Label.Tracking"], "CityCenter.Hamlet.Label.Tracking": ["ref", "CityCenter.Class1.Label.Tracking"], "Neighborhood.Label.Tracking": ["ref", "CityCenter.Class1.Label.Tracking"], "CityCenter.Class1.Label.Leading": 1, "CityCenter.Class2.Label.Leading": ["ref", "CityCenter.Class1.Label.Leading"], "CityCenter.Class3.Label.Leading": ["ref", "CityCenter.Class1.Label.Leading"], "CityCenter.Class4.Label.Leading": ["ref", "CityCenter.Class1.Label.Leading"], "CityCenter.Class5.Label.Leading": ["ref", "CityCenter.Class1.Label.Leading"], "CityCenter.Class6.Label.Leading": ["ref", "CityCenter.Class1.Label.Leading"], "CityCenter.Class7.Label.Leading": ["ref", "CityCenter.Class1.Label.Leading"], "CityCenter.Hamlet.Label.Leading": ["ref", "CityCenter.Class1.Label.Leading"], "Neighborhood.Label.Leading": ["ref", "CityCenter.Class1.Label.Leading"], "Neighborhood.China.Label.Size": ["ref", "Neighborhood.Label.Size"], "CityCenter.Class1.Label.OffsetX": -0.5, "CityCenter.Class1.Label.OffsetY": -0.5, "CityCenter.Class2.Label.OffsetX": ["ref", "CityCenter.Class1.Label.OffsetX"], "CityCenter.Class2.Label.OffsetY": ["ref", "CityCenter.Class1.Label.OffsetY"], "CityCenter.Class3.Label.OffsetX": ["ref", "CityCenter.Class1.Label.OffsetX"], "CityCenter.Class3.Label.OffsetY": ["ref", "CityCenter.Class1.Label.OffsetY"], "CityCenter.Class4.Label.OffsetX": ["ref", "CityCenter.Class1.Label.OffsetX"], "CityCenter.Class4.Label.OffsetY": ["ref", "CityCenter.Class1.Label.OffsetY"], "CityCenter.Class5.Label.OffsetX": ["ref", "CityCenter.Class1.Label.OffsetX"], "CityCenter.Class5.Label.OffsetY": ["ref", "CityCenter.Class1.Label.OffsetY"], "CityCenter.Class6.Label.OffsetX": ["ref", "CityCenter.Class1.Label.OffsetX"], "CityCenter.Class6.Label.OffsetY": ["ref", "CityCenter.Class1.Label.OffsetY"], "CityCenter.Class7.Label.OffsetX": ["ref", "CityCenter.Class1.Label.OffsetX"], "CityCenter.Class7.Label.OffsetY": ["ref", "CityCenter.Class1.Label.OffsetY"], "CityCenter.Hamlet.Label.OffsetX": ["ref", "CityCenter.Class1.Label.OffsetX"], "CityCenter.Hamlet.Label.OffsetY": ["ref", "CityCenter.Class1.Label.OffsetY"], "Neighborhood.Label.OffsetX": ["ref", "CityCenter.Class1.Label.OffsetX"], "Neighborhood.Label.OffsetY": ["ref", "CityCenter.Class1.Label.OffsetY"], "Country.Label.Tracking": 0, "SmallCountry.Label.Tracking": 0, "State.Label.Tracking": 0, "Numbers.Margin": 10, "Numbers.PersistingMargin.Reducing": 4, "Label.LineBreak.WidthFactor": 8, "Places.Label.Display.Enabled": true, "Country.Label.Variant": ["ref", "Label.Variant.UpperCase"], "State.Label.Variant": ["ref", "Label.Variant.UpperCase"], "Neighborhood.Label.Variant": ["step", ["zoom"], ["ref", "Label.Variant.Regular"], 14, ["ref", "Label.Variant.UpperCase"]], "Neighborhood.China.Label.Variant": ["ref", "Label.Variant.Regular"], "CityCenter.Hamlet.Label.Variant": ["step", ["zoom"], ["ref", "Label.Variant.Regular"], 14, ["ref", "Label.Variant.UpperCase"]], "CityCenter.Class1.Label.Variant": ["ref", "Label.Variant.Regular"], "CityCenter.Class2.Label.Variant": ["ref", "Label.Variant.Regular"], "CityCenter.Class3.Label.Variant": ["ref", "Label.Variant.Regular"], "CityCenter.Class4.Label.Variant": ["ref", "Label.Variant.Regular"], "CityCenter.Class5.Label.Variant": ["ref", "Label.Variant.Regular"], "CityCenter.Class6.Label.Variant": ["ref", "Label.Variant.Regular"], "CityCenter.Class7.Label.Variant": ["ref", "Label.Variant.Regular"]}}