{"styles": [{"id": "pois_pt", "layer": "tilezen_points", "when": ["all", ["ref", "Is.POI.Layer"], ["ref", "Is.POI.TransitStopType.Any"], ["!", ["ref", "Is.POI.TransitAccess"]], ["!", ["ref", "Is.POI.TransitStopType.Platform"]], ["!", ["ref", "Is.POI.TransitStopType.BoardingArea"]], ["ref", "POI.Display.Enabled"]], "technique": "icon-text", "description": "GTFS POIs with PDS category", "attr": {"category": ["ref", "POI.TransitStop.Label.Category"], "margin": ["ref", "Default.Margin"], "persisting-margin-reducing": ["ref", "Default.PersistingMargin.Reducing"], "icon-placement": "T", "replaceable": true, "new-label-spread-frames": 10, "fade-time": 0.3, "far-threshold": 0.8, "far-threshold-range": 0.015, "break-line": true, "perspective-scale-min": ["ref", "Icon.PerspectiveScaling.Min"], "perspective-scale-max": ["ref", "Icon.PerspectiveScaling.Max"], "font": ["ref", "Default.Font"], "text-size": ["ppi-scale", ["ref", "POI.TransitStop.Label.Size"], ["ref", "ScalePPI.Labels"]], "text-outline-width": ["ppi-scale", ["ref", "POI.TransitStop.Label.Outline.Width"], ["ref", "ScalePPI.Labels"]], "text-color": ["ref", "POI.TransitStop.Label.Color"], "text-outline-color": ["ref", "POI.TransitStop.Label.Outline.Color"], "leading-space": ["ppi-scale", ["ref", "POI.Label.Leading"], ["ref", "ScalePPI.Labels"]], "icon-height": ["ref", "Internal.POI.TransitStop.IconSize"], "icon-dx": 0, "icon-dy": ["/", ["-", ["*", ["ref", "Internal.POI.TransitStop.IconSize"], ["interpolate", ["linear"], ["tilt"], 0, ["ref", "POI.TransitStop.Icon.AnchorPoint.TopDown"], 45, ["ref", "POI.TransitStop.Icon.AnchorPoint.Tilt"]]]], 2], "text-placement": ["case", ["any", [">=", ["length", ["concat", ["get", "$localized-name"], ["get", "$secondary-localized-name"]]], 25], ["all", ["ref", "Is.POI.TransitStop.Multimodal"], [">=", ["zoom"], 14]]], "T", "T, R, L"], "text-dx": 0, "text-dy": ["ppi-scale", ["ref", "POI.TransitStop.Label.OffsetY"], ["ref", "ScalePPI.Labels"]], "icon-brightness": ["ref", "POI.Icon.Brightness"], "text-brightness": ["ref", "POI.Label.Brightness"], "icon-shadow-enabled": ["ref", "POI.Icon.Shadow.Enabled"], "icon-shadow-color": ["ref", "Icon.Shadow.Color"], "icon-shadow-blur-radius": ["ref", "Icon.Shadow.BlurRadius"], "icon-shadow-size-increment": ["ref", "POI.Icon.Shadow.SizeIncrement"], "icon-shadow-dx": ["ref", "POI.Icon.Shadow.DistanceX"], "icon-shadow-dy": ["-", ["ref", "POI.Icon.Shadow.DistanceY"]], "icon-shadow-shear-factor-x": ["ref", "Icon.Shadow.ShearFactorX"], "icon-shadow-shear-factor-y": ["ref", "Icon.Shadow.ShearFactorY"], "icon-composition-type": "nextToEachOther", "text-case-conversion": ["ref", "POI.Label.Variant"], "icon-source": ["concat", ["case", ["all", ["ref", "Is.POI.TransitStop.HighSpeed"], [">=", ["zoom"], ["ref", "POI.PT.Icon.TransitStopHighSpeed.Lookup.IconMinLevel"]]], ["concat", ["ref", "POI.PT.Icon.TransitStopHighSpeed.Lookup.FileName"], ","], ""], ["case", ["all", ["ref", "Is.POI.TransitStop.Intercity"], [">=", ["zoom"], ["ref", "POI.PT.Icon.TransitStopIntercity.Lookup.IconMinLevel"]]], ["concat", ["ref", "POI.PT.Icon.TransitStopIntercity.Lookup.FileName"], ","], ""], ["case", ["all", ["ref", "Is.POI.TransitStop.Regional"], [">=", ["zoom"], ["ref", "POI.PT.Icon.TransitStopRegional.Lookup.IconMinLevel"]]], ["concat", ["ref", "POI.PT.Icon.TransitStopRegional.Lookup.FileName"], ","], ""], ["case", ["all", ["ref", "Is.POI.TransitStop.Train"], [">=", ["zoom"], ["ref", "POI.PT.Icon.TransitStopTrain.Lookup.IconMinLevel"]]], ["concat", ["ref", "POI.PT.Icon.TransitStopTrain.Lookup.FileName"], ","], ""], ["case", ["all", ["ref", "Is.POI.TransitStop.Suburban"], [">=", ["zoom"], ["ref", "POI.PT.Icon.TransitStopSuburban.Lookup.IconMinLevel"]]], ["concat", ["ref", "POI.PT.Icon.TransitStopSuburban.Lookup.FileName"], ","], ""], ["case", ["all", ["ref", "Is.POI.TransitStop.Ferry"], [">=", ["zoom"], ["ref", "POI.PT.Icon.TransitStopFerry.Lookup.IconMinLevel"]]], ["concat", ["ref", "POI.PT.Icon.TransitStopFerry.Lookup.FileName"], ","], ""], ["case", ["all", ["ref", "Is.POI.TransitStop.Subway"], [">=", ["zoom"], ["ref", "POI.PT.Icon.TransitStopSubway.Lookup.IconMinLevel"]]], ["concat", ["ref", "POI.PT.Icon.TransitStopSubway.Lookup.FileName"], ","], ""], ["case", ["all", ["ref", "Is.POI.TransitStop.Touristic"], [">=", ["zoom"], ["ref", "POI.PT.Icon.TransitStopTouristic.Lookup.IconMinLevel"]]], ["concat", ["ref", "POI.PT.Icon.TransitStopTouristic.Lookup.FileName"], ","], ""], ["case", ["all", ["ref", "Is.POI.TransitStop.WaterTransit"], [">=", ["zoom"], ["ref", "POI.PT.Icon.TransitStopWaterTransit.Lookup.IconMinLevel"]]], ["concat", ["ref", "POI.PT.Icon.TransitStopWaterTransit.Lookup.FileName"], ","], ""], ["case", ["all", ["ref", "Is.POI.TransitStop.BusStation"], [">=", ["zoom"], ["ref", "POI.PT.Icon.TransitStopBusStation.Lookup.IconMinLevel"]]], ["concat", ["ref", "POI.PT.Icon.TransitStopBusStation.Lookup.FileName"], ","], ""], ["case", ["all", ["ref", "Is.POI.TransitStop.Tram"], [">=", ["zoom"], ["ref", "POI.PT.Icon.TransitStopTram.Lookup.IconMinLevel"]]], ["concat", ["ref", "POI.PT.Icon.TransitStopTram.Lookup.FileName"], ","], ""], ["case", ["all", ["ref", "Is.POI.TransitStop.TramTouristic"], [">=", ["zoom"], ["ref", "POI.PT.Icon.TransitStopTramTouristic.Lookup.IconMinLevel"]]], ["concat", ["ref", "POI.PT.Icon.TransitStopTramTouristic.Lookup.FileName"], ","], ""], ["case", ["all", ["ref", "Is.POI.TransitStop.Monorail"], [">=", ["zoom"], ["ref", "POI.PT.Icon.TransitStopMonorail.Lookup.IconMinLevel"]]], ["concat", ["ref", "POI.PT.Icon.TransitStopMonorail.Lookup.FileName"], ","], ""], ["case", ["all", ["ref", "Is.POI.TransitStop.Aerial"], [">=", ["zoom"], ["ref", "POI.PT.Icon.TransitStopAerial.Lookup.IconMinLevel"]]], ["concat", ["ref", "POI.PT.Icon.TransitStopAerial.Lookup.FileName"], ","], ""], ["case", ["all", ["ref", "Is.POI.TransitStop.Funicular"], [">=", ["zoom"], ["ref", "POI.PT.Icon.TransitStopFunicular.Lookup.IconMinLevel"]]], ["concat", ["ref", "POI.PT.Icon.TransitStopFunicular.Lookup.FileName"], ","], ""], ["case", ["all", ["ref", "Is.POI.TransitStop.AirportTerminal"], [">=", ["zoom"], ["ref", "POI.PT.Icon.TransitStopAirportTerminal.Lookup.IconMinLevel"]]], ["concat", ["ref", "POI.PT.Icon.TransitStopAirportTerminal.Lookup.FileName"], ","], ""], ["case", ["all", ["ref", "Is.POI.TransitStop.Bus"], [">=", ["zoom"], ["ref", "POI.PT.Icon.TransitStopBus.Lookup.IconMinLevel"]]], ["concat", ["ref", "POI.PT.Icon.TransitStopBus.Lookup.FileName"], ","], ""], ["case", ["all", ["ref", "Is.POI.TransitStop.Trolleybus"], [">=", ["zoom"], ["ref", "POI.PT.Icon.TransitStopTrolleybus.Lookup.IconMinLevel"]]], ["concat", ["ref", "POI.PT.Icon.TransitStopTrolleybus.Lookup.FileName"], ","], ""]], "z-order": ["case", ["all", ["ref", "Is.POI.TransitStop.Multimodal"], ["ref", "Is.POI.TransitStop.Regional"], ["ref", "Is.POI.TransitStop.Suburban"]], ["+", ["+", ["-", 100000, ["*", ["ref", "POI.PT.Icon.TransitStopRegional.Lookup.Priority"], 10]], 3], ["get", "quality_score"]], ["all", ["ref", "Is.POI.TransitStop.Multimodal"], ["ref", "Is.POI.TransitStop.Regional"], ["ref", "Is.POI.TransitStop.Subway"]], ["+", ["+", ["-", 100000, ["*", ["ref", "POI.PT.Icon.TransitStopRegional.Lookup.Priority"], 10]], 2], ["get", "quality_score"]], ["ref", "Is.POI.TransitStop.HighSpeed"], ["+", ["+", ["-", 100000, ["*", ["ref", "POI.PT.Icon.TransitStopHighSpeed.Lookup.Priority"], 10]], ["case", ["ref", "Is.POI.TransitStop.Multimodal"], 1, 0]], ["get", "quality_score"]], ["ref", "Is.POI.TransitStop.Intercity"], ["+", ["+", ["-", 100000, ["*", ["ref", "POI.PT.Icon.TransitStopIntercity.Lookup.Priority"], 10]], ["case", ["ref", "Is.POI.TransitStop.Multimodal"], 1, 0]], ["get", "quality_score"]], ["ref", "Is.POI.TransitStop.Regional"], ["+", ["+", ["-", 100000, ["*", ["ref", "POI.PT.Icon.TransitStopRegional.Lookup.Priority"], 10]], ["case", ["ref", "Is.POI.TransitStop.Multimodal"], 1, 0]], ["get", "quality_score"]], ["ref", "Is.POI.TransitStop.Train"], ["+", ["+", ["-", 100000, ["*", ["ref", "POI.PT.Icon.TransitStopTrain.Lookup.Priority"], 10]], ["case", ["ref", "Is.POI.TransitStop.Multimodal"], 1, 0]], ["get", "quality_score"]], ["ref", "Is.POI.TransitStop.Suburban"], ["+", ["+", ["-", 100000, ["*", ["ref", "POI.PT.Icon.TransitStopSuburban.Lookup.Priority"], 10]], ["case", ["ref", "Is.POI.TransitStop.Multimodal"], 1, 0]], ["get", "quality_score"]], ["ref", "Is.POI.TransitStop.Ferry"], ["+", ["+", ["-", 100000, ["*", ["ref", "POI.PT.Icon.TransitStopFerry.Lookup.Priority"], 10]], ["case", ["ref", "Is.POI.TransitStop.Multimodal"], 1, 0]], ["get", "quality_score"]], ["ref", "Is.POI.TransitStop.Subway"], ["+", ["+", ["-", 100000, ["*", ["ref", "POI.PT.Icon.TransitStopSubway.Lookup.Priority"], 10]], ["case", ["ref", "Is.POI.TransitStop.Multimodal"], 1, 0]], ["get", "quality_score"]], ["ref", "Is.POI.TransitStop.Touristic"], ["+", ["+", ["-", 100000, ["*", ["ref", "POI.PT.Icon.TransitStopTouristic.Lookup.Priority"], 10]], ["case", ["ref", "Is.POI.TransitStop.Multimodal"], 1, 0]], ["get", "quality_score"]], ["ref", "Is.POI.TransitStop.WaterTransit"], ["+", ["+", ["-", 100000, ["*", ["ref", "POI.PT.Icon.TransitStopWaterTransit.Lookup.Priority"], 10]], ["case", ["ref", "Is.POI.TransitStop.Multimodal"], 1, 0]], ["get", "quality_score"]], ["ref", "Is.POI.TransitStop.BusStation"], ["+", ["+", ["-", 100000, ["*", ["ref", "POI.PT.Icon.TransitStopBusStation.Lookup.Priority"], 10]], ["case", ["ref", "Is.POI.TransitStop.Multimodal"], 1, 0]], ["get", "quality_score"]], ["ref", "Is.POI.TransitStop.Tram"], ["+", ["+", ["-", 100000, ["*", ["ref", "POI.PT.Icon.TransitStopTram.Lookup.Priority"], 10]], ["case", ["ref", "Is.POI.TransitStop.Multimodal"], 1, 0]], ["get", "quality_score"]], ["ref", "Is.POI.TransitStop.TramTouristic"], ["+", ["+", ["-", 100000, ["*", ["ref", "POI.PT.Icon.TransitStopTramTouristic.Lookup.Priority"], 10]], ["case", ["ref", "Is.POI.TransitStop.Multimodal"], 1, 0]], ["get", "quality_score"]], ["ref", "Is.POI.TransitStop.Monorail"], ["+", ["+", ["-", 100000, ["*", ["ref", "POI.PT.Icon.TransitStopMonorail.Lookup.Priority"], 10]], ["case", ["ref", "Is.POI.TransitStop.Multimodal"], 1, 0]], ["get", "quality_score"]], ["ref", "Is.POI.TransitStop.Aerial"], ["+", ["+", ["-", 100000, ["*", ["ref", "POI.PT.Icon.TransitStopAerial.Lookup.Priority"], 10]], ["case", ["ref", "Is.POI.TransitStop.Multimodal"], 1, 0]], ["get", "quality_score"]], ["ref", "Is.POI.TransitStop.Funicular"], ["+", ["+", ["-", 100000, ["*", ["ref", "POI.PT.Icon.TransitStopFunicular.Lookup.Priority"], 10]], ["case", ["ref", "Is.POI.TransitStop.Multimodal"], 1, 0]], ["get", "quality_score"]], ["ref", "Is.POI.TransitStop.AirportTerminal"], ["+", ["+", ["-", 100000, ["*", ["ref", "POI.PT.Icon.TransitStopAirportTerminal.Lookup.Priority"], 10]], ["case", ["ref", "Is.POI.TransitStop.Multimodal"], 1, 0]], ["get", "quality_score"]], ["ref", "Is.POI.TransitStop.Bus"], ["+", ["+", ["-", 100000, ["*", ["ref", "POI.PT.Icon.TransitStopBus.Lookup.Priority"], 10]], ["case", ["ref", "Is.POI.TransitStop.Multimodal"], 1, 0]], ["get", "quality_score"]], ["ref", "Is.POI.TransitStop.Trolleybus"], ["+", ["+", ["-", 100000, ["*", ["ref", "POI.PT.Icon.TransitStopTrolleybus.Lookup.Priority"], 10]], ["case", ["ref", "Is.POI.TransitStop.Multimodal"], 1, 0]], ["get", "quality_score"]], null], "iconMinZoomLevel": ["case", ["ref", "Is.POI.TransitStop.HighSpeed"], ["ref", "POI.PT.Icon.TransitStopHighSpeed.Lookup.IconMinLevel"], ["ref", "Is.POI.TransitStop.Intercity"], ["ref", "POI.PT.Icon.TransitStopIntercity.Lookup.IconMinLevel"], ["ref", "Is.POI.TransitStop.Regional"], ["ref", "POI.PT.Icon.TransitStopRegional.Lookup.IconMinLevel"], ["ref", "Is.POI.TransitStop.Train"], ["ref", "POI.PT.Icon.TransitStopTrain.Lookup.IconMinLevel"], ["ref", "Is.POI.TransitStop.Suburban"], ["ref", "POI.PT.Icon.TransitStopSuburban.Lookup.IconMinLevel"], ["ref", "Is.POI.TransitStop.Ferry"], ["ref", "POI.PT.Icon.TransitStopFerry.Lookup.IconMinLevel"], ["ref", "Is.POI.TransitStop.Subway"], ["ref", "POI.PT.Icon.TransitStopSubway.Lookup.IconMinLevel"], ["ref", "Is.POI.TransitStop.Touristic"], ["ref", "POI.PT.Icon.TransitStopTouristic.Lookup.IconMinLevel"], ["ref", "Is.POI.TransitStop.WaterTransit"], ["ref", "POI.PT.Icon.TransitStopWaterTransit.Lookup.IconMinLevel"], ["ref", "Is.POI.TransitStop.BusStation"], ["ref", "POI.PT.Icon.TransitStopBusStation.Lookup.IconMinLevel"], ["ref", "Is.POI.TransitStop.Tram"], ["ref", "POI.PT.Icon.TransitStopTram.Lookup.IconMinLevel"], ["ref", "Is.POI.TransitStop.TramTouristic"], ["ref", "POI.PT.Icon.TransitStopTramTouristic.Lookup.IconMinLevel"], ["ref", "Is.POI.TransitStop.Monorail"], ["ref", "POI.PT.Icon.TransitStopMonorail.Lookup.IconMinLevel"], ["ref", "Is.POI.TransitStop.Funicular"], ["ref", "POI.PT.Icon.TransitStopFunicular.Lookup.IconMinLevel"], ["ref", "Is.POI.TransitStop.Aerial"], ["ref", "POI.PT.Icon.TransitStopAerial.Lookup.IconMinLevel"], ["ref", "Is.POI.TransitStop.AirportTerminal"], ["ref", "POI.PT.Icon.TransitStopAirportTerminal.Lookup.IconMinLevel"], ["ref", "Is.POI.TransitStop.Bus"], ["ref", "POI.PT.Icon.TransitStopBus.Lookup.IconMinLevel"], ["ref", "Is.POI.TransitStop.Trolleybus"], ["ref", "POI.PT.Icon.TransitStopTrolleybus.Lookup.IconMinLevel"], null], "iconMaxZoomLevel": ["case", ["ref", "Is.POI.TransitStop.HighSpeed"], ["ref", "POI.PT.Icon.TransitStopHighSpeed.Lookup.IconMaxLevel"], ["ref", "Is.POI.TransitStop.Intercity"], ["ref", "POI.PT.Icon.TransitStopIntercity.Lookup.IconMaxLevel"], ["ref", "Is.POI.TransitStop.Regional"], ["ref", "POI.PT.Icon.TransitStopRegional.Lookup.IconMaxLevel"], ["ref", "Is.POI.TransitStop.Train"], ["ref", "POI.PT.Icon.TransitStopTrain.Lookup.IconMaxLevel"], ["ref", "Is.POI.TransitStop.Suburban"], ["ref", "POI.PT.Icon.TransitStopSuburban.Lookup.IconMaxLevel"], ["ref", "Is.POI.TransitStop.Ferry"], ["ref", "POI.PT.Icon.TransitStopFerry.Lookup.IconMaxLevel"], ["ref", "Is.POI.TransitStop.Subway"], ["ref", "POI.PT.Icon.TransitStopSubway.Lookup.IconMaxLevel"], ["ref", "Is.POI.TransitStop.Touristic"], ["ref", "POI.PT.Icon.TransitStopTouristic.Lookup.IconMaxLevel"], ["ref", "Is.POI.TransitStop.WaterTransit"], ["ref", "POI.PT.Icon.TransitStopWaterTransit.Lookup.IconMaxLevel"], ["ref", "Is.POI.TransitStop.BusStation"], ["ref", "POI.PT.Icon.TransitStopBusStation.Lookup.IconMaxLevel"], ["ref", "Is.POI.TransitStop.Tram"], ["ref", "POI.PT.Icon.TransitStopTram.Lookup.IconMaxLevel"], ["ref", "Is.POI.TransitStop.TramTouristic"], ["ref", "POI.PT.Icon.TransitStopTramTouristic.Lookup.IconMaxLevel"], ["ref", "Is.POI.TransitStop.Monorail"], ["ref", "POI.PT.Icon.TransitStopMonorail.Lookup.IconMaxLevel"], ["ref", "Is.POI.TransitStop.Aerial"], ["ref", "POI.PT.Icon.TransitStopAerial.Lookup.IconMaxLevel"], ["ref", "Is.POI.TransitStop.Funicular"], ["ref", "POI.PT.Icon.TransitStopFunicular.Lookup.IconMaxLevel"], ["ref", "Is.POI.TransitStop.AirportTerminal"], ["ref", "POI.PT.Icon.TransitStopAirportTerminal.Lookup.IconMaxLevel"], ["ref", "Is.POI.TransitStop.Bus"], ["ref", "POI.PT.Icon.TransitStopBus.Lookup.IconMaxLevel"], ["ref", "Is.POI.TransitStop.Trolleybus"], ["ref", "POI.PT.Icon.TransitStopTrolleybus.Lookup.IconMaxLevel"], null], "textMinZoomLevel": ["case", ["ref", "Is.POI.TransitStop.HighSpeed"], ["ref", "POI.PT.Icon.TransitStopHighSpeed.Lookup.TextMinLevel"], ["ref", "Is.POI.TransitStop.Intercity"], ["ref", "POI.PT.Icon.TransitStopIntercity.Lookup.TextMinLevel"], ["ref", "Is.POI.TransitStop.Regional"], ["ref", "POI.PT.Icon.TransitStopRegional.Lookup.TextMinLevel"], ["ref", "Is.POI.TransitStop.Train"], ["ref", "POI.PT.Icon.TransitStopTrain.Lookup.TextMinLevel"], ["ref", "Is.POI.TransitStop.Suburban"], ["ref", "POI.PT.Icon.TransitStopSuburban.Lookup.TextMinLevel"], ["ref", "Is.POI.TransitStop.Touristic"], ["ref", "POI.PT.Icon.TransitStopTouristic.Lookup.TextMinLevel"], ["ref", "Is.POI.TransitStop.Ferry"], ["ref", "POI.PT.Icon.TransitStopFerry.Lookup.TextMinLevel"], ["ref", "Is.POI.TransitStop.Subway"], ["ref", "POI.PT.Icon.TransitStopSubway.Lookup.TextMinLevel"], ["ref", "Is.POI.TransitStop.WaterTransit"], ["ref", "POI.PT.Icon.TransitStopWaterTransit.Lookup.TextMinLevel"], ["ref", "Is.POI.TransitStop.BusStation"], ["ref", "POI.PT.Icon.TransitStopBusStation.Lookup.TextMinLevel"], ["ref", "Is.POI.TransitStop.Tram"], ["ref", "POI.PT.Icon.TransitStopTram.Lookup.TextMinLevel"], ["ref", "Is.POI.TransitStop.TramTouristic"], ["ref", "POI.PT.Icon.TransitStopTramTouristic.Lookup.TextMinLevel"], ["ref", "Is.POI.TransitStop.Monorail"], ["ref", "POI.PT.Icon.TransitStopMonorail.Lookup.TextMinLevel"], ["ref", "Is.POI.TransitStop.Aerial"], ["ref", "POI.PT.Icon.TransitStopAerial.Lookup.TextMinLevel"], ["ref", "Is.POI.TransitStop.Funicular"], ["ref", "POI.PT.Icon.TransitStopFunicular.Lookup.TextMinLevel"], ["ref", "Is.POI.TransitStop.AirportTerminal"], ["ref", "POI.PT.Icon.TransitStopAirportTerminal.Lookup.TextMinLevel"], ["ref", "Is.POI.TransitStop.Bus"], ["ref", "POI.PT.Icon.TransitStopBus.Lookup.TextMinLevel"], ["ref", "Is.POI.TransitStop.Trolleybus"], ["ref", "POI.PT.Icon.TransitStopTrolleybus.Lookup.TextMinLevel"], null], "textMaxZoomLevel": ["case", ["ref", "Is.POI.TransitStop.HighSpeed"], ["ref", "POI.PT.Icon.TransitStopHighSpeed.Lookup.TextMaxLevel"], ["ref", "Is.POI.TransitStop.Intercity"], ["ref", "POI.PT.Icon.TransitStopIntercity.Lookup.TextMaxLevel"], ["ref", "Is.POI.TransitStop.Regional"], ["ref", "POI.PT.Icon.TransitStopRegional.Lookup.TextMaxLevel"], ["ref", "Is.POI.TransitStop.Train"], ["ref", "POI.PT.Icon.TransitStopTrain.Lookup.TextMaxLevel"], ["ref", "Is.POI.TransitStop.Suburban"], ["ref", "POI.PT.Icon.TransitStopSuburban.Lookup.TextMaxLevel"], ["ref", "Is.POI.TransitStop.Ferry"], ["ref", "POI.PT.Icon.TransitStopFerry.Lookup.TextMaxLevel"], ["ref", "Is.POI.TransitStop.Subway"], ["ref", "POI.PT.Icon.TransitStopSubway.Lookup.TextMaxLevel"], ["ref", "Is.POI.TransitStop.Touristic"], ["ref", "POI.PT.Icon.TransitStopTouristic.Lookup.TextMaxLevel"], ["ref", "Is.POI.TransitStop.WaterTransit"], ["ref", "POI.PT.Icon.TransitStopWaterTransit.Lookup.TextMaxLevel"], ["ref", "Is.POI.TransitStop.BusStation"], ["ref", "POI.PT.Icon.TransitStopBusStation.Lookup.TextMaxLevel"], ["ref", "Is.POI.TransitStop.Tram"], ["ref", "POI.PT.Icon.TransitStopTram.Lookup.TextMaxLevel"], ["ref", "Is.POI.TransitStop.TramTouristic"], ["ref", "POI.PT.Icon.TransitStopTramTouristic.Lookup.TextMaxLevel"], ["ref", "Is.POI.TransitStop.Monorail"], ["ref", "POI.PT.Icon.TransitStopMonorail.Lookup.TextMaxLevel"], ["ref", "Is.POI.TransitStop.Aerial"], ["ref", "POI.PT.Icon.TransitStopAerial.Lookup.TextMaxLevel"], ["ref", "Is.POI.TransitStop.Funicular"], ["ref", "POI.PT.Icon.TransitStopFunicular.Lookup.TextMaxLevel"], ["ref", "Is.POI.TransitStop.AirportTerminal"], ["ref", "POI.PT.Icon.TransitStopAirportTerminal.Lookup.TextMaxLevel"], ["ref", "Is.POI.TransitStop.Bus"], ["ref", "POI.PT.Icon.TransitStopBus.Lookup.TextMaxLevel"], ["ref", "Is.POI.TransitStop.Trolleybus"], ["ref", "POI.PT.Icon.TransitStopTrolleybus.Lookup.TextMaxLevel"], null]}}]}