{"definitions": {"POI.TransitStop.Label.Category": "poi-labels", "POI.Label.Leading": 2, "POI.Icon.AnchorPoint.TopDown": 1, "POI.Icon.AnchorPoint.Tilt": 0, "POI.TransitStop.Icon.AnchorPoint.TopDown": 1, "POI.TransitStop.Icon.AnchorPoint.Tilt": 0, "Internal.POI.IconSize": ["ppi-scale", ["ref", "POI.Icon.Size"], ["ref", "ScalePPI.Labels"]], "Internal.POI.TransitStop.IconSize": ["ppi-scale", ["ref", "POI.TransitStop.Icon.Size"], ["ref", "ScalePPI.Labels"]], "POI.TransitStop.Icon.Size": ["ref", "POI.Icon.Size"], "Internal.POI.TransitAccess.IconSize": ["ppi-scale", ["ref", "POI.TransitAccess.Icon.Size"], ["ref", "ScalePPI.Labels"]], "POI.TransitAccess.Icon.Size": ["ref", "POI.Icon.Size"], "POI.Icon.Brightness": 1, "POI.Label.Brightness": 1, "POI.MountainPeak.Label.OffsetY": -1, "POI.Label.OffsetY": 2, "POI.TransitStop.Label.OffsetY": 2, "POI.TransitAccess.Label.OffsetY": -1.5, "POI.Icon.Shadow.Enabled": false, "Icon.Shadow.Color": "#505050a1", "Icon.Shadow.BlurRadius": 3, "Icon.Shadow.SizeIncrement": 0, "POI.Icon.Shadow.SizeIncrement": 0, "Icon.Shadow.ShearFactorX": 0.4, "Icon.Shadow.ShearFactorY": 0.4, "Icon.Shadow.DistanceX": 3, "Icon.Shadow.DistanceY": 3, "POI.Icon.Shadow.DistanceX": 4, "POI.Icon.Shadow.DistanceY": 5, "POI.MountainPeak.Label.Leading": ["ref", "POI.Label.Leading"], "Label.LineBreak.WidthFactor": 8, "POI.Accomodation.Label.Color": ["ref", "POI.Generic.Label.Color"], "POI.Accomodation.Label.Outline.Color": ["ref", "POI.Generic.Label.Outline.Color"], "POI.Automotive.Label.Color": ["ref", "POI.Generic.Label.Color"], "POI.Automotive.Label.Outline.Color": ["ref", "POI.Generic.Label.Outline.Color"], "POI.BusinessServicesAreas.Label.Color": ["ref", "POI.Generic.Label.Color"], "POI.BusinessServicesAreas.Label.Outline.Color": ["ref", "POI.Generic.Label.Outline.Color"], "POI.EatDrink.Label.Color": ["ref", "POI.Generic.Label.Color"], "POI.EatDrink.Label.Outline.Color": ["ref", "POI.Generic.Label.Outline.Color"], "POI.Emergency.Label.Color": ["ref", "POI.Generic.Label.Color"], "POI.Emergency.Label.Outline.Color": ["ref", "POI.Generic.Label.Outline.Color"], "POI.Entertainment.Label.Color": ["ref", "POI.Generic.Label.Color"], "POI.Entertainment.Label.Outline.Color": ["ref", "POI.Generic.Label.Outline.Color"], "POI.Facilities.Label.Color": ["ref", "POI.Generic.Label.Color"], "POI.Facilities.Label.Outline.Color": ["ref", "POI.Generic.Label.Outline.Color"], "POI.LeisureOutdoor.Label.Color": ["ref", "POI.Generic.Label.Color"], "POI.LeisureOutdoor.Label.Outline.Color": ["ref", "POI.Generic.Label.Outline.Color"], "POI.Shopping.Label.Color": ["ref", "POI.Generic.Label.Color"], "POI.Shopping.Label.Outline.Color": ["ref", "POI.Generic.Label.Outline.Color"], "POI.SightsMuseum.Label.Color": ["ref", "POI.Generic.Label.Color"], "POI.SightsMuseum.Label.Outline.Color": ["ref", "POI.Generic.Label.Outline.Color"], "POI.TransitStop.Label.Color": ["ref", "POI.Generic.Label.Color"], "POI.TransitStop.Label.Outline.Color": ["ref", "POI.Generic.Label.Outline.Color"], "POI.Logistics.Label.Color": ["ref", "POI.Generic.Label.Color"], "POI.Logistics.Label.Outline.Color": ["ref", "POI.Generic.Label.Outline.Color"], "POI.TransitAccess.MiniIcon.MaxZoomLevel": 19, "POI.Display.Enabled": true, "POI.Label.Variant": ["ref", "Label.Variant.Regular"]}}