{"styles": [{"layer": "northpole", "technique": "polygon", "attr": {"lighting-enabled": ["ref", "Water.PolygonLighting.Enabled"], "ambient": ["ref", "Polygon.Ambient.Factor"], "color": ["ref", "Northpole.Color"], "diffuse": ["ref", "Polygon.Diffuse.Factor"]}}, {"layer": "southpole", "technique": "polygon", "attr": {"lighting-enabled": ["ref", "Land.PolygonLighting.Enabled"], "ambient": ["ref", "Polygon.Ambient.Factor"], "color": ["ref", "Southpole.Color"], "diffuse": ["ref", "Polygon.Diffuse.Factor"]}}]}