{"definitions": {"Transit.Line.Color.Darken": 0, "Transit.Label.Outline.Color.Darken": ["ref", "Transit.Line.Color.Darken"], "Transit.Fallback.Label.Outline.Color.Darken": ["ref", "Transit.Label.Outline.Color.Darken"], "Transit.HighSpeed.Label.Outline.Color.Darken": ["ref", "Transit.Label.Outline.Color.Darken"], "Transit.Intercity.Label.Outline.Color.Darken": ["ref", "Transit.Label.Outline.Color.Darken"], "Transit.Regional.Label.Outline.Color.Darken": ["ref", "Transit.Label.Outline.Color.Darken"], "Transit.Train.Label.Outline.Color.Darken": ["ref", "Transit.Label.Outline.Color.Darken"], "Transit.Suburban.Label.Outline.Color.Darken": ["ref", "Transit.Label.Outline.Color.Darken"], "Transit.Ferry.Label.Outline.Color.Darken": ["ref", "Transit.Label.Outline.Color.Darken"], "Transit.Aerial.Line.MergeCriteria": ["ref", "Is.Transit.Line.MergeCriteria.TypeColor"], "Transit.Suburban.Line.MergeCriteria": ["ref", "Is.Transit.Line.MergeCriteria.Type"], "Transit.Monorail.Line.MergeCriteria": ["ref", "Is.Transit.Line.MergeCriteria.TypeColor"], "Transit.Tram.Line.MergeCriteria": ["ref", "Is.Transit.Line.MergeCriteria.TypeColor"], "Transit.Funicular.Line.MergeCriteria": ["ref", "Is.Transit.Line.MergeCriteria.TypeColor"], "Transit.Subway.Line.MergeCriteria": ["ref", "Is.Transit.Line.MergeCriteria.TypeColor"], "Transit.Regional.Line.MergeCriteria": ["ref", "Is.Transit.Line.MergeCriteria.Type"], "Transit.Intercity.Line.MergeCriteria": ["ref", "Is.Transit.Line.MergeCriteria.Type"], "Transit.HighSpeed.Line.MergeCriteria": ["ref", "Is.Transit.Line.MergeCriteria.Type"], "Transit.Ferry.Line.MergeCriteria": ["ref", "Is.Transit.Line.MergeCriteria.Type"], "Transit.Train.Line.MergeCriteria": ["ref", "Is.Transit.Line.MergeCriteria.Type"], "Transit.Fallback.Line.MergeCriteria": ["ref", "Is.Transit.Line.MergeCriteria.Type"], "Transit.Label.Tracking": 0, "Transit.Label.Variant": ["ref", "Label.Variant.Regular"], "Transit.Label.Style": ["ref", "Label.Style.Bold"]}}