{"styles": [{"id": "public_transit_lines", "layer": "tilezen_transit_lines", "when": ["ref", "Is.PublicTransit.Layer"], "technique": "line", "description": "Public Transit Lines", "attr": {"category": ["case", ["ref", "Is.Transit.Aerial"], "transit-aerial", ["ref", "Is.Transit.Suburban"], "transit-suburban", ["ref", "Is.Transit.Monorail"], "transit-monorail", ["any", ["ref", "Is.Transit.Tram.Touristic"], ["ref", "Is.Transit.Tram"], ["ref", "Is.Transit.AirportTerminal"]], "transit-tram", ["ref", "Is.Transit.Funicular"], "transit-funicular", ["ref", "Is.Transit.Subway"], "transit-subway", ["ref", "Is.Transit.Regional"], "transit-regional", ["ref", "Is.Transit.Intercity"], "transit-intercity", ["ref", "Is.Transit.HighSpeed"], "transit-high-speed", ["ref", "Is.Transit.Ferry"], "transit-ferry", ["any", ["ref", "Is.Transit.Train"], ["ref", "Is.Transit.Touristic"]], "transit-train", "transit-fallback"], "color": ["case", ["ref", "Is.Transit.HighSpeed"], ["ref", "Transit.HighSpeed.Line.Color"], ["ref", "Is.Transit.Intercity"], ["ref", "Transit.Intercity.Line.Color"], ["ref", "Is.Transit.Regional"], ["ref", "Transit.Regional.Line.Color"], ["any", ["ref", "Is.Transit.Train"], ["ref", "Is.Transit.Touristic"]], ["ref", "Transit.Train.Line.Color"], ["ref", "Is.Transit.Suburban"], ["ref", "Transit.Suburban.Line.Color"], ["ref", "Is.Transit.Ferry"], ["ref", "Transit.Ferry.Line.Color"], ["any", ["==", ["to-color", ["ref", "Transit.Line.Color"]], "#ffffff"], ["==", ["to-color", ["ref", "Transit.Line.Color"]], "#000000"]], ["ref", "Transit.Fallback.Line.Color"], ["ref", "Is.Transit.HasLineColor"], ["darken", ["to-color", ["ref", "Transit.Line.Color"]], ["ref", "Transit.Line.Color.Darken"]], ["ref", "Transit.Fallback.Line.Color"]], "width": ["case", ["ref", "Is.Transit.Aerial"], ["case", ["ref", "Transit.Aerial.Line.MergeCriteria"], ["world-scale", ["ref", "Transit.Aerial.Line.Width"]], 0], ["ref", "Is.Transit.Suburban"], ["case", ["ref", "Transit.Suburban.Line.MergeCriteria"], ["world-scale", ["ref", "Transit.Suburban.Line.Width"]], 0], ["ref", "Is.Transit.Monorail"], ["case", ["ref", "Transit.Monorail.Line.MergeCriteria"], ["world-scale", ["ref", "Transit.Monorail.Line.Width"]], 0], ["any", ["ref", "Is.Transit.Tram.Touristic"], ["ref", "Is.Transit.Tram"], ["ref", "Is.Transit.AirportTerminal"]], ["case", ["ref", "Transit.Tram.Line.MergeCriteria"], ["world-scale", ["ref", "Transit.Tram.Line.Width"]], 0], ["ref", "Is.Transit.Funicular"], ["case", ["ref", "Transit.Funicular.Line.MergeCriteria"], ["world-scale", ["ref", "Transit.Funicular.Line.Width"]], 0], ["ref", "Is.Transit.Subway"], ["case", ["ref", "Transit.Subway.Line.MergeCriteria"], ["world-scale", ["ref", "Transit.Subway.Line.Width"]], 0], ["ref", "Is.Transit.Regional"], ["case", ["ref", "Transit.Regional.Line.MergeCriteria"], ["world-scale", ["ref", "Transit.Regional.Line.Width"]], 0], ["ref", "Is.Transit.Intercity"], ["case", ["ref", "Transit.Intercity.Line.MergeCriteria"], ["world-scale", ["ref", "Transit.Intercity.Line.Width"]], 0], ["ref", "Is.Transit.HighSpeed"], ["case", ["ref", "Transit.HighSpeed.Line.MergeCriteria"], ["world-scale", ["ref", "Transit.HighSpeed.Line.Width"]], 0], ["ref", "Is.Transit.Ferry"], ["case", ["ref", "Transit.Ferry.Line.MergeCriteria"], ["world-scale", ["ref", "Transit.Ferry.Line.Width"]], 0], ["any", ["ref", "Is.Transit.Train"], ["ref", "Is.Transit.Touristic"]], ["case", ["ref", "Transit.Train.Line.MergeCriteria"], ["world-scale", ["ref", "Transit.Train.Line.Width"]], 0], ["case", ["ref", "Transit.Fallback.Line.MergeCriteria"], ["world-scale", ["ref", "Transit.Fallback.Line.Width"]], 0]], "offset": ["case", ["ref", "Is.Transit.Aerial"], ["world-scale", ["*", ["ref", "Transit.Aerial.Line.Offset"], ["ref", "Transit.Line.Offset"]]], ["ref", "Is.Transit.Suburban"], ["world-scale", ["*", ["ref", "Transit.Suburban.Line.Offset"], ["ref", "Transit.Line.Offset"]]], ["ref", "Is.Transit.Monorail"], ["world-scale", ["*", ["ref", "Transit.Monorail.Line.Offset"], ["ref", "Transit.Line.Offset"]]], ["any", ["ref", "Is.Transit.Tram.Touristic"], ["ref", "Is.Transit.Tram"], ["ref", "Is.Transit.AirportTerminal"]], ["world-scale", ["*", ["ref", "Transit.Tram.Line.Offset"], ["ref", "Transit.Line.Offset"]]], ["ref", "Is.Transit.Funicular"], ["world-scale", ["*", ["ref", "Transit.Funicular.Line.Offset"], ["ref", "Transit.Line.Offset"]]], ["ref", "Is.Transit.Subway"], ["world-scale", ["*", ["ref", "Transit.Subway.Line.Offset"], ["ref", "Transit.Line.Offset"]]], ["ref", "Is.Transit.Regional"], ["world-scale", ["*", ["ref", "Transit.Regional.Line.Offset"], ["ref", "Transit.Line.Offset"]]], ["ref", "Is.Transit.Intercity"], ["world-scale", ["*", ["ref", "Transit.Intercity.Line.Offset"], ["ref", "Transit.Line.Offset"]]], ["ref", "Is.Transit.HighSpeed"], ["world-scale", ["*", ["ref", "Transit.HighSpeed.Line.Offset"], ["ref", "Transit.Line.Offset"]]], ["ref", "Is.Transit.Ferry"], ["world-scale", ["*", ["ref", "Transit.Ferry.Line.Offset"], ["ref", "Transit.Line.Offset"]]], ["any", ["ref", "Is.Transit.Train"], ["ref", "Is.Transit.Touristic"]], ["world-scale", ["*", ["ref", "Transit.Train.Line.Offset"], ["ref", "Transit.Line.Offset"]]], ["world-scale", ["*", ["ref", "Transit.Fallback.Line.Offset"], ["ref", "Transit.Line.Offset"]]]], "softdepth": ["ref", "SoftDepth.Threshold"]}}, {"id": "public_transit_outlines", "layer": "tilezen_transit_lines", "when": ["ref", "Is.PublicTransit.Layer"], "technique": "line", "description": "Public Transit Outlines", "attr": {"category": ["case", ["ref", "Is.Transit.Aerial"], "transit-aerial-outline", ["ref", "Is.Transit.Suburban"], "transit-suburban-outline", ["ref", "Is.Transit.Monorail"], "transit-monorail-outline", ["any", ["ref", "Is.Transit.Tram.Touristic"], ["ref", "Is.Transit.Tram"], ["ref", "Is.Transit.AirportTerminal"]], "transit-tram-outline", ["ref", "Is.Transit.Funicular"], "transit-funicular-outline", ["ref", "Is.Transit.Subway"], "transit-subway-outline", ["ref", "Is.Transit.Regional"], "transit-regional-outline", ["ref", "Is.Transit.Intercity"], "transit-intercity-outline", ["ref", "Is.Transit.HighSpeed"], "transit-high-speed-outline", ["ref", "Is.Transit.Ferry"], "transit-ferry-outline", ["any", ["ref", "Is.Transit.Train"], ["ref", "Is.Transit.Touristic"]], "transit-train-outline", "transit-fallback-outline"], "color": ["ref", "Transit.Outline.Color"], "width": ["case", ["ref", "Is.Transit.Aerial"], ["case", ["<=", ["ref", "Transit.Aerial.Outline.Width"], 0], 0, ["case", ["ref", "Transit.Aerial.Line.MergeCriteria"], ["world-scale", ["+", ["*", 2, ["ref", "Transit.Aerial.Outline.Width"]], ["ref", "Transit.Aerial.Line.Width"]]], 0]], ["ref", "Is.Transit.Suburban"], ["case", ["<=", ["ref", "Transit.Suburban.Outline.Width"], 0], 0, ["case", ["ref", "Transit.Suburban.Line.MergeCriteria"], ["world-scale", ["+", ["*", 2, ["ref", "Transit.Suburban.Outline.Width"]], ["ref", "Transit.Suburban.Line.Width"]]], 0]], ["ref", "Is.Transit.Monorail"], ["case", ["<=", ["ref", "Transit.Monorail.Outline.Width"], 0], 0, ["case", ["ref", "Transit.Monorail.Line.MergeCriteria"], ["world-scale", ["+", ["*", 2, ["ref", "Transit.Monorail.Outline.Width"]], ["ref", "Transit.Monorail.Line.Width"]]], 0]], ["any", ["ref", "Is.Transit.Tram.Touristic"], ["ref", "Is.Transit.Tram"], ["ref", "Is.Transit.AirportTerminal"]], ["case", ["<=", ["ref", "Transit.Tram.Outline.Width"], 0], 0, ["case", ["ref", "Transit.Tram.Line.MergeCriteria"], ["world-scale", ["+", ["*", 2, ["ref", "Transit.Tram.Outline.Width"]], ["ref", "Transit.Tram.Line.Width"]]], 0]], ["ref", "Is.Transit.Funicular"], ["case", ["<=", ["ref", "Transit.Funicular.Outline.Width"], 0], 0, ["case", ["ref", "Transit.Funicular.Line.MergeCriteria"], ["world-scale", ["+", ["*", 2, ["ref", "Transit.Funicular.Outline.Width"]], ["ref", "Transit.Funicular.Line.Width"]]], 0]], ["ref", "Is.Transit.Subway"], ["case", ["<=", ["ref", "Transit.Subway.Outline.Width"], 0], 0, ["case", ["ref", "Transit.Subway.Line.MergeCriteria"], ["world-scale", ["+", ["*", 2, ["ref", "Transit.Subway.Outline.Width"]], ["ref", "Transit.Subway.Line.Width"]]], 0]], ["ref", "Is.Transit.Regional"], ["case", ["<=", ["ref", "Transit.Regional.Outline.Width"], 0], 0, ["case", ["ref", "Transit.Regional.Line.MergeCriteria"], ["world-scale", ["+", ["*", 2, ["ref", "Transit.Regional.Outline.Width"]], ["ref", "Transit.Regional.Line.Width"]]], 0]], ["ref", "Is.Transit.Intercity"], ["case", ["<=", ["ref", "Transit.Intercity.Outline.Width"], 0], 0, ["case", ["ref", "Transit.Intercity.Line.MergeCriteria"], ["world-scale", ["+", ["*", 2, ["ref", "Transit.Intercity.Outline.Width"]], ["ref", "Transit.Intercity.Line.Width"]]], 0]], ["ref", "Is.Transit.HighSpeed"], ["case", ["<=", ["ref", "Transit.HighSpeed.Outline.Width"], 0], 0, ["case", ["ref", "Transit.HighSpeed.Line.MergeCriteria"], ["world-scale", ["+", ["*", 2, ["ref", "Transit.HighSpeed.Outline.Width"]], ["ref", "Transit.HighSpeed.Line.Width"]]], 0]], ["ref", "Is.Transit.Ferry"], ["case", ["<=", ["ref", "Transit.Ferry.Outline.Width"], 0], 0, ["case", ["ref", "Transit.Ferry.Line.MergeCriteria"], ["world-scale", ["+", ["*", 2, ["ref", "Transit.Ferry.Outline.Width"]], ["ref", "Transit.Ferry.Line.Width"]]], 0]], ["any", ["ref", "Is.Transit.Train"], ["ref", "Is.Transit.Touristic"]], ["case", ["<=", ["ref", "Transit.Train.Outline.Width"], 0], 0, ["case", ["ref", "Transit.Train.Line.MergeCriteria"], ["world-scale", ["+", ["*", 2, ["ref", "Transit.Train.Outline.Width"]], ["ref", "Transit.Train.Line.Width"]]], 0]], ["case", ["<=", ["ref", "Transit.Fallback.Outline.Width"], 0], 0, ["case", ["ref", "Transit.Fallback.Line.MergeCriteria"], ["world-scale", ["+", ["*", 2, ["ref", "Transit.Fallback.Outline.Width"]], ["ref", "Transit.Fallback.Line.Width"]]], 0]]], "offset": ["case", ["ref", "Is.Transit.Aerial"], ["world-scale", ["*", ["ref", "Transit.Aerial.Line.Offset"], ["ref", "Transit.Line.Offset"]]], ["ref", "Is.Transit.Suburban"], ["world-scale", ["*", ["ref", "Transit.Suburban.Line.Offset"], ["ref", "Transit.Line.Offset"]]], ["ref", "Is.Transit.Monorail"], ["world-scale", ["*", ["ref", "Transit.Monorail.Line.Offset"], ["ref", "Transit.Line.Offset"]]], ["any", ["ref", "Is.Transit.Tram.Touristic"], ["ref", "Is.Transit.Tram"], ["ref", "Is.Transit.AirportTerminal"]], ["world-scale", ["*", ["ref", "Transit.Tram.Line.Offset"], ["ref", "Transit.Line.Offset"]]], ["ref", "Is.Transit.Funicular"], ["world-scale", ["*", ["ref", "Transit.Funicular.Line.Offset"], ["ref", "Transit.Line.Offset"]]], ["ref", "Is.Transit.Subway"], ["world-scale", ["*", ["ref", "Transit.Subway.Line.Offset"], ["ref", "Transit.Line.Offset"]]], ["ref", "Is.Transit.Regional"], ["world-scale", ["*", ["ref", "Transit.Regional.Line.Offset"], ["ref", "Transit.Line.Offset"]]], ["ref", "Is.Transit.Intercity"], ["world-scale", ["*", ["ref", "Transit.Intercity.Line.Offset"], ["ref", "Transit.Line.Offset"]]], ["ref", "Is.Transit.HighSpeed"], ["world-scale", ["*", ["ref", "Transit.HighSpeed.Line.Offset"], ["ref", "Transit.Line.Offset"]]], ["ref", "Is.Transit.Ferry"], ["world-scale", ["*", ["ref", "Transit.Ferry.Line.Offset"], ["ref", "Transit.Line.Offset"]]], ["any", ["ref", "Is.Transit.Train"], ["ref", "Is.Transit.Touristic"]], ["world-scale", ["*", ["ref", "Transit.Train.Line.Offset"], ["ref", "Transit.Line.Offset"]]], ["world-scale", ["*", ["ref", "Transit.Fallback.Line.Offset"], ["ref", "Transit.Line.Offset"]]]], "softdepth": ["ref", "SoftDepth.Threshold"]}}, {"id": "public_transit_labels", "layer": "tilezen_transit_lines", "when": ["ref", "Is.PublicTransit.Layer"], "technique": "text", "description": "Public Transit Line Labels", "attr": {"category": ["case", ["ref", "Is.Transit.Aerial"], "transit-aerial-labels", ["ref", "Is.Transit.Suburban"], "transit-suburban-labels", ["ref", "Is.Transit.Monorail"], "transit-monorail-labels", ["any", ["ref", "Is.Transit.Tram.Touristic"], ["ref", "Is.Transit.Tram"], ["ref", "Is.Transit.AirportTerminal"]], "transit-tram-labels", ["ref", "Is.Transit.Funicular"], "transit-funicular-labels", ["ref", "Is.Transit.Subway"], "transit-subway-labels", ["ref", "Is.Transit.Regional"], "transit-regional-labels", ["ref", "Is.Transit.Intercity"], "transit-intercity-labels", ["ref", "Is.Transit.HighSpeed"], "transit-high-speed-labels", ["ref", "Is.Transit.Ferry"], "transit-ferry-labels", ["any", ["ref", "Is.Transit.Train"], ["ref", "Is.Transit.Touristic"]], "transit-train-labels", "transit-fallback-labels"], "margin": ["ref", "Default.Margin"], "persisting-margin-reducing": ["ref", "Default.PersistingMargin.Reducing"], "bold-amount": ["ref", "Transit.Label.Style"], "font": ["ref", "Default.Font"], "shape": "line", "vertical-alignment": "Center", "replaceable": true, "new-label-spread-frames": 10, "fade-time": 0.3, "far-threshold": 0.85, "far-threshold-range": 0.015, "polyline-padding-px": 2, "dual-language-leading-space": ["ppi-scale", ["ref", "Label.DualLanguage.Leading"], ["ref", "ScalePPI.Labels"]], "softdepth": ["ref", "SoftDepth.Threshold"], "anchor-point-density": 40, "color": ["ref", "Transit.Label.Color"], "outline-color": ["case", ["ref", "Is.Transit.HighSpeed"], ["darken", ["ref", "Transit.HighSpeed.Label.Outline.Color"], ["ref", "Transit.HighSpeed.Label.Outline.Color.Darken"]], ["ref", "Is.Transit.Intercity"], ["darken", ["ref", "Transit.Intercity.Label.Outline.Color"], ["ref", "Transit.Intercity.Label.Outline.Color.Darken"]], ["ref", "Is.Transit.Regional"], ["darken", ["ref", "Transit.Regional.Label.Outline.Color"], ["ref", "Transit.Regional.Label.Outline.Color.Darken"]], ["any", ["ref", "Is.Transit.Train"], ["ref", "Is.Transit.Touristic"]], ["darken", ["ref", "Transit.Train.Label.Outline.Color"], ["ref", "Transit.Train.Label.Outline.Color.Darken"]], ["ref", "Is.Transit.Suburban"], ["darken", ["ref", "Transit.Suburban.Label.Outline.Color"], ["ref", "Transit.Suburban.Label.Outline.Color.Darken"]], ["ref", "Is.Transit.Ferry"], ["darken", ["ref", "Transit.Ferry.Label.Outline.Color"], ["ref", "Transit.Ferry.Label.Outline.Color.Darken"]], ["any", ["==", ["to-color", ["ref", "Transit.Line.Color"]], "#ffffff"], ["==", ["to-color", ["ref", "Transit.Line.Color"]], "#000000"]], ["darken", ["ref", "Transit.Fallback.Label.Outline.Color"], ["ref", "Transit.Fallback.Label.Outline.Color.Darken"]], ["ref", "Is.Transit.HasLineColor"], ["darken", ["to-color", ["ref", "Transit.Line.Color"]], ["ref", "Transit.Label.Outline.Color.Darken"]], ["darken", ["ref", "Transit.Fallback.Label.Outline.Color"], ["ref", "Transit.Fallback.Label.Outline.Color.Darken"]]], "size": ["case", ["ref", "Is.Transit.Aerial"], ["case", ["ref", "Transit.Aerial.Line.MergeCriteria"], ["ppi-scale", ["ref", "Transit.Aerial.Label.Size"], ["ref", "ScalePPI.Labels"]], 0], ["ref", "Is.Transit.Suburban"], ["case", ["ref", "Transit.Suburban.Line.MergeCriteria"], ["ppi-scale", ["ref", "Transit.Suburban.Label.Size"], ["ref", "ScalePPI.Labels"]], 0], ["ref", "Is.Transit.Monorail"], ["case", ["ref", "Transit.Monorail.Line.MergeCriteria"], ["ppi-scale", ["ref", "Transit.Monorail.Label.Size"], ["ref", "ScalePPI.Labels"]], 0], ["any", ["ref", "Is.Transit.Tram.Touristic"], ["ref", "Is.Transit.Tram"], ["ref", "Is.Transit.AirportTerminal"]], ["case", ["ref", "Transit.Tram.Line.MergeCriteria"], ["ppi-scale", ["ref", "Transit.Tram.Label.Size"], ["ref", "ScalePPI.Labels"]], 0], ["ref", "Is.Transit.Funicular"], ["case", ["ref", "Transit.Funicular.Line.MergeCriteria"], ["ppi-scale", ["ref", "Transit.Funicular.Label.Size"], ["ref", "ScalePPI.Labels"]], 0], ["ref", "Is.Transit.Subway"], ["case", ["ref", "Transit.Subway.Line.MergeCriteria"], ["ppi-scale", ["ref", "Transit.Subway.Label.Size"], ["ref", "ScalePPI.Labels"]], 0], ["ref", "Is.Transit.Regional"], ["case", ["ref", "Transit.Regional.Line.MergeCriteria"], ["ppi-scale", ["ref", "Transit.Regional.Label.Size"], ["ref", "ScalePPI.Labels"]], 0], ["ref", "Is.Transit.Intercity"], ["case", ["ref", "Transit.Intercity.Line.MergeCriteria"], ["ppi-scale", ["ref", "Transit.Intercity.Label.Size"], ["ref", "ScalePPI.Labels"]], 0], ["ref", "Is.Transit.HighSpeed"], ["case", ["ref", "Transit.HighSpeed.Line.MergeCriteria"], ["ppi-scale", ["ref", "Transit.HighSpeed.Label.Size"], ["ref", "ScalePPI.Labels"]], 0], ["ref", "Is.Transit.Ferry"], ["case", ["ref", "Transit.Ferry.Line.MergeCriteria"], ["ppi-scale", ["ref", "Transit.Ferry.Label.Size"], ["ref", "ScalePPI.Labels"]], 0], ["any", ["ref", "Is.Transit.Train"], ["ref", "Is.Transit.Touristic"]], ["case", ["ref", "Transit.Train.Line.MergeCriteria"], ["ppi-scale", ["ref", "Transit.Train.Label.Size"], ["ref", "ScalePPI.Labels"]], 0], ["case", ["ref", "Transit.Fallback.Line.MergeCriteria"], ["ppi-scale", ["ref", "Transit.Fallback.Label.Size"], ["ref", "ScalePPI.Labels"]], 0]], "outline-width": ["case", ["ref", "Is.Transit.Aerial"], ["ppi-scale", ["ref", "Transit.Aerial.Label.Outline.Width"], ["ref", "ScalePPI.Labels"]], ["ref", "Is.Transit.Suburban"], ["ppi-scale", ["ref", "Transit.Suburban.Label.Outline.Width"], ["ref", "ScalePPI.Labels"]], ["ref", "Is.Transit.Monorail"], ["ppi-scale", ["ref", "Transit.Monorail.Label.Outline.Width"], ["ref", "ScalePPI.Labels"]], ["any", ["ref", "Is.Transit.Tram.Touristic"], ["ref", "Is.Transit.Tram"], ["ref", "Is.Transit.AirportTerminal"]], ["ppi-scale", ["ref", "Transit.Tram.Label.Outline.Width"], ["ref", "ScalePPI.Labels"]], ["ref", "Is.Transit.Funicular"], ["ppi-scale", ["ref", "Transit.Funicular.Label.Outline.Width"], ["ref", "ScalePPI.Labels"]], ["ref", "Is.Transit.Subway"], ["ppi-scale", ["ref", "Transit.Subway.Label.Outline.Width"], ["ref", "ScalePPI.Labels"]], ["ref", "Is.Transit.Regional"], ["ppi-scale", ["ref", "Transit.Regional.Label.Outline.Width"], ["ref", "ScalePPI.Labels"]], ["ref", "Is.Transit.Intercity"], ["ppi-scale", ["ref", "Transit.Intercity.Label.Outline.Width"], ["ref", "ScalePPI.Labels"]], ["ref", "Is.Transit.HighSpeed"], ["ppi-scale", ["ref", "Transit.HighSpeed.Label.Outline.Width"], ["ref", "ScalePPI.Labels"]], ["ref", "Is.Transit.Ferry"], ["ppi-scale", ["ref", "Transit.Ferry.Label.Outline.Width"], ["ref", "ScalePPI.Labels"]], ["any", ["ref", "Is.Transit.Train"], ["ref", "Is.Transit.Touristic"]], ["ppi-scale", ["ref", "Transit.Train.Label.Outline.Width"], ["ref", "ScalePPI.Labels"]], ["ppi-scale", ["ref", "Transit.Fallback.Label.Outline.Width"], ["ref", "ScalePPI.Labels"]]], "world-line-offset": ["case", ["ref", "Is.Transit.Aerial"], ["world-scale", ["*", ["ref", "Transit.Aerial.Line.Offset"], ["ref", "Transit.Line.Offset"]]], ["ref", "Is.Transit.Suburban"], ["world-scale", ["*", ["ref", "Transit.Suburban.Line.Offset"], ["ref", "Transit.Line.Offset"]]], ["ref", "Is.Transit.Monorail"], ["world-scale", ["*", ["ref", "Transit.Monorail.Line.Offset"], ["ref", "Transit.Line.Offset"]]], ["any", ["ref", "Is.Transit.Tram.Touristic"], ["ref", "Is.Transit.Tram"], ["ref", "Is.Transit.AirportTerminal"]], ["world-scale", ["*", ["ref", "Transit.Tram.Line.Offset"], ["ref", "Transit.Line.Offset"]]], ["ref", "Is.Transit.Funicular"], ["world-scale", ["*", ["ref", "Transit.Funicular.Line.Offset"], ["ref", "Transit.Line.Offset"]]], ["ref", "Is.Transit.Subway"], ["world-scale", ["*", ["ref", "Transit.Subway.Line.Offset"], ["ref", "Transit.Line.Offset"]]], ["ref", "Is.Transit.Regional"], ["world-scale", ["*", ["ref", "Transit.Regional.Line.Offset"], ["ref", "Transit.Line.Offset"]]], ["ref", "Is.Transit.Intercity"], ["world-scale", ["*", ["ref", "Transit.Intercity.Line.Offset"], ["ref", "Transit.Line.Offset"]]], ["ref", "Is.Transit.HighSpeed"], ["world-scale", ["*", ["ref", "Transit.HighSpeed.Line.Offset"], ["ref", "Transit.Line.Offset"]]], ["ref", "Is.Transit.Ferry"], ["world-scale", ["*", ["ref", "Transit.Ferry.Line.Offset"], ["ref", "Transit.Line.Offset"]]], ["any", ["ref", "Is.Transit.Train"], ["ref", "Is.Transit.Touristic"]], ["world-scale", ["*", ["ref", "Transit.Train.Line.Offset"], ["ref", "Transit.Line.Offset"]]], ["world-scale", ["*", ["ref", "Transit.Fallback.Line.Offset"], ["ref", "Transit.Line.Offset"]]]], "tracking-space": ["ppi-scale", ["ref", "Transit.Label.Tracking"], ["ref", "ScalePPI.Labels"]]}}]}