{"definitions": {"Rail.SecondLine.Color": "#ffffff", "Rail.Outline.Width": 1.85, "Rail.Outline.Color": "#87878c", "Rail.Line.Gap.Length": 7.45, "Rail.Line.Dash.Length": 6.2, "Rail.Label.Color": "#646464", "Rail.Label.Outline.Color": "#ffffff78", "Rail.Label.Outline.Width": ["interpolate", ["linear"], ["zoom"], 0, 1.25, 12, 1.25, 13, 1.375, 15, 1.375, 16, 1.5, 20, 1.5], "Rail.Label.Size": 0, "Rail.Label.Variant": ["ref", "Label.Variant.Regular"], "Chairlift.Arrow.Gap.Length": ["step", ["zoom"], 9, 14, 19, 15, 22, 16, 25, 17, 28, 18, 34, 19, 78, 20, 62, 21, 100, 22, 150, 23, 200, 24, 250], "Chairlift.Arrow.Width": ["interpolate", ["linear"], ["zoom"], 15.5, 0, 16, 16, 24, 40], "Chairlift.Outline.Width": 0, "Chairlift.Outline.Color": "#434e5600", "Rail.Label.Display.Enabled": true, "Chairlift.Label.Variant": ["ref", "Label.Variant.Regular"]}}