{"definitions": {"Is.RoadShield.Class0": ["ref", "Is.Street.Category0"], "Is.RoadShield.Class1": ["ref", "Is.Street.Category1"], "Is.RoadShield.Class2": ["ref", "Is.Street.Category2"], "Is.RoadShield.Class3": ["ref", "Is.Street.Category3"], "Is.RoadShield.Class4": ["ref", "Is.Street.Category4"], "RoadShield.Icon.Brightness": 1, "RoadShield.Label.Brightness": 1, "RoadShield.Icon.Shadow.Enabled": false, "RoadShield.Margin": ["step", ["zoom"], 30, 8, 50, 9, 70, 11, 70, 12, 80, 13, 100, 14, 120], "RoadShield.Margin.RTS": ["step", ["zoom"], 30, 8, 40, 9, 50, 10, 60, 11, 70, 12, 80], "RoadShield.Label.Style": ["ref", "Label.Style.Bold"], "RoadShield.Label.Size": 8, "RoadShield.Label.SizeFactor": ["interpolate", ["linear"], ["zoom"], 12, 1, 20, 1.5], "RoadShield.MinZoomLevel": ["case", ["ref", "Is.RoadShield.Class0"], 7, ["ref", "Is.RoadShield.Class1"], 7, ["ref", "Is.RoadShield.Class2"], 10, ["ref", "Is.RoadShield.Class3"], 12, ["ref", "Is.RoadShield.Class4"], 13.5, null], "RoadShield.Display.Enabled": true, "RoadShield.AnchorPointDensity": ["step", ["zoom"], 15, 9, 15, 10, 10, 11, 5, 13, 5, 14, 3], "RoadShield.AnchorPointDensity.RTS": ["step", ["zoom"], 15, 10, 10, 11, 5]}}