{"definitions": {"Street.Category0.Label.Display.Enabled": true, "Street.Category1.Label.Display.Enabled": true, "Street.Category2.Label.Display.Enabled": true, "Street.Category3.Label.Display.Enabled": true, "Street.Category4.Label.Display.Enabled": true, "Street.Pedestrian.Label.Display.Enabled": true, "Street.Walkway.Label.Display.Enabled": true, "Ferry.Label.Display.Enabled": true, "Ski.Downhill.Label.Display.Enabled": true, "Street.Tunnel.Gap.Length": ["interpolate", ["linear"], ["zoom"], 8, 1.25, 11, 2.45, 20, 4.95], "Street.Tunnel.Dash.Length": ["interpolate", ["linear"], ["zoom"], 8, 1.25, 11, 2.45, 20, 4.95], "Ferry.Line.Gap.Length": 7.45, "Ferry.Line.Dash.Length": 7.45, "Ferry.SecondLine.Color": "#00000000", "Ferry.Label.Tracking": 1, "Internal.Street.Category4.LineWidthZoom": ["world-scale", ["ref", "Street.Category4.Width"]], "Internal.Street.Category3.LineWidthZoom": ["world-scale", ["ref", "Street.Category3.Width"]], "Internal.Street.Category2.LineWidthZoom": ["world-scale", ["ref", "Street.Category2.Width"]], "Internal.Street.Category1.LineWidthZoom": ["world-scale", ["ref", "Street.Category1.Width"]], "Internal.Street.Category0.LineWidthZoom": ["world-scale", ["ref", "Street.Category0.Width"]], "Internal.Street.Category0.CenterlineWidthZoom": ["world-scale", ["ref", "Street.Category0.Centerline.Width"]], "Internal.Street.Walkway.LineWidthZoom": ["world-scale", ["ref", "Street.Walkway.Width"]], "Internal.Street.Pedestrian.LineWidthZoom": ["world-scale", ["ref", "Street.Pedestrian.Width"]], "Street.Category0.SimpleLine.MinZoomLevel": null, "Street.Category1.SimpleLine.MinZoomLevel": null, "Street.Category2.SimpleLine.MinZoomLevel": null, "Street.Category3.SimpleLine.MinZoomLevel": 11, "Street.Category4.SimpleLine.MinZoomLevel": 13.5, "Street.Pedestrian.SimpleLine.MinZoomLevel": 15.5, "Street.Walkway.SimpleLine.MinZoomLevel": 15.5, "Street.SimpleLine.MinZoomLevel": ["case", ["ref", "Is.Street.Category3"], ["ref", "Street.Category3.SimpleLine.MinZoomLevel"], ["ref", "Is.Street.Category4"], ["ref", "Street.Category4.SimpleLine.MinZoomLevel"], ["ref", "Is.Street.Pedestrian"], ["ref", "Street.Pedestrian.SimpleLine.MinZoomLevel"], ["ref", "Is.Street.Walkway"], ["ref", "Street.Walkway.SimpleLine.MinZoomLevel"], null], "Street.SimpleLine.MaxZoomLevel": ["case", ["ref", "Is.Street.Category3"], ["ref", "Street.Category3.SimpleLine.MaxZoomLevel"], ["ref", "Is.Street.Category4"], ["ref", "Street.Category4.SimpleLine.MaxZoomLevel"], ["ref", "Is.Street.Pedestrian"], ["ref", "Street.Pedestrian.SimpleLine.MaxZoomLevel"], ["ref", "Is.Street.Walkway"], ["ref", "Street.Walkway.SimpleLine.MaxZoomLevel"], null], "Street.SimpleLine.ZoomLevelSpan.RTS": 0.0, "Street.SimpleLine.ZoomLevelSpan": 0.0, "Street.Category4.SimpleLine.ZoomLevelSpan": 0.0, "Street.Category3.SimpleLine.MaxZoomLevel": ["number", ["+", ["ref", "Street.SimpleLine.MinZoomLevel"], ["ref", "Street.SimpleLine.ZoomLevelSpan"]], 0], "Street.Category4.SimpleLine.MaxZoomLevel": ["number", ["+", ["ref", "Street.SimpleLine.MinZoomLevel"], ["ref", "Street.Category4.SimpleLine.ZoomLevelSpan"]], 0], "Street.Pedestrian.SimpleLine.MaxZoomLevel": ["number", ["+", ["ref", "Street.SimpleLine.MinZoomLevel"], ["ref", "Street.SimpleLine.ZoomLevelSpan"]], 0], "Street.Walkway.SimpleLine.MaxZoomLevel": ["number", ["+", ["ref", "Street.SimpleLine.MinZoomLevel"], ["ref", "Street.SimpleLine.ZoomLevelSpan"]], 0], "Street.MinZoomLevel": ["ref", "Street.SimpleLine.MaxZoomLevel"], "Street.Category0.MinZoomLevel": ["number", ["+", ["ref", "Street.Category0.SimpleLine.MinZoomLevel"], ["ref", "Street.SimpleLine.ZoomLevelSpan"]], 0], "Street.Category1.MinZoomLevel": ["number", ["+", ["ref", "Street.Category1.SimpleLine.MinZoomLevel"], ["ref", "Street.SimpleLine.ZoomLevelSpan"]], 0], "Street.Category2.MinZoomLevel": ["number", ["+", ["ref", "Street.Category2.SimpleLine.MinZoomLevel"], ["ref", "Street.SimpleLine.ZoomLevelSpan"]], 0], "Street.Category3.MinZoomLevel": ["number", ["+", ["ref", "Street.Category3.SimpleLine.MinZoomLevel"], ["ref", "Street.SimpleLine.ZoomLevelSpan"]], 0], "Street.Category4.MinZoomLevel": ["number", ["+", ["ref", "Street.Category4.SimpleLine.MinZoomLevel"], ["ref", "Street.Category4.SimpleLine.ZoomLevelSpan"]], 0], "Street.Pedestrian.MinZoomLevel": ["number", ["+", ["ref", "Street.Pedestrian.SimpleLine.MinZoomLevel"], ["ref", "Street.SimpleLine.ZoomLevelSpan"]], 0], "Street.Walkway.MinZoomLevel": ["number", ["+", ["ref", "Street.Walkway.SimpleLine.MinZoomLevel"], ["ref", "Street.SimpleLine.ZoomLevelSpan"]], 0], "Internal.Street.Pedestrian.Color": ["case", ["ref", "Is.Unpaved"], ["ref", "Street.Pedestrian.Unpaved.Color"], ["ref", "Is.Tunnel"], ["ref", "Street.Pedestrian.Tunnel.Color"], ["ref", "Street.Pedestrian.Color"]], "Internal.Street.Walkway.Color": ["case", ["ref", "Is.Unpaved"], ["ref", "Street.Walkway.Unpaved.Color"], ["ref", "Is.Tunnel"], ["ref", "Street.Walkway.Tunnel.Color"], ["ref", "Street.Walkway.Color"]], "Internal.Street.Category4.Color": ["case", ["ref", "Is.Unpaved"], ["ref", "Street.Category4.Unpaved.Color"], ["all", ["ref", "Is.Toll.Enabled"], ["!", ["ref", "Is.Tunnel"]]], ["ref", "Street.Category4.Toll.Color"], ["all", ["ref", "Is.Tunnel"], ["ref", "Is.Toll.Enabled"]], ["ref", "Street.Category4.TollTunnel.Color"], ["all", ["ref", "Is.Tunnel"], ["!", ["ref", "Is.Toll.Enabled"]]], ["ref", "Street.Category4.Tunnel.Color"], ["ref", "Is.ParkingLot"], ["ref", "Street.Category4.ParkingLot.Color"], ["ref", "Is.RestrictedAccess"], ["ref", "Street.Category4.RestrictedAccess.Color"], ["ref", "Street.Category4.Color"]], "Internal.Street.Category3.Color": ["case", ["ref", "Is.Unpaved"], ["ref", "Street.Category3.Unpaved.Color"], ["all", ["ref", "Is.Toll.Enabled"], ["!", ["ref", "Is.Tunnel"]]], ["ref", "Street.Category3.Toll.Color"], ["all", ["ref", "Is.Tunnel"], ["ref", "Is.Toll.Enabled"]], ["ref", "Street.Category3.TollTunnel.Color"], ["all", ["ref", "Is.Tunnel"], ["!", ["ref", "Is.Toll.Enabled"]]], ["ref", "Street.Category3.Tunnel.Color"], ["ref", "Street.Category3.Color"]], "Internal.Street.Category2.Color": ["case", ["ref", "Is.Unpaved"], ["ref", "Street.Category2.Unpaved.Color"], ["all", ["ref", "Is.Toll.Enabled"], ["!", ["ref", "Is.Tunnel"]]], ["ref", "Street.Category2.Toll.Color"], ["all", ["ref", "Is.Tunnel"], ["ref", "Is.Toll.Enabled"]], ["ref", "Street.Category2.TollTunnel.Color"], ["all", ["ref", "Is.Tunnel"], ["!", ["ref", "Is.Toll.Enabled"]]], ["ref", "Street.Category2.Tunnel.Color"], ["ref", "Street.Category2.Color"]], "Internal.Street.Category1.Color": ["case", ["ref", "Is.Unpaved"], ["ref", "Street.Category1.Unpaved.Color"], ["all", ["ref", "Is.Toll.Enabled"], ["!", ["ref", "Is.Tunnel"]]], ["ref", "Street.Category1.Toll.Color"], ["all", ["ref", "Is.Tunnel"], ["ref", "Is.Toll.Enabled"]], ["ref", "Street.Category1.TollTunnel.Color"], ["all", ["ref", "Is.Tunnel"], ["!", ["ref", "Is.Toll.Enabled"]]], ["ref", "Street.Category1.Tunnel.Color"], ["ref", "Street.Category1.Color"]], "Internal.Street.Category0.Color": ["case", ["ref", "Is.Unpaved"], ["ref", "Street.Category0.Unpaved.Color"], ["all", ["ref", "Is.Toll.Enabled"], ["!", ["ref", "Is.Tunnel"]]], ["ref", "Street.Category0.Toll.Color"], ["all", ["ref", "Is.Tunnel"], ["ref", "Is.Toll.Enabled"]], ["ref", "Street.Category0.TollTunnel.Color"], ["all", ["ref", "Is.Tunnel"], ["!", ["ref", "Is.Toll.Enabled"]]], ["ref", "Street.Category0.Tunnel.Color"], ["ref", "Street.Category0.Color"]], "Internal.StreetColor": ["case", ["ref", "Is.Street.Pedestrian"], ["ref", "Internal.Street.Pedestrian.Color"], ["ref", "Is.Street.Walkway"], ["ref", "Internal.Street.Walkway.Color"], ["ref", "Is.Street.Category4"], ["ref", "Internal.Street.Category4.Color"], ["ref", "Is.Street.Category3"], ["ref", "Internal.Street.Category3.Color"], ["ref", "Is.Street.Category2"], ["ref", "Internal.Street.Category2.Color"], ["ref", "Is.Street.Category1"], ["ref", "Internal.Street.Category1.Color"], ["ref", "Is.Street.Category0"], ["ref", "Internal.Street.Category0.Color"], null], "Internal.Street.Pedestrian.RenderPass": ["case", ["ref", "Is.Tunnel"], "tunnel-pedestrian", ["any", ["ref", "Is.Not.RoadZLevel"], ["==", ["get", "source"], "ipc"], ["ref", "StorageLevelCheck"]], ["case", ["ref", "Is.Bridge"], "bridge-pedestrian", ["ref", "Is.Unpaved"], "unpaved-pedestrian", "pedestrian"], ["all", ["ref", "Is.Unpaved"], ["<=", ["get", "z_level"], -1]], "unpaved-pedestrian--1", ["all", ["ref", "Is.Unpaved"], ["==", ["get", "z_level"], 0]], "unpaved-pedestrian-0", ["all", ["ref", "Is.Unpaved"], ["==", ["get", "z_level"], 1]], "unpaved-pedestrian-1", ["all", ["ref", "Is.Unpaved"], [">=", ["get", "z_level"], 2]], "unpaved-pedestrian-2", ["<=", ["get", "z_level"], -1], "pedestrian--1", ["==", ["get", "z_level"], 0], "pedestrian-0", ["==", ["get", "z_level"], 1], "pedestrian-1", [">=", ["get", "z_level"], 2], "pedestrian-2", "pedestrian"], "Internal.Street.Walkway.RenderPass": ["case", ["ref", "Is.Tunnel"], "tunnel-walkway", ["any", ["ref", "Is.Not.RoadZLevel"], ["==", ["get", "source"], "ipc"], ["ref", "StorageLevelCheck"]], ["case", ["ref", "Is.Bridge"], "bridge-walkway", ["ref", "Is.Unpaved"], "unpaved-walkway", "walkway"], ["all", ["ref", "Is.Unpaved"], ["<=", ["get", "z_level"], -1]], "unpaved-walkway--1", ["all", ["ref", "Is.Unpaved"], ["==", ["get", "z_level"], 0]], "unpaved-walkway-0", ["all", ["ref", "Is.Unpaved"], ["==", ["get", "z_level"], 1]], "unpaved-walkway-1", ["all", ["ref", "Is.Unpaved"], [">=", ["get", "z_level"], 2]], "unpaved-walkway-2", ["<=", ["get", "z_level"], -1], "walkway--1", ["==", ["get", "z_level"], 0], "walkway-0", ["==", ["get", "z_level"], 1], "walkway-1", [">=", ["get", "z_level"], 2], "walkway-2", "walkway"], "Internal.Street.Category4.RenderPass": ["case", ["ref", "Is.Tunnel"], "tunnel-4", ["any", ["ref", "Is.Not.RoadZLevel"], ["==", ["get", "source"], "ipc"], ["ref", "StorageLevelCheck"]], ["case", ["ref", "Is.Bridge"], "bridge-4", ["all", ["ref", "Is.ParkingLot"], ["ref", "Is.Unpaved"]], "unpaved-4-parkinglot", ["ref", "Is.ParkingLot"], "road-4-parkinglot", ["all", ["ref", "Is.Unpaved"], ["!", ["ref", "Is.ParkingLot"]], ["!", ["ref", "Is.RestrictedAccess"]]], "unpaved-4", ["all", ["ref", "Is.Unpaved"], ["ref", "Is.RestrictedAccess"], ["!", ["ref", "Is.ParkingLot"]]], "unpaved-4-restrictedaccess", ["ref", "Is.RestrictedAccess"], "road-4-restrictedaccess", ["ref", "Is.Ramp"], "ramp-4", "road-4"], ["all", ["ref", "Is.ParkingLot"], ["<=", ["get", "z_level"], -1], ["ref", "Is.Unpaved"]], "unpaved-4-parkinglot--1", ["all", ["ref", "Is.ParkingLot"], ["==", ["get", "z_level"], 0], ["ref", "Is.Unpaved"]], "unpaved-4-parkinglot-0", ["all", ["ref", "Is.ParkingLot"], ["==", ["get", "z_level"], 1], ["ref", "Is.Unpaved"]], "unpaved-4-parkinglot-1", ["all", ["ref", "Is.ParkingLot"], [">=", ["get", "z_level"], 2], ["ref", "Is.Unpaved"]], "unpaved-4-parkinglot-2", ["all", ["ref", "Is.ParkingLot"], ["<=", ["get", "z_level"], -1], ["!", ["ref", "Is.Unpaved"]]], "road-4-parkinglot--1", ["all", ["ref", "Is.ParkingLot"], ["==", ["get", "z_level"], 0], ["!", ["ref", "Is.Unpaved"]]], "road-4-parkinglot-0", ["all", ["ref", "Is.ParkingLot"], ["==", ["get", "z_level"], 1], ["!", ["ref", "Is.Unpaved"]]], "road-4-parkinglot-1", ["all", ["ref", "Is.ParkingLot"], [">=", ["get", "z_level"], 2], ["!", ["ref", "Is.Unpaved"]]], "road-4-parkinglot-2", ["all", ["ref", "Is.Unpaved"], ["<=", ["get", "z_level"], -1], ["!", ["ref", "Is.ParkingLot"]], ["!", ["ref", "Is.RestrictedAccess"]]], "unpaved-4--1", ["all", ["ref", "Is.Unpaved"], ["==", ["get", "z_level"], 0], ["!", ["ref", "Is.ParkingLot"]], ["!", ["ref", "Is.RestrictedAccess"]]], "unpaved-4-0", ["all", ["ref", "Is.Unpaved"], ["==", ["get", "z_level"], 1], ["!", ["ref", "Is.ParkingLot"]], ["!", ["ref", "Is.RestrictedAccess"]]], "unpaved-4-1", ["all", ["ref", "Is.Unpaved"], [">=", ["get", "z_level"], 2], ["!", ["ref", "Is.ParkingLot"]], ["!", ["ref", "Is.RestrictedAccess"]]], "unpaved-4-2", ["all", ["ref", "Is.Unpaved"], ["<=", ["get", "z_level"], -1], ["ref", "Is.RestrictedAccess"], ["!", ["ref", "Is.ParkingLot"]]], "unpaved-4-restrictedaccess--1", ["all", ["ref", "Is.Unpaved"], ["==", ["get", "z_level"], 0], ["ref", "Is.RestrictedAccess"], ["!", ["ref", "Is.ParkingLot"]]], "unpaved-4-restrictedaccess-0", ["all", ["ref", "Is.Unpaved"], ["==", ["get", "z_level"], 1], ["ref", "Is.RestrictedAccess"], ["!", ["ref", "Is.ParkingLot"]]], "unpaved-4-restrictedaccess-1", ["all", ["ref", "Is.Unpaved"], [">=", ["get", "z_level"], 2], ["ref", "Is.RestrictedAccess"], ["!", ["ref", "Is.ParkingLot"]]], "unpaved-4-restrictedaccess-2", ["all", ["ref", "Is.RestrictedAccess"], ["<=", ["get", "z_level"], -1]], "road-4-restrictedaccess--1", ["all", ["ref", "Is.RestrictedAccess"], ["==", ["get", "z_level"], 0]], "road-4-restrictedaccess-0", ["all", ["ref", "Is.RestrictedAccess"], ["==", ["get", "z_level"], 1]], "road-4-restrictedaccess-1", ["all", ["ref", "Is.RestrictedAccess"], [">=", ["get", "z_level"], 2]], "road-4-restrictedaccess-2", ["all", ["ref", "Is.Ramp"], ["<=", ["get", "z_level"], -1]], "ramp-4--1", ["all", ["ref", "Is.Ramp"], ["==", ["get", "z_level"], 0]], "ramp-4-0", ["all", ["ref", "Is.Ramp"], ["==", ["get", "z_level"], 1]], "ramp-4-1", ["all", ["ref", "Is.Ramp"], [">=", ["get", "z_level"], 2]], "ramp-4-2", ["<=", ["get", "z_level"], -1], "road-4--1", ["==", ["get", "z_level"], 0], "road-4-0", ["==", ["get", "z_level"], 1], "road-4-1", [">=", ["get", "z_level"], 2], "road-4-2", "road-4"], "Internal.Street.Category3.RenderPass": ["case", ["ref", "Is.Tunnel"], "tunnel-3", ["any", ["ref", "Is.Not.RoadZLevel"], ["==", ["get", "source"], "ipc"], ["ref", "StorageLevelCheck"]], ["case", ["ref", "Is.Bridge"], "bridge-3", ["ref", "Is.Unpaved"], "unpaved-3", ["ref", "Is.Ramp"], "ramp-3", "road-3"], ["all", ["ref", "Is.Unpaved"], ["<=", ["get", "z_level"], -1]], "unpaved-3--1", ["all", ["ref", "Is.Unpaved"], ["==", ["get", "z_level"], 0]], "unpaved-3-0", ["all", ["ref", "Is.Unpaved"], ["==", ["get", "z_level"], 1]], "unpaved-3-1", ["all", ["ref", "Is.Unpaved"], [">=", ["get", "z_level"], 2]], "unpaved-3-2", ["all", ["ref", "Is.Ramp"], ["<=", ["get", "z_level"], -1]], "ramp-3--1", ["all", ["ref", "Is.Ramp"], ["==", ["get", "z_level"], 0]], "ramp-3-0", ["all", ["ref", "Is.Ramp"], ["==", ["get", "z_level"], 1]], "ramp-3-1", ["all", ["ref", "Is.Ramp"], [">=", ["get", "z_level"], 2]], "ramp-3-2", ["<=", ["get", "z_level"], -1], "road-3--1", ["==", ["get", "z_level"], 0], "road-3-0", ["==", ["get", "z_level"], 1], "road-3-1", [">=", ["get", "z_level"], 2], "road-3-2", "road-3"], "Internal.Street.Category2.RenderPass": ["case", ["ref", "Is.Tunnel"], "tunnel-2", ["any", ["ref", "Is.Not.RoadZLevel"], ["==", ["get", "source"], "ipc"], ["ref", "StorageLevelCheck"]], ["case", ["ref", "Is.Bridge"], "bridge-2", ["ref", "Is.Unpaved"], "unpaved-2", ["ref", "Is.Ramp"], "ramp-2", "road-2"], ["all", ["ref", "Is.Unpaved"], ["<=", ["get", "z_level"], -1]], "unpaved-2--1", ["all", ["ref", "Is.Unpaved"], ["==", ["get", "z_level"], 0]], "unpaved-2-0", ["all", ["ref", "Is.Unpaved"], ["==", ["get", "z_level"], 1]], "unpaved-2-1", ["all", ["ref", "Is.Unpaved"], [">=", ["get", "z_level"], 2]], "unpaved-2-2", ["all", ["ref", "Is.Ramp"], ["<=", ["get", "z_level"], -1]], "ramp-2--1", ["all", ["ref", "Is.Ramp"], ["==", ["get", "z_level"], 0]], "ramp-2-0", ["all", ["ref", "Is.Ramp"], ["==", ["get", "z_level"], 1]], "ramp-2-1", ["all", ["ref", "Is.Ramp"], [">=", ["get", "z_level"], 2]], "ramp-2-2", ["<=", ["get", "z_level"], -1], "road-2--1", ["==", ["get", "z_level"], 0], "road-2-0", ["==", ["get", "z_level"], 1], "road-2-1", [">=", ["get", "z_level"], 2], "road-2-2", "road-2"], "Internal.Street.Category1.RenderPass": ["case", ["ref", "Is.Tunnel"], "tunnel-1", ["any", ["ref", "Is.Not.RoadZLevel"], ["==", ["get", "source"], "ipc"], ["ref", "StorageLevelCheck"]], ["case", ["ref", "Is.Bridge"], "bridge-1", ["ref", "Is.Unpaved"], "unpaved-1", ["ref", "Is.Ramp"], "ramp-1", "road-1"], ["all", ["ref", "Is.Unpaved"], ["<=", ["get", "z_level"], -1]], "unpaved-1--1", ["all", ["ref", "Is.Unpaved"], ["==", ["get", "z_level"], 0]], "unpaved-1-0", ["all", ["ref", "Is.Unpaved"], ["==", ["get", "z_level"], 1]], "unpaved-1-1", ["all", ["ref", "Is.Unpaved"], ["==", ["get", "z_level"], 2]], "unpaved-1-2", ["all", ["ref", "Is.Unpaved"], [">=", ["get", "z_level"], 3]], "unpaved-1-3", ["all", ["ref", "Is.Ramp"], ["<=", ["get", "z_level"], -1]], "ramp-1--1", ["all", ["ref", "Is.Ramp"], ["==", ["get", "z_level"], 0]], "ramp-1-0", ["all", ["ref", "Is.Ramp"], ["==", ["get", "z_level"], 1]], "ramp-1-1", ["all", ["ref", "Is.Ramp"], ["==", ["get", "z_level"], 2]], "ramp-1-2", ["all", ["ref", "Is.Ramp"], [">=", ["get", "z_level"], 3]], "ramp-1-3", ["<=", ["get", "z_level"], -1], "road-1--1", ["==", ["get", "z_level"], 0], "road-1-0", ["==", ["get", "z_level"], 1], "road-1-1", ["==", ["get", "z_level"], 2], "road-1-2", [">=", ["get", "z_level"], 3], "road-1-3", "road-1"], "Internal.Street.Category0.RenderPass": ["case", ["ref", "Is.Tunnel"], "tunnel-0", ["any", ["ref", "Is.Not.RoadZLevel"], ["==", ["get", "source"], "ipc"], ["ref", "StorageLevelCheck"]], ["case", ["ref", "Is.Bridge"], "bridge-0", ["ref", "Is.Unpaved"], "unpaved-0", ["ref", "Is.Ramp"], "ramp-0", "road-0"], ["all", ["ref", "Is.Unpaved"], ["<=", ["get", "z_level"], -1]], "unpaved-0--1", ["all", ["ref", "Is.Unpaved"], ["==", ["get", "z_level"], 0]], "unpaved-0-0", ["all", ["ref", "Is.Unpaved"], ["==", ["get", "z_level"], 1]], "unpaved-0-1", ["all", ["ref", "Is.Unpaved"], ["==", ["get", "z_level"], 2]], "unpaved-0-2", ["all", ["ref", "Is.Unpaved"], [">=", ["get", "z_level"], 3]], "unpaved-0-3", ["all", ["ref", "Is.Ramp"], ["<=", ["get", "z_level"], -1]], "ramp-0--1", ["all", ["ref", "Is.Ramp"], ["==", ["get", "z_level"], 0]], "ramp-0-0", ["all", ["ref", "Is.Ramp"], ["==", ["get", "z_level"], 1]], "ramp-0-1", ["all", ["ref", "Is.Ramp"], ["==", ["get", "z_level"], 2]], "ramp-0-2", ["all", ["ref", "Is.Ramp"], [">=", ["get", "z_level"], 3]], "ramp-0-3", ["<=", ["get", "z_level"], -1], "road-0--1", ["==", ["get", "z_level"], 0], "road-0-0", ["==", ["get", "z_level"], 1], "road-0-1", ["==", ["get", "z_level"], 2], "road-0-2", [">=", ["get", "z_level"], 3], "road-0-3", "road-0"], "Internal.Street.RenderPass": ["case", ["ref", "Is.Street.Category4"], ["ref", "Internal.Street.Category4.RenderPass"], ["ref", "Is.Street.Category3"], ["ref", "Internal.Street.Category3.RenderPass"], ["ref", "Is.Street.Category2"], ["ref", "Internal.Street.Category2.RenderPass"], ["ref", "Is.Street.Category1"], ["ref", "Internal.Street.Category1.RenderPass"], ["ref", "Is.Street.Category0"], ["ref", "Internal.Street.Category0.RenderPass"], ["ref", "Is.Street.Pedestrian"], ["ref", "Internal.Street.Pedestrian.RenderPass"], ["ref", "Is.Street.Walkway"], ["ref", "Internal.Street.Walkway.RenderPass"], null], "Internal.Street.Category0.ArrowColor": ["case", ["all", ["ref", "Is.Toll.Enabled"], ["ref", "Is.Tunnel"]], ["ref", "Street.Category0.Arrow.TollTunnel.Color"], ["ref", "Is.Toll.Enabled"], ["ref", "Street.Category0.Arrow.Toll.Color"], ["ref", "Is.Tunnel"], ["ref", "Street.Category0.Arrow.Tunnel.Color"], ["ref", "Is.Unpaved"], ["ref", "Street.Category0.Arrow.Unpaved.Color"], ["ref", "Street.Category0.Arrow.Color"]], "Internal.Street.Category1.ArrowColor": ["case", ["all", ["ref", "Is.Toll.Enabled"], ["ref", "Is.Tunnel"]], ["ref", "Street.Category1.Arrow.TollTunnel.Color"], ["ref", "Is.Toll.Enabled"], ["ref", "Street.Category1.Arrow.Toll.Color"], ["ref", "Is.Tunnel"], ["ref", "Street.Category1.Arrow.Tunnel.Color"], ["ref", "Is.Unpaved"], ["ref", "Street.Category1.Arrow.Unpaved.Color"], ["ref", "Street.Category1.Arrow.Color"]], "Internal.Street.Category2.ArrowColor": ["case", ["all", ["ref", "Is.Toll.Enabled"], ["ref", "Is.Tunnel"]], ["ref", "Street.Category2.Arrow.TollTunnel.Color"], ["ref", "Is.Toll.Enabled"], ["ref", "Street.Category2.Arrow.Toll.Color"], ["ref", "Is.Tunnel"], ["ref", "Street.Category2.Arrow.Tunnel.Color"], ["ref", "Is.Unpaved"], ["ref", "Street.Category2.Arrow.Unpaved.Color"], ["ref", "Street.Category2.Arrow.Color"]], "Internal.Street.Category3.ArrowColor": ["case", ["all", ["ref", "Is.Toll.Enabled"], ["ref", "Is.Tunnel"]], ["ref", "Street.Category3.Arrow.TollTunnel.Color"], ["ref", "Is.Toll.Enabled"], ["ref", "Street.Category3.Arrow.Toll.Color"], ["ref", "Is.Tunnel"], ["ref", "Street.Category3.Arrow.Tunnel.Color"], ["ref", "Is.Unpaved"], ["ref", "Street.Category3.Arrow.Unpaved.Color"], ["ref", "Street.Category3.Arrow.Color"]], "Internal.Street.Category4.ArrowColor": ["case", ["all", ["ref", "Is.Toll.Enabled"], ["ref", "Is.Tunnel"]], ["ref", "Street.Category4.Arrow.TollTunnel.Color"], ["ref", "Is.Toll.Enabled"], ["ref", "Street.Category4.Arrow.Toll.Color"], ["ref", "Is.Tunnel"], ["ref", "Street.Category4.Arrow.Tunnel.Color"], ["ref", "Is.Unpaved"], ["ref", "Street.Category4.Arrow.Unpaved.Color"], ["ref", "Is.RestrictedAccess"], ["ref", "Street.Category4.Arrow.RestrictedAccess.Color"], ["ref", "Street.Category4.Arrow.Color"]], "Internal.Street.Category0.ArrowDashArray": ["make-vector", 0, ["world-discrete-scale", ["ref", "Street.Arrow.Gap.Length"]], ["world-scale", ["ref", "Internal.Street.Category0.RoadWidth"]], ["-", ["world-discrete-scale", ["+", ["ref", "Street.Arrow.Gap.Length"], ["ref", "Internal.Street.Category0.RoadWidth"]]], ["world-scale", ["ref", "Internal.Street.Category0.RoadWidth"]]]], "Internal.Street.Category1.ArrowDashArray": ["make-vector", 0, ["world-discrete-scale", ["ref", "Street.Arrow.Gap.Length"]], ["world-scale", ["ref", "Internal.Street.Category1.RoadWidth"]], ["-", ["world-discrete-scale", ["+", ["ref", "Street.Arrow.Gap.Length"], ["ref", "Internal.Street.Category1.RoadWidth"]]], ["world-scale", ["ref", "Internal.Street.Category1.RoadWidth"]]]], "Internal.Street.Category2.ArrowDashArray": ["make-vector", 0, ["world-discrete-scale", ["ref", "Street.Arrow.Gap.Length"]], ["world-scale", ["ref", "Internal.Street.Category2.RoadWidth"]], ["-", ["world-discrete-scale", ["+", ["ref", "Street.Arrow.Gap.Length"], ["ref", "Internal.Street.Category2.RoadWidth"]]], ["world-scale", ["ref", "Internal.Street.Category2.RoadWidth"]]]], "Internal.Street.Category3.ArrowDashArray": ["make-vector", 0, ["world-discrete-scale", ["ref", "Street.Arrow.Gap.Length"]], ["world-scale", ["ref", "Internal.Street.Category3.RoadWidth"]], ["-", ["world-discrete-scale", ["+", ["ref", "Street.Arrow.Gap.Length"], ["ref", "Internal.Street.Category3.RoadWidth"]]], ["world-scale", ["ref", "Internal.Street.Category3.RoadWidth"]]]], "Internal.Street.Category4.ArrowDashArray": ["make-vector", 0, ["world-discrete-scale", ["ref", "Street.Arrow.Gap.Length"]], ["world-scale", ["ref", "Internal.Street.Category4.RoadWidth"]], ["-", ["world-discrete-scale", ["+", ["ref", "Street.Arrow.Gap.Length"], ["ref", "Internal.Street.Category4.RoadWidth"]]], ["world-scale", ["ref", "Internal.Street.Category4.RoadWidth"]]]], "Internal.Street.Category0.RoadWidth": ["case", ["ref", "Is.Unpaved"], ["ref", "Street.Category0.Unpaved.Width"], ["ref", "Is.Ramp"], ["ref", "Street.Category0.Ramp.Width"], ["ref", "Street.Category0.Width"]], "Internal.Street.Category1.RoadWidth": ["case", ["ref", "Is.Unpaved"], ["ref", "Street.Category1.Unpaved.Width"], ["ref", "Is.Ramp"], ["ref", "Street.Category1.Ramp.Width"], ["ref", "Street.Category1.Width"]], "Internal.Street.Category2.RoadWidth": ["case", ["ref", "Is.Unpaved"], ["ref", "Street.Category2.Unpaved.Width"], ["ref", "Is.Ramp"], ["ref", "Street.Category2.Ramp.Width"], ["ref", "Street.Category2.Width"]], "Internal.Street.Category3.RoadWidth": ["case", ["ref", "Is.Unpaved"], ["ref", "Street.Category3.Unpaved.Width"], ["ref", "Is.Ramp"], ["ref", "Street.Category3.Ramp.Width"], ["ref", "Street.Category3.Width"]], "Internal.Street.Category4.RoadWidth": ["case", ["all", ["ref", "Is.RestrictedAccess"], ["ref", "Is.Unpaved"]], ["ref", "Street.Category4.RestrictedAccess.Width"], ["ref", "Is.Unpaved"], ["ref", "Street.Category4.Unpaved.Width"], ["ref", "Is.Ramp"], ["ref", "Street.Category4.Ramp.Width"], ["ref", "Is.ParkingLot"], ["ref", "Street.Category4.ParkingLot.Width"], ["ref", "Is.RestrictedAccess"], ["ref", "Street.Category4.RestrictedAccess.Width"], ["ref", "Street.Category4.Width"]], "Transparent.Color": "#00000000", "Internal.Ferry.DashArray": ["make-vector", ["world-discrete-scale", ["ref", "Ferry.Line.Gap.Length"]], ["world-discrete-scale", ["ref", "Ferry.Line.Dash.Length"]], 0, 0], "Internal.Street.Tunnel.DashArray": ["make-vector", ["world-discrete-scale", ["ref", "Street.Tunnel.Gap.Length"]], ["world-discrete-scale", ["ref", "Street.Tunnel.Dash.Length"]], 0, 0], "Street.Category0.Tunnel.Color": ["ref", "Street.Category0.Color"], "Street.Category1.Tunnel.Color": ["ref", "Street.Category1.Color"], "Street.Category2.Tunnel.Color": ["ref", "Street.Category2.Color"], "Street.Category3.Tunnel.Color": ["ref", "Street.Category3.Color"], "Street.Category4.Tunnel.Color": ["ref", "Street.Category4.Color"], "Street.Category0.Tunnel.Outline.Color": ["ref", "Street.Category0.Outline.Color"], "Street.Category1.Tunnel.Outline.Color": ["ref", "Street.Category1.Outline.Color"], "Street.Category2.Tunnel.Outline.Color": ["ref", "Street.Category2.Outline.Color"], "Street.Category3.Tunnel.Outline.Color": ["ref", "Street.Category3.Outline.Color"], "Street.Category4.Tunnel.Outline.Color": ["ref", "Street.Category4.Outline.Color"], "Street.Category0.Arrow.Tunnel.Color": ["ref", "Street.Category0.Arrow.Color"], "Street.Category1.Arrow.Tunnel.Color": ["ref", "Street.Category1.Arrow.Color"], "Street.Category2.Arrow.Tunnel.Color": ["ref", "Street.Category2.Arrow.Color"], "Street.Category3.Arrow.Tunnel.Color": ["ref", "Street.Category3.Arrow.Color"], "Street.Category4.Arrow.Tunnel.Color": ["ref", "Street.Category4.Arrow.Color"], "Street.Category0.Arrow.TollTunnel.Color": ["ref", "Street.Category0.Arrow.Color"], "Street.Category1.Arrow.TollTunnel.Color": ["ref", "Street.Category1.Arrow.Color"], "Street.Category2.Arrow.TollTunnel.Color": ["ref", "Street.Category2.Arrow.Color"], "Street.Category3.Arrow.TollTunnel.Color": ["ref", "Street.Category3.Arrow.Color"], "Street.Category4.Arrow.TollTunnel.Color": ["ref", "Street.Category4.Arrow.Color"], "Street.Category0.TollBridge.Color": ["ref", "Street.Category0.Bridge.Color"], "Street.Category1.TollBridge.Color": ["ref", "Street.Category1.Bridge.Color"], "Street.Category2.TollBridge.Color": ["ref", "Street.Category2.Bridge.Color"], "Street.Category3.TollBridge.Color": ["ref", "Street.Category3.Bridge.Color"], "Street.Category4.TollBridge.Color": ["ref", "Street.Category4.Bridge.Color"], "Street.Category0.TollTunnel.Centerline.Color": ["ref", "Street.Category0.Toll.Centerline.Color"], "Street.Category0.TollTunnel.Outline.Color": ["ref", "Street.Category0.Toll.Outline.Color"], "Street.Category1.TollTunnel.Outline.Color": ["ref", "Street.Category1.Toll.Outline.Color"], "Street.Category2.TollTunnel.Outline.Color": ["ref", "Street.Category2.Toll.Outline.Color"], "Street.Category3.TollTunnel.Outline.Color": ["ref", "Street.Category3.Toll.Outline.Color"], "Street.Category4.TollTunnel.Outline.Color": ["ref", "Street.Category4.Toll.Outline.Color"], "Street.Category0.Label.Toll.Color": ["ref", "Street.Category0.Label.Color"], "Street.Category1.Label.Toll.Color": ["ref", "Street.Category1.Label.Color"], "Street.Category2.Label.Toll.Color": ["ref", "Street.Category2.Label.Color"], "Street.Category3.Label.Toll.Color": ["ref", "Street.Category3.Label.Color"], "Street.Category4.Label.Toll.Color": ["ref", "Street.Category4.Label.Color"], "SkiRun.Arrow.Gap.Length": ["step", ["zoom"], 16, 16, 16, 17, 25, 18, 34, 19, 78, 20, 62, 21, 100, 22, 150, 23, 200, 24, 250], "SkiRun.Arrow.Color": ["ref", "SkiRun.Outline.Color"], "Street.Walkway.Bridge.Baseline.Color": ["ref", "BuiltupArea.Color"], "Street.Walkway.Bridge.Baseline.Width": ["interpolate", ["linear"], ["zoom"], 16, 0, 16, 2.3, 17, 3.1, 18, 4.35, 19, 5.55, 20, 6.8], "Street.Pedestrian.Bridge.Baseline.Color": ["ref", "Street.Walkway.Bridge.Baseline.Color"], "Street.Pedestrian.Bridge.Baseline.Width": ["interpolate", ["linear"], ["zoom"], 16, 0, 16, 2.8, 17, 4.35, 18, 5.55, 19, 8.05, 20, 9.3], "Street.Category4.ParkingLot.Color": ["ref", "Street.Category4.Color"], "Street.Category4.ParkingLot.Outline.Color": ["ref", "Street.Category4.Outline.Color"], "Street.Category4.ParkingLot.Width": ["ref", "Street.Category4.Width"], "Street.Category4.ParkingLot.Outline.Width": ["ref", "Street.Category4.Outline.Width"], "Street.Category4.RestrictedAccess.Color": ["ref", "Street.Category4.Color"], "Street.Category4.RestrictedAccess.Outline.Color": ["ref", "Street.Category4.Outline.Color"], "Street.Category4.RestrictedAccess.Width": ["ref", "Street.Category4.Width"], "Street.Category4.RestrictedAccess.Outline.Width": ["ref", "Street.Category4.Outline.Width"], "Street.Category4.Arrow.RestrictedAccess.Color": ["ref", "Street.Category4.Arrow.Color"], "Street.Category4.RestrictedAccessUnpaved.Outline.Color": ["ref", "Street.Category4.Unpaved.Outline.Color"], "Street.Label.Opacity": 1, "Label.DualLanguage.Leading": ["interpolate", ["linear"], ["zoom"], 8, 10, 10, 15, 12, 20, 15, 30, 18, 37, 20, 45, 24, 120], "Street.Category0.Label.Variant": ["ref", "Label.Variant.Regular"], "Street.Category1.Label.Variant": ["ref", "Label.Variant.Regular"], "Street.Category2.Label.Variant": ["ref", "Label.Variant.Regular"], "Street.Category3.Label.Variant": ["ref", "Label.Variant.Regular"], "Street.Category4.Label.Variant": ["ref", "Label.Variant.Regular"], "Street.Pedestrian.Label.Variant": ["ref", "Label.Variant.Regular"], "Street.Walkway.Label.Variant": ["ref", "Label.Variant.Regular"], "Ferry.Label.Variant": ["ref", "Label.Variant.Regular"], "SkiRun.Label.Variant": ["ref", "Label.Variant.Regular"], "Is.PolygonalRoads.VisibilityCheck": false, "Ferry.Label.Offset": 0, "Street.Label.MinWorldLineLength": ["step", ["zoom"], 500, 14.0, 250, 15.0, 100, 16.0, 0], "Street.TruckPreferred.Category0.Width": ["interpolate", ["linear"], ["zoom"], 8, 7.25, 9, 7.5, 10, 7.75, 11, 8, 12, 10, 13, 12.5, 14, 13, 15, 15, 16, 20, 17, 25, 18, 25, 19, 28, 20, 30, 24, 100], "Street.TruckPreferred.Category1.Width": ["interpolate", ["linear"], ["zoom"], 9, 7.25, 10, 7.5, 11, 7.75, 12, 9, 13, 11, 14, 12, 15, 13, 16, 15, 17, 18, 18, 22, 19, 25, 20, 28, 24, 95], "Street.TruckPreferred.Category2.Width": ["interpolate", ["linear"], ["zoom"], 11, 3.5, 12, 6, 13, 6.5, 14, 10, 15, 11, 16, 14, 17, 16, 18, 18, 19, 22, 20, 25, 24, 85], "Street.TruckPreferred.Category3.Width": ["interpolate", ["linear"], ["zoom"], 13, 5, 14, 8, 15, 10, 16, 12, 17, 14, 18, 16, 19, 20, 20, 22, 24, 80], "Street.TruckPreferred.Category4.Width": ["interpolate", ["linear"], ["zoom"], 15, 5, 16, 7, 17, 9, 18, 11, 19, 15, 20, 20, 24, 75], "Street.TruckPreferred.Category0.Ramp.Width": ["ref", "Street.TruckPreferred.Category0.Width"], "Street.TruckPreferred.Category1.Ramp.Width": ["ref", "Street.TruckPreferred.Category1.Width"], "Street.TruckPreferred.Category2.Ramp.Width": ["ref", "Street.TruckPreferred.Category2.Width"], "Street.TruckPreferred.Category3.Ramp.Width": ["ref", "Street.TruckPreferred.Category3.Width"], "Street.TruckPreferred.Category4.Ramp.Width": ["ref", "Street.TruckPreferred.Category4.Width"], "Street.TruckPreferred.Category0.Color": ["interpolate", ["linear"], ["zoom"], 8, "#eb3aebcc", 10, "#eb3aeb99", 12, "#eb3aeb80", 14, "#eb3aeb73", 16, "#eb3aeb66", 18, "#eb3aeb59", 20, "#eb3aeb4d"], "Street.TruckPreferred.Category1.Color": ["ref", "Street.TruckPreferred.Category0.Color"], "Street.TruckPreferred.Category2.Color": ["ref", "Street.TruckPreferred.Category0.Color"], "Street.TruckPreferred.Category3.Color": ["ref", "Street.TruckPreferred.Category0.Color"], "Street.TruckPreferred.Category4.Color": ["ref", "Street.TruckPreferred.Category0.Color"]}}