{"styles": [{"id": "road_labels_pedestrian", "layer": "tilezen_lines", "when": ["all", ["ref", "Is.Roads.Layer"], ["ref", "Is.Street.Pedestrian"], ["!", ["ref", "Is.RailFerry"]], ["ref", "Street.Pedestrian.Label.Display.Enabled"]], "technique": "text", "description": "Pedestrian Labels", "attr": {"category": "pedestrian-labels", "minZoomLevel": ["ref", "Street.Pedestrian.MinZoomLevel"], "margin": ["ref", "Default.Margin"], "persisting-margin-reducing": ["ref", "Default.PersistingMargin.Reducing"], "font": ["ref", "Default.Font"], "shape": "line", "vertical-alignment": "Dynamic", "replaceable": true, "new-label-spread-frames": 10, "fade-time": 0.3, "far-threshold": 0.85, "far-threshold-range": 0.015, "polyline-padding-px": 2, "dual-language-leading-space": ["ppi-scale", ["ref", "Label.DualLanguage.Leading"], ["ref", "ScalePPI.Labels"]], "softdepth": ["ref", "SoftDepth.Threshold"], "anchor-point-density": ["step", ["zoom"], 5, 8, 20, 16, 40], "line-width": ["case", ["ref", "Is.Unpaved"], ["world-scale", ["ref", "Street.Pedestrian.Unpaved.Width"]], ["ref", "Internal.Street.Pedestrian.LineWidthZoom"]], "color": ["case", ["ref", "Is.Unpaved"], ["ref", "Street.Pedestrian.Label.Unpaved.Color"], ["ref", "Street.Pedestrian.Label.Color"]], "outline-color": ["case", ["ref", "Is.Unpaved"], ["ref", "Street.Pedestrian.Label.Unpaved.Outline.Color"], ["ref", "Street.Pedestrian.Label.Outline.Color"]], "size": ["ppi-scale", ["ref", "Street.Pedestrian.Label.Size"], ["ref", "ScalePPI.Labels"]], "outline-width": ["ppi-scale", ["ref", "Street.Pedestrian.Label.Outline.Width"], ["ref", "ScalePPI.Labels"]], "case-conversion": ["ref", "Street.Pedestrian.Label.Variant"], "min-world-line-length": ["ref", "Street.Label.MinWorldLineLength"]}}, {"id": "roads_pedestrian", "layer": "tilezen_lines", "when": ["all", ["ref", "Is.Roads.Layer"], ["ref", "Is.Street.Pedestrian"], ["!", ["ref", "Is.Japan.HasPolygonalRoads"]], ["!", ["ref", "Is.RailFerry"]], ["!", ["ref", "Is.Ski.Downhill"]]], "technique": "line", "description": "Pedestrian Line", "attr": {"category": ["ref", "Internal.Street.Pedestrian.RenderPass"], "minZoomLevel": ["ref", "Street.Pedestrian.MinZoomLevel"], "alpha-blend-type": ["ref", "Alpha.Blend.Type"], "color": ["ref", "Internal.Street.Pedestrian.Color"], "dash-gap-color": ["ref", "Transparent.Color"], "width": ["case", ["ref", "Is.Unpaved"], ["world-scale", ["ref", "Street.Pedestrian.Unpaved.Width"]], ["world-scale", ["ref", "Street.Pedestrian.Width"]]], "dasharray": ["case", ["ref", "Is.UnderConstruction"], ["make-vector", ["world-discrete-scale", ["ref", "Street.Pedestrian.Construction.Gap.Length"]], ["world-discrete-scale", ["ref", "Street.Pedestrian.Construction.Dash.Length"]], 0, 0], ["make-vector", ["world-discrete-scale", ["ref", "Street.Pedestrian.Gap.Length"]], ["world-discrete-scale", ["ref", "Street.Pedestrian.Dash.Length"]], 0, 0]], "softdepth": ["ref", "SoftDepth.Threshold"]}}, {"id": "road_outlines_pedestrian", "layer": "tilezen_lines", "when": ["all", ["ref", "Is.Roads.Layer"], ["ref", "Is.Street.Pedestrian"], ["!", ["ref", "Is.Japan.HasPolygonalRoads"]], ["!", ["ref", "Is.RailFerry"]], ["!", ["ref", "Is.Ski.Downhill"]]], "technique": "line", "description": "Pedestrian Outline", "attr": {"category": ["case", ["ref", "Is.Tunnel"], "tunnel-outline-pedestrian", ["any", ["ref", "Is.Not.RoadZLevel"], ["==", ["get", "source"], "ipc"], ["<", ["get", "$storage-level"], 14]], ["case", ["ref", "Is.Bridge"], "bridge-outline-pedestrian", ["ref", "Is.Unpaved"], "unpaved-outline-pedestrian", "pedestrian-outline"], ["all", ["ref", "Is.Unpaved"], ["<=", ["get", "z_level"], -1]], "unpaved-outline-pedestrian--1", ["all", ["ref", "Is.Unpaved"], ["==", ["get", "z_level"], 0]], "unpaved-outline-pedestrian-0", ["all", ["ref", "Is.Unpaved"], ["==", ["get", "z_level"], 1]], "unpaved-outline-pedestrian-1", ["all", ["ref", "Is.Unpaved"], [">=", ["get", "z_level"], 2]], "unpaved-outline-pedestrian-2", ["<=", ["get", "z_level"], -1], "pedestrian-outline--1", ["==", ["get", "z_level"], 0], "pedestrian-outline-0", ["==", ["get", "z_level"], 1], "pedestrian-outline-1", [">=", ["get", "z_level"], 2], "pedestrian-outline-2", "pedestrian-outline"], "minZoomLevel": ["ref", "Street.Pedestrian.MinZoomLevel"], "alpha-blend-type": ["ref", "Alpha.Blend.Type"], "color": ["case", ["ref", "Is.Unpaved"], ["ref", "Street.Pedestrian.Unpaved.Outline.Color"], ["ref", "Street.Pedestrian.Outline.Color"]], "dash-gap-color": ["case", ["all", ["ref", "Is.Tunnel"], ["!", ["ref", "Is.UnderConstruction"]]], "#00000000", ["ref", "Transparent.Color"]], "width": ["case", ["ref", "Is.Unpaved"], ["case", ["<=", ["ref", "Street.Pedestrian.Unpaved.Outline.Width"], 0], 0, ["world-scale", ["+", ["*", 2, ["ref", "Street.Pedestrian.Unpaved.Outline.Width"]], ["ref", "Street.Pedestrian.Unpaved.Width"]]]], ["case", ["<=", ["ref", "Street.Pedestrian.Outline.Width"], 0], 0, ["world-scale", ["+", ["*", 2, ["ref", "Street.Pedestrian.Outline.Width"]], ["ref", "Street.Pedestrian.Width"]]]]], "dasharray": ["case", ["all", ["ref", "Is.Tunnel"], ["!", ["ref", "Is.UnderConstruction"]]], ["ref", "Internal.Street.Tunnel.DashArray"], ["ref", "Is.UnderConstruction"], ["make-vector", ["world-discrete-scale", ["ref", "Street.Pedestrian.Construction.Gap.Length"]], ["world-discrete-scale", ["ref", "Street.Pedestrian.Construction.Dash.Length"]], 0, 0], ["make-vector", ["world-discrete-scale", ["ref", "Street.Pedestrian.Gap.Length"]], ["world-discrete-scale", ["ref", "Street.Pedestrian.Dash.Length"]], 0, 0]], "softdepth": ["ref", "SoftDepth.Threshold"]}}, {"id": "bridge_baseline_pedestrian", "layer": "tilezen_lines", "when": ["all", ["ref", "Is.Roads.Layer"], ["ref", "Is.Street.Pedestrian"], ["!", ["ref", "Is.Japan.HasPolygonalRoads"]], ["any", ["ref", "Is.Bridge"], [">", ["get", "z_level"], 0]], ["!", ["ref", "Is.RailFerry"]]], "technique": "line", "description": "Pedestrian Bridge Baseline", "attr": {"category": ["case", ["any", ["ref", "Is.Not.RoadZLevel"], ["==", ["get", "source"], "ipc"], ["<", ["get", "$storage-level"], 14]], "bridge-baseline-pedestrian", ["<=", ["get", "z_level"], -1], "bridge-baseline-pedestrian--1", ["==", ["get", "z_level"], 0], "bridge-baseline-pedestrian-0", ["==", ["get", "z_level"], 1], "bridge-baseline-pedestrian-1", [">=", ["get", "z_level"], 2], "bridge-baseline-pedestrian-1", "bridge-baseline-pedestrian"], "minZoomLevel": ["ref", "Street.Pedestrian.MinZoomLevel"], "alpha-blend-type": ["ref", "Alpha.Blend.Type"], "cap": "butt", "color": ["ref", "Street.Pedestrian.Bridge.Baseline.Color"], "dash-gap-color": ["ref", "Transparent.Color"], "width": ["case", ["<=", ["ref", "Street.Pedestrian.Width"], 0], 0, ["world-scale", ["ref", "Street.Pedestrian.Bridge.Baseline.Width"]]], "dasharray": ["case", ["ref", "Is.UnderConstruction"], ["make-vector", ["world-discrete-scale", ["ref", "Street.Pedestrian.Construction.Gap.Length"]], ["world-discrete-scale", ["ref", "Street.Pedestrian.Construction.Dash.Length"]], 0, 0], null], "softdepth": ["ref", "SoftDepth.Threshold"]}}, {"id": "bridge_baseline_outlines_pedestrian", "layer": "tilezen_lines", "when": ["all", ["ref", "Is.Roads.Layer"], ["ref", "Is.Street.Pedestrian"], ["!", ["ref", "Is.Japan.HasPolygonalRoads"]], ["any", ["ref", "Is.Bridge"], [">", ["get", "z_level"], 0]], ["!", ["ref", "Is.RailFerry"]]], "technique": "line", "description": "Pedestrian Bridge Extra Outline", "attr": {"category": ["case", ["any", ["ref", "Is.Not.RoadZLevel"], ["==", ["get", "source"], "ipc"], ["<", ["get", "$storage-level"], 14]], "bridge-outline-pedestrian-extra", ["<=", ["get", "z_level"], -1], "bridge-outline-pedestrian-extra--1", ["==", ["get", "z_level"], 0], "bridge-outline-pedestrian-extra-0", ["==", ["get", "z_level"], 1], "bridge-outline-pedestrian-extra-1", [">=", ["get", "z_level"], 2], "bridge-outline-pedestrian-extra-2", "bridge-outline-pedestrian-extra"], "minZoomLevel": ["ref", "Street.Pedestrian.MinZoomLevel"], "alpha-blend-type": ["ref", "Alpha.Blend.Type"], "cap": "butt", "color": ["ref", "Street.Pedestrian.Bridge.Color"], "dash-gap-color": ["ref", "Transparent.Color"], "width": ["case", ["<=", ["ref", "Street.Pedestrian.Width"], 0], 0, ["world-scale", ["+", ["*", 2, ["ref", "Street.Pedestrian.Bridge.Outline.Width"]], ["ref", "Street.Pedestrian.Bridge.Baseline.Width"]]]], "dasharray": ["case", ["ref", "Is.UnderConstruction"], ["make-vector", ["world-discrete-scale", ["ref", "Street.Pedestrian.Construction.Gap.Length"]], ["world-discrete-scale", ["ref", "Street.Pedestrian.Construction.Dash.Length"]], 0, 0], null], "softdepth": ["ref", "SoftDepth.Threshold"]}}]}