{"styles": [{"id": "road_labels_walkway", "layer": "tilezen_lines", "when": ["all", ["ref", "Is.Roads.Layer"], ["ref", "Is.Street.Walkway"], ["!", ["ref", "Is.RailFerry"]], ["ref", "Street.Walkway.Label.Display.Enabled"]], "technique": "text", "description": "Walkway Labels", "attr": {"category": "walkway-labels", "minZoomLevel": ["ref", "Street.Walkway.MinZoomLevel"], "margin": ["ref", "Default.Margin"], "persisting-margin-reducing": ["ref", "Default.PersistingMargin.Reducing"], "font": ["ref", "Default.Font"], "shape": "line", "vertical-alignment": "Dynamic", "replaceable": true, "new-label-spread-frames": 10, "fade-time": 0.3, "far-threshold": 0.85, "far-threshold-range": 0.015, "polyline-padding-px": 2, "dual-language-leading-space": ["ppi-scale", ["ref", "Label.DualLanguage.Leading"], ["ref", "ScalePPI.Labels"]], "softdepth": ["ref", "SoftDepth.Threshold"], "anchor-point-density": ["step", ["zoom"], 5, 8, 20, 16, 40], "line-width": ["case", ["ref", "Is.Unpaved"], ["world-scale", ["ref", "Street.Walkway.Unpaved.Width"]], ["ref", "Internal.Street.Walkway.LineWidthZoom"]], "color": ["case", ["ref", "Is.Unpaved"], ["ref", "Street.Walkway.Label.Unpaved.Color"], ["ref", "Street.Walkway.Label.Color"]], "outline-color": ["case", ["ref", "Is.Unpaved"], ["ref", "Street.Walkway.Label.Unpaved.Outline.Color"], ["ref", "Street.Walkway.Label.Outline.Color"]], "size": ["ppi-scale", ["ref", "Street.Walkway.Label.Size"], ["ref", "ScalePPI.Labels"]], "outline-width": ["ppi-scale", ["ref", "Street.Walkway.Label.Outline.Width"], ["ref", "ScalePPI.Labels"]], "case-conversion": ["ref", "Street.Walkway.Label.Variant"], "min-world-line-length": ["ref", "Street.Label.MinWorldLineLength"]}}, {"id": "roads_walkway", "layer": "tilezen_lines", "when": ["all", ["ref", "Is.Roads.Layer"], ["ref", "Is.Street.Walkway"], ["!", ["ref", "Is.Japan.HasPolygonalRoads"]], ["!", ["ref", "Is.RailFerry"]], ["!", ["ref", "Is.Ski.Downhill"]]], "technique": "line", "description": "Walkway Line", "attr": {"category": ["ref", "Internal.Street.Walkway.RenderPass"], "minZoomLevel": ["ref", "Street.Walkway.MinZoomLevel"], "alpha-blend-type": ["ref", "Alpha.Blend.Type"], "cap": ["case", ["ref", "Is.UnderConstruction"], "butt", null], "color": ["ref", "Internal.Street.Walkway.Color"], "dash-gap-color": ["case", ["ref", "Is.UnderConstruction"], ["ref", "Transparent.Color"], null], "width": ["case", ["ref", "Is.Unpaved"], ["world-scale", ["ref", "Street.Walkway.Unpaved.Width"]], ["world-scale", ["ref", "Street.Walkway.Width"]]], "dasharray": ["case", ["ref", "Is.UnderConstruction"], ["make-vector", ["world-discrete-scale", ["ref", "Street.Walkway.Construction.Gap.Length"]], ["world-discrete-scale", ["ref", "Street.Walkway.Construction.Dash.Length"]], 0, 0], null], "softdepth": ["ref", "SoftDepth.Threshold"]}}, {"id": "road_outlines_walkway", "layer": "tilezen_lines", "when": ["all", ["ref", "Is.Roads.Layer"], ["ref", "Is.Street.Walkway"], ["!", ["ref", "Is.Japan.HasPolygonalRoads"]], ["!", ["ref", "Is.RailFerry"]], ["!", ["ref", "Is.Ski.Downhill"]]], "technique": "line", "description": "Walkway Outline", "attr": {"category": ["case", ["ref", "Is.Tunnel"], "tunnel-outline-walkway", ["any", ["ref", "Is.Not.RoadZLevel"], ["==", ["get", "source"], "ipc"], ["<", ["get", "$storage-level"], 14]], ["case", ["ref", "Is.Bridge"], "bridge-outline-walkway", ["ref", "Is.Unpaved"], "unpaved-outline-walkway", "walkway-outline"], ["all", ["ref", "Is.Unpaved"], ["<=", ["get", "z_level"], -1]], "unpaved-outline-walkway--1", ["all", ["ref", "Is.Unpaved"], ["==", ["get", "z_level"], 0]], "unpaved-outline-walkway-0", ["all", ["ref", "Is.Unpaved"], ["==", ["get", "z_level"], 1]], "unpaved-outline-walkway-1", ["all", ["ref", "Is.Unpaved"], [">=", ["get", "z_level"], 2]], "unpaved-outline-walkway-2", ["<=", ["get", "z_level"], -1], "walkway-outline--1", ["==", ["get", "z_level"], 0], "walkway-outline-0", ["==", ["get", "z_level"], 1], "walkway-outline-1", [">=", ["get", "z_level"], 2], "walkway-outline-2", "walkway-outline"], "minZoomLevel": ["ref", "Street.Walkway.MinZoomLevel"], "alpha-blend-type": ["ref", "Alpha.Blend.Type"], "cap": ["case", ["ref", "Is.UnderConstruction"], "butt", null], "color": ["case", ["ref", "Is.Unpaved"], ["ref", "Street.Walkway.Unpaved.Outline.Color"], ["ref", "Street.Walkway.Outline.Color"]], "dash-gap-color": ["case", ["all", ["ref", "Is.Tunnel"], ["!", ["ref", "Is.UnderConstruction"]]], "#00000000", ["ref", "Is.UnderConstruction"], ["ref", "Transparent.Color"], null], "width": ["case", ["ref", "Is.Unpaved"], ["case", ["<=", ["ref", "Street.Walkway.Unpaved.Outline.Width"], 0], 0, ["world-scale", ["+", ["*", 2, ["ref", "Street.Walkway.Unpaved.Outline.Width"]], ["ref", "Street.Walkway.Unpaved.Width"]]]], ["case", ["<=", ["ref", "Street.Walkway.Outline.Width"], 0], 0, ["world-scale", ["+", ["*", 2, ["ref", "Street.Walkway.Outline.Width"]], ["ref", "Street.Walkway.Width"]]]]], "dasharray": ["case", ["all", ["ref", "Is.Tunnel"], ["!", ["ref", "Is.UnderConstruction"]]], ["ref", "Internal.Street.Tunnel.DashArray"], ["ref", "Is.UnderConstruction"], ["make-vector", ["world-discrete-scale", ["ref", "Street.Walkway.Construction.Gap.Length"]], ["world-discrete-scale", ["ref", "Street.Walkway.Construction.Dash.Length"]], 0, 0], null], "softdepth": ["ref", "SoftDepth.Threshold"]}}, {"id": "bridge_baseline_walkway", "layer": "tilezen_lines", "when": ["all", ["ref", "Is.Roads.Layer"], ["ref", "Is.Street.Walkway"], ["!", ["ref", "Is.Japan.HasPolygonalRoads"]], ["any", ["ref", "Is.Bridge"], [">", ["get", "z_level"], 0]], ["!", ["ref", "Is.RailFerry"]]], "technique": "line", "description": "Walkway Bridge Baseline", "attr": {"category": ["case", ["any", ["ref", "Is.Not.RoadZLevel"], ["==", ["get", "source"], "ipc"], ["<", ["get", "$storage-level"], 14]], "bridge-baseline-walkway", ["<=", ["get", "z_level"], -1], "bridge-baseline-walkway--1", ["==", ["get", "z_level"], 0], "bridge-baseline-walkway-0", ["==", ["get", "z_level"], 1], "bridge-baseline-walkway-1", [">=", ["get", "z_level"], 2], "bridge-baseline-walkway-2", "bridge-baseline-walkway"], "minZoomLevel": ["ref", "Street.Walkway.MinZoomLevel"], "alpha-blend-type": ["ref", "Alpha.Blend.Type"], "cap": "butt", "color": ["ref", "Street.Walkway.Bridge.Baseline.Color"], "dash-gap-color": ["ref", "Transparent.Color"], "width": ["case", ["<=", ["ref", "Street.Walkway.Width"], 0], 0, ["world-scale", ["ref", "Street.Walkway.Bridge.Baseline.Width"]]], "dasharray": ["case", ["ref", "Is.UnderConstruction"], ["make-vector", ["world-discrete-scale", ["ref", "Street.Walkway.Construction.Gap.Length"]], ["world-discrete-scale", ["ref", "Street.Walkway.Construction.Dash.Length"]], 0, 0], null], "softdepth": ["ref", "SoftDepth.Threshold"]}}, {"id": "bridge_baseline_outlines_walkway", "layer": "tilezen_lines", "when": ["all", ["ref", "Is.Roads.Layer"], ["ref", "Is.Street.Walkway"], ["!", ["ref", "Is.Japan.HasPolygonalRoads"]], ["any", ["ref", "Is.Bridge"], [">", ["get", "z_level"], 0]], ["!", ["ref", "Is.RailFerry"]]], "technique": "line", "description": "Walkway Bridge Extra Outline", "attr": {"category": ["case", ["any", ["ref", "Is.Not.RoadZLevel"], ["==", ["get", "source"], "ipc"], ["<", ["get", "$storage-level"], 14]], "bridge-outline-walkway-extra", ["<=", ["get", "z_level"], -1], "bridge-outline-walkway-extra--1", ["==", ["get", "z_level"], 0], "bridge-outline-walkway-extra-0", ["==", ["get", "z_level"], 1], "bridge-outline-walkway-extra-1", [">=", ["get", "z_level"], 2], "bridge-outline-walkway-extra-2", "bridge-outline-walkway-extra"], "minZoomLevel": ["ref", "Street.Walkway.MinZoomLevel"], "alpha-blend-type": ["ref", "Alpha.Blend.Type"], "cap": "butt", "color": ["ref", "Street.Walkway.Bridge.Color"], "dash-gap-color": ["ref", "Transparent.Color"], "width": ["case", ["<=", ["ref", "Street.Walkway.Width"], 0], 0, ["world-scale", ["+", ["*", 2, ["ref", "Street.Walkway.Bridge.Outline.Width"]], ["ref", "Street.Walkway.Bridge.Baseline.Width"]]]], "dasharray": ["case", ["ref", "Is.UnderConstruction"], ["make-vector", ["world-discrete-scale", ["ref", "Street.Walkway.Construction.Gap.Length"]], ["world-discrete-scale", ["ref", "Street.Walkway.Construction.Dash.Length"]], 0, 0], null], "softdepth": ["ref", "SoftDepth.Threshold"]}}]}