{"styles": [{"layer": "route", "technique": "line", "attr": {"category": ["match", ["get", "id"], "route-upcoming", "route-upcoming", "route-traveled", "route-traveled", "route-alternative-1", "route-alternative-1", "route-alternative-2", "route-alternative-2", "route"], "width": ["world-scale", ["ref", "Route.Width"]], "color": ["match", ["get", "id"], "route-upcoming", ["ref", "Route.Upcoming.Color"], "route-traveled", ["ref", "Route.Traveled.Color"], "route-alternative-1", ["ref", "Route.Alternative1.Color"], "route-alternative-2", ["ref", "Route.Alternative2.Color"], ["ref", "Route.Active.Color"]], "softdepth": ["ref", "SoftDepth.Threshold"]}}, {"layer": "route", "technique": "line", "description": "outline", "attr": {"category": ["match", ["get", "id"], "route-upcoming", "route-upcoming-outline", "route-traveled", "route-traveled-outline", "route-alternative-1", "route-alternative-1-outline", "route-alternative-2", "route-alternative-2-outline", "route-outline"], "width": ["world-scale", ["+", ["*", 2, ["ref", "Route.Outline.Width"]], ["ref", "Route.Width"]]], "color": ["match", ["get", "id"], "route-upcoming", ["ref", "Route.Upcoming.Outline.Color"], "route-traveled", ["ref", "Route.Traveled.Outline.Color"], "route-alternative-1", ["ref", "Route.Alternative1.Outline.Color"], "route-alternative-2", ["ref", "Route.Alternative2.Outline.Color"], ["ref", "Route.Active.Outline.Color"]], "softdepth": ["ref", "SoftDepth.Threshold"]}}]}