{"definitions": {"Route.Traveled.Color": ["ref", "Route.Active.Color"], "Route.Traveled.Outline.Color": ["ref", "Route.Active.Outline.Color"], "Route.Upcoming.Color": ["ref", "Route.Active.Color"], "Route.Upcoming.Outline.Color": ["ref", "Route.Active.Outline.Color"], "Route.Alternative1.Color": ["ref", "Route.Active.Color"], "Route.Alternative1.Outline.Color": ["ref", "Route.Active.Outline.Color"], "Route.Alternative2.Color": ["ref", "Route.Active.Color"], "Route.Alternative2.Outline.Color": ["ref", "Route.Active.Outline.Color"]}}