{"styles": [{"id": "ssao_style_id", "layer": "ssao-quad", "technique": "ssao", "attr": {"samples-count": 32, "samples-radius": ["ref", "AmbientOcclusion.SamplesRadius"], "samples-spread": 0.5, "samples-surface-minimum-angle": 10.0, "samples-depth-test-threshold": 0.2, "start-fade-distance": ["ref", "FadeDistance.Start"], "far-fade-distance": ["ref", "FadeDistance.Far"], "blur-window": ["ref", "AmbientOcclusion.BlurWindow"], "exponent": 1.0, "intensity": ["ref", "AmbientOcclusion.Intensity"], "color": ["ref", "AmbientOcclusion.Color"]}}]}