{"definitions": {"Terrain.Shading.Highlight.Color": "#ffffff1c", "Terrain.Shading.Shadow.Color": ["interpolate", ["linear"], ["zoom"], 1, "#1f2e3d33", 2, "#1f2e3d2e", 3, "#1f2e3d1f", 4, "#1f2e3d1f", 5, "#1f2e3d1a", 6, "#1f2e3d1c", 7, "#1f2e3d1a", 8, "#1f2e3d14", 9, "#1f2e3d0f", 10, "#1f2e3d0d", 11, "#1f2e3d0d", 12, "#1f2e3d0d", 13, "#1f2e3d0a", 14, "#1f2e3d0a", 15, "#1f2e3d08"], "Terrain.Shading.Opacity": ["interpolate", ["linear"], ["zoom"], 15, 1, 16, 0], "Terrain.Shading.Factor": ["interpolate", ["linear"], ["zoom"], 3, 2.4, 4, 2, 5, 1.7, 6, 1.7, 7, 2.5, 8, 2.9, 9, 3.8, 10, 4, 11, 4.5, 12, 5.5, 13, 6, 14, 6, 14, 7], "Terrain.Shading.Scale": ["interpolate", ["linear"], ["zoom"], 2, 20, 3, 15, 4, 11, 5, 10, 6, 6, 7, 3.25, 8, 2.5, 9, 2, 10, 1.75, 11, 1.5, 12, 1], "Terrain.Ambient.Factor": 0.18, "Terrain.Diffuse.Factor": 0.87, "Terrain.Ambient.Color": ["ref", "Terrain.Shading.Shadow.Color"], "Terrain.Light1.Color": "#ffffff", "Terrain.Light1.Intensity": 1, "Terrain.Light1.Azimuth": 315, "Terrain.Light1.Altitude": 65, "Terrain.Light2.Color": "#ffffff", "Terrain.Light2.Intensity": 0.4, "Terrain.Light2.Azimuth": 195, "Terrain.Light2.Altitude": 30, "Terrain.Light3.Color": "#ffffff", "Terrain.Light3.Intensity": 0.3, "Terrain.Light3.Azimuth": 75, "Terrain.Light3.Altitude": 30, "ElevationMap.Height0": 1000000, "ElevationMap.Height1": 1000001, "ElevationMap.Height2": 1000002, "ElevationMap.Height3": 1000003, "ElevationMap.Height4": 1000004, "ElevationMap.Height5": 1000005, "ElevationMap.Height6": 1000006, "ElevationMap.Height7": 1000007, "ElevationMap.Height8": 1000008, "ElevationMap.Height9": 1000009, "ElevationMap.Height10": 1000010, "ElevationMap.Height11": 1000011, "ElevationMap.Height12": 1000012, "ElevationMap.Height13": 1000013, "ElevationMap.Height14": 1000014, "ElevationMap.Height15": 1000015, "ElevationMap.Height16": 1000016, "ElevationMap.Height17": 1000017, "ElevationMap.Height18": 1000018, "ElevationMap.Height19": 1000019, "ElevationMap.Color0": "#ff0000", "ElevationMap.Color1": ["ref", "ElevationMap.Color0"], "ElevationMap.Color2": ["ref", "ElevationMap.Color1"], "ElevationMap.Color3": ["ref", "ElevationMap.Color2"], "ElevationMap.Color4": ["ref", "ElevationMap.Color3"], "ElevationMap.Color5": ["ref", "ElevationMap.Color4"], "ElevationMap.Color6": ["ref", "ElevationMap.Color5"], "ElevationMap.Color7": ["ref", "ElevationMap.Color6"], "ElevationMap.Color8": ["ref", "ElevationMap.Color7"], "ElevationMap.Color9": ["ref", "ElevationMap.Color8"], "ElevationMap.Color10": ["ref", "ElevationMap.Color9"], "ElevationMap.Color11": ["ref", "ElevationMap.Color10"], "ElevationMap.Color12": ["ref", "ElevationMap.Color11"], "ElevationMap.Color13": ["ref", "ElevationMap.Color12"], "ElevationMap.Color14": ["ref", "ElevationMap.Color13"], "ElevationMap.Color15": ["ref", "ElevationMap.Color14"], "ElevationMap.Color16": ["ref", "ElevationMap.Color15"], "ElevationMap.Color17": ["ref", "ElevationMap.Color16"], "ElevationMap.Color18": ["ref", "ElevationMap.Color17"], "ElevationMap.Color19": ["ref", "ElevationMap.Color18"], "Terrain.Gradient": ["case", ["ref", "ElevationMap.UseColor"], ["gradient", ["ref", "ElevationMap.Height0"], ["ref", "ElevationMap.Color0"], ["ref", "ElevationMap.Height1"], ["ref", "ElevationMap.Color1"], ["ref", "ElevationMap.Height2"], ["ref", "ElevationMap.Color2"], ["ref", "ElevationMap.Height3"], ["ref", "ElevationMap.Color3"], ["ref", "ElevationMap.Height4"], ["ref", "ElevationMap.Color4"], ["ref", "ElevationMap.Height5"], ["ref", "ElevationMap.Color5"], ["ref", "ElevationMap.Height6"], ["ref", "ElevationMap.Color6"], ["ref", "ElevationMap.Height7"], ["ref", "ElevationMap.Color7"], ["ref", "ElevationMap.Height8"], ["ref", "ElevationMap.Color8"], ["ref", "ElevationMap.Height9"], ["ref", "ElevationMap.Color9"], ["ref", "ElevationMap.Height10"], ["ref", "ElevationMap.Color10"], ["ref", "ElevationMap.Height11"], ["ref", "ElevationMap.Color11"], ["ref", "ElevationMap.Height12"], ["ref", "ElevationMap.Color12"], ["ref", "ElevationMap.Height13"], ["ref", "ElevationMap.Color13"], ["ref", "ElevationMap.Height14"], ["ref", "ElevationMap.Color14"], ["ref", "ElevationMap.Height15"], ["ref", "ElevationMap.Color15"], ["ref", "ElevationMap.Height16"], ["ref", "ElevationMap.Color16"], ["ref", "ElevationMap.Height17"], ["ref", "ElevationMap.Color17"], ["ref", "ElevationMap.Height18"], ["ref", "ElevationMap.Color18"], ["ref", "ElevationMap.Height19"], ["ref", "ElevationMap.Color19"]], ["gradient", ["ref", "ElevationMap.Height0"], ["mix", ["ref", "Land.Color"], ["desaturate", ["ref", "ElevationMap.Color0"], 0.9999999776], ["*", 0.0099999997, ["alpha", ["ref", "ElevationMap.Color0"]]]], ["ref", "ElevationMap.Height1"], ["mix", ["ref", "Land.Color"], ["desaturate", ["ref", "ElevationMap.Color1"], 0.9999999776], ["*", 0.0099999997, ["alpha", ["ref", "ElevationMap.Color1"]]]], ["ref", "ElevationMap.Height2"], ["mix", ["ref", "Land.Color"], ["desaturate", ["ref", "ElevationMap.Color2"], 0.9999999776], ["*", 0.0099999997, ["alpha", ["ref", "ElevationMap.Color2"]]]], ["ref", "ElevationMap.Height3"], ["mix", ["ref", "Land.Color"], ["desaturate", ["ref", "ElevationMap.Color3"], 0.9999999776], ["*", 0.0099999997, ["alpha", ["ref", "ElevationMap.Color3"]]]], ["ref", "ElevationMap.Height4"], ["mix", ["ref", "Land.Color"], ["desaturate", ["ref", "ElevationMap.Color4"], 0.9999999776], ["*", 0.0099999997, ["alpha", ["ref", "ElevationMap.Color4"]]]], ["ref", "ElevationMap.Height5"], ["mix", ["ref", "Land.Color"], ["desaturate", ["ref", "ElevationMap.Color5"], 0.9999999776], ["*", 0.0099999997, ["alpha", ["ref", "ElevationMap.Color5"]]]], ["ref", "ElevationMap.Height6"], ["mix", ["ref", "Land.Color"], ["desaturate", ["ref", "ElevationMap.Color6"], 0.9999999776], ["*", 0.0099999997, ["alpha", ["ref", "ElevationMap.Color6"]]]], ["ref", "ElevationMap.Height7"], ["mix", ["ref", "Land.Color"], ["desaturate", ["ref", "ElevationMap.Color7"], 0.9999999776], ["*", 0.0099999997, ["alpha", ["ref", "ElevationMap.Color7"]]]], ["ref", "ElevationMap.Height8"], ["mix", ["ref", "Land.Color"], ["desaturate", ["ref", "ElevationMap.Color8"], 0.9999999776], ["*", 0.0099999997, ["alpha", ["ref", "ElevationMap.Color8"]]]], ["ref", "ElevationMap.Height9"], ["mix", ["ref", "Land.Color"], ["desaturate", ["ref", "ElevationMap.Color9"], 0.9999999776], ["*", 0.0099999997, ["alpha", ["ref", "ElevationMap.Color9"]]]], ["ref", "ElevationMap.Height10"], ["mix", ["ref", "Land.Color"], ["desaturate", ["ref", "ElevationMap.Color10"], 0.9999999776], ["*", 0.0099999997, ["alpha", ["ref", "ElevationMap.Color10"]]]], ["ref", "ElevationMap.Height11"], ["mix", ["ref", "Land.Color"], ["desaturate", ["ref", "ElevationMap.Color11"], 0.9999999776], ["*", 0.0099999997, ["alpha", ["ref", "ElevationMap.Color11"]]]], ["ref", "ElevationMap.Height12"], ["mix", ["ref", "Land.Color"], ["desaturate", ["ref", "ElevationMap.Color12"], 0.9999999776], ["*", 0.0099999997, ["alpha", ["ref", "ElevationMap.Color12"]]]], ["ref", "ElevationMap.Height13"], ["mix", ["ref", "Land.Color"], ["desaturate", ["ref", "ElevationMap.Color13"], 0.9999999776], ["*", 0.0099999997, ["alpha", ["ref", "ElevationMap.Color13"]]]], ["ref", "ElevationMap.Height14"], ["mix", ["ref", "Land.Color"], ["desaturate", ["ref", "ElevationMap.Color14"], 0.9999999776], ["*", 0.0099999997, ["alpha", ["ref", "ElevationMap.Color14"]]]], ["ref", "ElevationMap.Height15"], ["mix", ["ref", "Land.Color"], ["desaturate", ["ref", "ElevationMap.Color15"], 0.9999999776], ["*", 0.0099999997, ["alpha", ["ref", "ElevationMap.Color15"]]]], ["ref", "ElevationMap.Height16"], ["mix", ["ref", "Land.Color"], ["desaturate", ["ref", "ElevationMap.Color16"], 0.9999999776], ["*", 0.0099999997, ["alpha", ["ref", "ElevationMap.Color16"]]]], ["ref", "ElevationMap.Height17"], ["mix", ["ref", "Land.Color"], ["desaturate", ["ref", "ElevationMap.Color17"], 0.9999999776], ["*", 0.0099999997, ["alpha", ["ref", "ElevationMap.Color17"]]]], ["ref", "ElevationMap.Height18"], ["mix", ["ref", "Land.Color"], ["desaturate", ["ref", "ElevationMap.Color18"], 0.9999999776], ["*", 0.0099999997, ["alpha", ["ref", "ElevationMap.Color18"]]]], ["ref", "ElevationMap.Height19"], ["mix", ["ref", "Land.Color"], ["desaturate", ["ref", "ElevationMap.Color19"], 0.9999999776], ["*", 0.0099999997, ["alpha", ["ref", "ElevationMap.Color19"]]]]]], "ElevationMap.ColorInterpolation.Enabled": false}}