{"definitions": {"Terrain.3d.Shading.Scale.Note": "If the definition 'Terrain.3d.Shading.Scale' is changed, please adjust accordingly the one in", "Terrain.3d.Shading.Scale.Note.Continued": "https://main.gitlab.in.here.com/here-sdk/harp/sdk/-/blob/master/geoviz/engine/vectormap/src/MapLayerBuilder.cpp", "Terrain.3d.Shading.Scale": ["interpolate", ["linear"], ["zoom"], 2, 20, 3, 15, 4, 11, 5, 10, 6, 6, 7, 3.25, 8, 2.5, 9, 1, 20, 1], "SoftDepth.Threshold.Note": "If the definition 'SoftDepth.Threshold' is changed, please adjust accordingly the one in", "SoftDepth.Threshold.Note.Continued": "https://main.gitlab.in.here.com/here-sdk/harp/sdk/-/blob/master/api/src/layer/MapLayerBuilderImpl.cpp", "SoftDepth.Threshold": ["interpolate", ["linear"], ["zoom"], 2, 300000, 7, 60000, 10, 7500, 12, 2000, 14, 2000, 16, 200, 18, 100]}}