{"styles": [{"id": "terrain", "layer": "terrain", "technique": "terrain", "attr": {"scale-for-shading": ["ref", "Terrain.Shading.Scale"], "scale-for-elevating": ["ref", "Terrain.3d.Shading.Scale"], "base-color": ["ref", "Land.Color"]}}, {"id": "terrain_hillshading", "layer": "terrain", "technique": "terrain", "attr": {"category": "hillshade", "scale-for-shading": ["ref", "Terrain.Shading.Scale"], "shadow-color": ["ref", "Terrain.Shading.Shadow.Color"], "terrain-opacity": ["*", ["ref", "Terrain.Shading.Opacity"], ["ref", "Terrain.Shading.Factor"]], "highlight-color": ["fade-out", ["ref", "Terrain.Shading.Highlight.Color"], 0.07], "highlight-threshold-factor": 1.05, "ambient": ["ref", "Terrain.Ambient.Factor"], "diffuse": ["ref", "Terrain.Diffuse.Factor"], "ambient-color": ["ref", "Terrain.Ambient.Color"], "light1-direction": ["make-vector", ["ref", "Terrain.Light1.Azimuth"], ["ref", "Terrain.Light1.Altitude"]], "light1-intensity": ["ref", "Terrain.Light1.Intensity"], "light1-color": ["ref", "Terrain.Light1.Color"], "light2-direction": ["make-vector", ["ref", "Terrain.Light2.Azimuth"], ["ref", "Terrain.Light2.Altitude"]], "light2-intensity": ["ref", "Terrain.Light2.Intensity"], "light2-color": ["ref", "Terrain.Light2.Color"], "light3-direction": ["make-vector", ["ref", "Terrain.Light3.Azimuth"], ["ref", "Terrain.Light3.Altitude"]], "light3-intensity": ["ref", "Terrain.Light3.Intensity"], "light3-color": ["ref", "Terrain.Light3.Color"]}}, {"id": "terrain_hillshading_3d", "extends": "terrain_hillshading", "layer": "terrain", "technique": "terrain", "attr": {"category": "hillshade-3d", "scale-for-shading": ["ref", "Terrain.Shading.Scale"], "scale-for-elevating": ["ref", "Terrain.3d.Shading.Scale"], "softdepth": ["ref", "SoftDepth.Threshold"]}}]}