{"definitions": {"Is.TruckFeature.Restriction.Displayed": ["all", ["case", ["ref", "Show.TruckFeature.Restriction.ActiveOnly"], ["ref", "Is.Restriction.Time.Active"], true], ["case", ["ref", "Show.TruckFeature.Restriction.PermanentOnly"], ["!", ["ref", "Is.Restriction.Time"]], true]], "Truck.Icon.WithoutText": ["any", ["==", ["ref", "Truck.Icon.Key.IconId"], "Restriction.General"], ["==", ["ref", "Truck.Icon.Key.IconId"], "Restriction.HazMat.Any"], ["==", ["ref", "Truck.Icon.Key.IconId"], "Restriction.HazMat.Corrosive"], ["==", ["ref", "Truck.Icon.Key.IconId"], "Restriction.HazMat.ExplosiveFlammable"], ["==", ["ref", "Truck.Icon.Key.IconId"], "Restriction.HazMat.Explosive"], ["==", ["ref", "Truck.Icon.Key.IconId"], "Restriction.HazMat.Flammable"], ["==", ["ref", "Truck.Icon.Key.IconId"], "Restriction.HazMat.FlammableSolidCombustible"], ["==", ["ref", "Truck.Icon.Key.IconId"], "Restriction.HazMat.Gas"], ["==", ["ref", "Truck.Icon.Key.IconId"], "Restriction.HazMat.HarmfulForWater"], ["==", ["ref", "Truck.Icon.Key.IconId"], "Restriction.HazMat.Organic"], ["==", ["ref", "Truck.Icon.Key.IconId"], "Restriction.HazMat.Other"], ["==", ["ref", "Truck.Icon.Key.IconId"], "Restriction.HazMat.Permit"], ["==", ["ref", "Truck.Icon.Key.IconId"], "Restriction.HazMat.Poison"], ["==", ["ref", "Truck.Icon.Key.IconId"], "Restriction.HazMat.PoisonInhalationHazard"], ["==", ["ref", "Truck.Icon.Key.IconId"], "Restriction.HazMat.Radioactive"], ["==", ["ref", "Truck.Icon.Key.IconId"], "Restriction.HazMat.TunnelCategoryMixed"], ["==", ["ref", "Truck.Icon.Key.IconId"], "Restriction.HazMat.TunnelCategoryB"], ["==", ["ref", "Truck.Icon.Key.IconId"], "Restriction.HazMat.TunnelCategoryC"], ["==", ["ref", "Truck.Icon.Key.IconId"], "Restriction.HazMat.TunnelCategoryD"], ["==", ["ref", "Truck.Icon.Key.IconId"], "Restriction.HazMat.TunnelCategoryE"], ["==", ["ref", "Truck.Icon.Key.IconId"], "Restriction.HazMat.Unspecified"], ["==", ["ref", "Truck.Icon.Key.IconId"], "Restriction.Trailer"], ["==", ["ref", "Truck.Icon.Key.IconId"], "Restriction.AxleGroup.SingleAxle"], ["==", ["ref", "Truck.Icon.Key.IconId"], "Restriction.AxleGroup.TandemAxle"], ["==", ["ref", "Truck.Icon.Key.IconId"], "Restriction.AxleGroup.TripleAxle"], ["==", ["ref", "Truck.Icon.Key.IconId"], "Restriction.AxleGroup.QuadAxle"], ["==", ["ref", "Truck.Icon.Key.IconId"], "Restriction.AxleGroup.QuintAxle"], ["all", ["==", ["ref", "Truck.Icon.Key.IconId"], "Restriction.KpraLength"], ["none", ["ref", "Is.IsoCountryCode.US"], ["ref", "Is.IsoCountryCode.CA"]]]], "Truck.Icon.Shadow.Enabled": false, "Truck.MinZoomLevel": ["case", ["ref", "Is.Street.Category0"], 8, ["ref", "Is.Street.Category1"], 9, ["ref", "Is.Street.Category2"], 11, ["ref", "Is.Street.Category3"], 13, ["ref", "Is.Street.Category4"], 15, 16], "Truck.Label.MagnificationFactor": ["case", ["all", ["==", ["ref", "Truck.Icon.Text.Length"], 2], ["ref", "Is.Restriction.Weight"]], 1.3, ["==", ["ref", "Truck.Icon.Text.Length"], 2], 1.2, ["all", ["==", ["ref", "Truck.Icon.Text.Length"], 3], ["any", ["ref", "Is.Restriction.Wpan.TwoAxles"], ["ref", "Is.Restriction.Wpan.ThreeAxles"], ["ref", "Is.Restriction.Wpan.FourAxles"], ["ref", "Is.Restriction.Wpan.FiveAxles"], ["ref", "Is.Restriction.Wpan.SixAxles"], ["ref", "Is.Restriction.Wpan.SevenAxles"]], ["ref", "Is.IsoCountryCode.US"]], 1.05, ["all", ["==", ["ref", "Truck.Icon.Text.Length"], 3], ["any", ["ref", "Is.Restriction.Wpag.SingleAxle"], ["ref", "Is.Restriction.Wpag.TandemAxle"], ["ref", "Is.Restriction.Wpag.TripleAxle"], ["ref", "Is.Restriction.Wpag.QuadAxle"], ["ref", "Is.Restriction.Wpag.QuintAxle"]], ["ref", "Is.IsoCountryCode.US"]], 1.05, ["all", ["==", ["ref", "Truck.Icon.Text.Length"], 3], ["any", ["ref", "Is.Restriction.Height"], ["ref", "Is.Restriction.Length"]], ["ref", "Is.IsoCountryCode.US"]], 1.2, ["all", ["==", ["ref", "Truck.Icon.Text.Length"], 3], ["any", ["ref", "Is.Restriction.Weight"], ["ref", "Is.Restriction.KpraLength"]], ["ref", "Is.IsoCountryCode.US"]], 1.1, ["all", ["==", ["ref", "Truck.Icon.Text.Length"], 3], ["ref", "Is.Restriction.Length"]], 1, ["all", ["==", ["ref", "Truck.Icon.Text.Length"], 3], ["ref", "Is.Restriction.Wpa"]], 1.1, ["all", ["==", ["ref", "Truck.Icon.Text.Length"], 3], ["ref", "Is.Restriction.Weight"]], 1.2, ["==", ["ref", "Truck.Icon.Text.Length"], 3], 1.25, ["all", ["==", ["ref", "Truck.Icon.Text.Length"], 4], ["ref", "Is.Restriction.Weight"], ["ref", "Is.IsoCountryCode.US"]], 1, ["all", ["==", ["ref", "Truck.Icon.Text.Length"], 4], ["any", ["ref", "Is.Restriction.Height"], ["ref", "Is.Restriction.Width"]], ["ref", "Is.IsoCountryCode.US"]], 1.1, ["all", ["==", ["ref", "Truck.Icon.Text.Length"], 4], ["ref", "Is.Restriction.Width"], ["ref", "Is.IsoCountryCode.GB"]], 1, ["all", ["==", ["ref", "Truck.Icon.Text.Length"], 4], ["any", ["ref", "Is.Restriction.Wpa"], ["ref", "Is.Restriction.Height"]]], 1, ["all", ["==", ["ref", "Truck.Icon.Text.Length"], 4], ["ref", "Is.Restriction.Weight"]], 1.1, ["all", ["==", ["ref", "Truck.Icon.Text.Length"], 4], ["ref", "Is.Restriction.Length"]], 0.9, ["==", ["ref", "Truck.Icon.Text.Length"], 4], 0.8, ["all", ["==", ["ref", "Truck.Icon.Text.Length"], 5], ["any", ["ref", "Is.Restriction.Height"], ["ref", "Is.Restriction.Width"]], ["ref", "Is.IsoCountryCode.US"]], 1, ["all", ["==", ["ref", "Truck.Icon.Text.Length"], 5], ["ref", "Is.Restriction.Height"]], 1, ["all", ["==", ["ref", "Truck.Icon.Text.Length"], 5], ["ref", "Is.Restriction.Length"]], 0.85, ["all", ["==", ["ref", "Truck.Icon.Text.Length"], 5], ["ref", "Is.Restriction.Width"]], 0.75, ["==", ["ref", "Truck.Icon.Text.Length"], 5], 0.9, ["all", ["==", ["ref", "Truck.Icon.Text.Length"], 6], ["any", ["ref", "Is.Restriction.Length"], ["ref", "Is.Restriction.Width"]], ["ref", "Is.IsoCountryCode.US"]], 0.8, ["all", ["==", ["ref", "Truck.Icon.Text.Length"], 6], ["ref", "Is.Restriction.Height"], ["ref", "Is.IsoCountryCode.US"]], 0.85, ["all", ["==", ["ref", "Truck.Icon.Text.Length"], 6], ["ref", "Is.Restriction.KpraLength"], ["ref", "Is.IsoCountryCode.US"]], 0.8, ["all", ["==", ["ref", "Truck.Icon.Text.Length"], 6], ["ref", "Is.Restriction.Length"]], 0.9, ["all", ["==", ["ref", "Truck.Icon.Text.Length"], 6], ["ref", "Is.Restriction.Height"]], 0.8, ["==", ["ref", "Truck.Icon.Text.Length"], 6], 1, ["all", ["==", ["ref", "Truck.Icon.Text.Length"], 7], ["ref", "Is.Restriction.Width"], ["ref", "Is.IsoCountryCode.US"]], 0.75, ["all", ["==", ["ref", "Truck.Icon.Text.Length"], 7], ["ref", "Is.Restriction.Length"], ["ref", "Is.IsoCountryCode.US"]], 0.7, ["all", ["==", ["ref", "Truck.Icon.Text.Length"], 7], ["ref", "Is.Restriction.Height"], ["ref", "Is.IsoCountryCode.US"]], 0.85, ["==", ["ref", "Truck.Icon.Text.Length"], 7], 0.8, 1], "Truck.Color.Inactive": "#cc99a0", "Truck.Label.Color.Inactive": "#8f8f8f", "Show.TruckFeature.Restriction.Inactive": false, "Show.TruckFeature.Restriction.ActiveOnly": false, "Show.TruckFeature.Restriction.PermanentOnly": false, "Is.Inactive": ["case", ["ref", "Is.Restriction.Time.Inactive"], "inactive", null], "Truck.Icon.Brightness.Inactive": 1, "Truck.Category1.Outline.Width": ["ref", "Truck.Category0.Outline.Width"], "Truck.Category2.Outline.Width": ["ref", "Truck.Category0.Outline.Width"], "Truck.Category3.Outline.Width": ["ref", "Truck.Category0.Outline.Width"], "Truck.Category4.Outline.Width": ["ref", "Truck.Category0.Outline.Width"], "Truck.Pedestrian.Outline.Width": ["ref", "Truck.Category0.Outline.Width"], "Truck.Category0.Outline.Width": 0, "Truck.Outline.Color": "#cc99a000", "Truck.Outline.Color.Inactive": "#b300b300", "Truck.SecondLine.Color.Inactive": "#ffffb200", "Truck.SecondLine.Color": "#ffff4200", "Truck.Gap.Length": 0, "Truck.Dash.Length": 0, "Truck.Cap": "round", "Truck.Outline.Cap": "round", "Street.TruckPreferred.MinZoomLevel": ["case", ["ref", "Is.Street.Category0"], 8, ["ref", "Is.Street.Category1"], 9, ["ref", "Is.Street.Category2"], 11, ["ref", "Is.Street.Category3"], 13, ["ref", "Is.Street.Category4"], 15, 16], "Street.TruckPreferred.Category0.Width": ["interpolate", ["linear"], ["zoom"], 8, 7.25, 9, 7.5, 10, 7.75, 11, 8, 12, 10, 13, 12.5, 14, 13, 15, 15, 16, 20, 17, 25, 18, 25, 19, 28, 20, 30, 24, 100], "Street.TruckPreferred.Category1.Width": ["interpolate", ["linear"], ["zoom"], 9, 7.25, 10, 7.5, 11, 7.75, 12, 9, 13, 11, 14, 12, 15, 13, 16, 15, 17, 18, 18, 22, 19, 25, 20, 28, 24, 95], "Street.TruckPreferred.Category2.Width": ["interpolate", ["linear"], ["zoom"], 11, 3.5, 12, 6, 13, 6.5, 14, 10, 15, 11, 16, 14, 17, 16, 18, 18, 19, 22, 20, 25, 24, 85], "Street.TruckPreferred.Category3.Width": ["interpolate", ["linear"], ["zoom"], 13, 5, 14, 8, 15, 10, 16, 12, 17, 14, 18, 16, 19, 20, 20, 22, 24, 80], "Street.TruckPreferred.Category4.Width": ["interpolate", ["linear"], ["zoom"], 15, 5, 16, 7, 17, 9, 18, 11, 19, 15, 20, 20, 24, 75], "Street.TruckPreferred.Category0.Ramp.Width": ["ref", "Street.TruckPreferred.Category0.Width"], "Street.TruckPreferred.Category1.Ramp.Width": ["ref", "Street.TruckPreferred.Category1.Width"], "Street.TruckPreferred.Category2.Ramp.Width": ["ref", "Street.TruckPreferred.Category2.Width"], "Street.TruckPreferred.Category3.Ramp.Width": ["ref", "Street.TruckPreferred.Category3.Width"], "Street.TruckPreferred.Category4.Ramp.Width": ["ref", "Street.TruckPreferred.Category4.Width"], "Street.TruckPreferred.Category0.Color": ["interpolate", ["linear"], ["zoom"], 8, "#eb3aebcc", 10, "#eb3aeb99", 12, "#eb3aeb80", 14, "#eb3aeb73", 16, "#eb3aeb66", 18, "#eb3aeb59", 20, "#eb3aeb4d"], "Street.TruckPreferred.Category1.Color": ["ref", "Street.TruckPreferred.Category0.Color"], "Street.TruckPreferred.Category2.Color": ["ref", "Street.TruckPreferred.Category0.Color"], "Street.TruckPreferred.Category3.Color": ["ref", "Street.TruckPreferred.Category0.Color"], "Street.TruckPreferred.Category4.Color": ["ref", "Street.TruckPreferred.Category0.Color"]}}