{"definitions": {"Water.Label.Display.Enabled": true, "Water.Polygon.Ambient.Factor": 0.69, "Water.Polygon.Diffuse.Factor": 1, "Water.PolygonLighting.Enabled": false, "Ocean.Label.Outline.Width": 0, "Ocean.Label.Outline.Color": "#ff0000", "Sea.Label.Outline.Width": 0, "Sea.Label.Outline.Color": "#ff0000", "Fjord.Label.Size": ["ref", "Sea.Label.Size"], "Fjord.Label.Outline.Width": ["ref", "Sea.Label.Outline.Width"], "Fjord.Label.Color": ["ref", "Sea.Label.Color"], "Fjord.Label.Outline.Color": ["ref", "Sea.Label.Outline.Color"], "Strait.Label.Size": ["ref", "Sea.Label.Size"], "Strait.Label.Outline.Width": ["ref", "Sea.Label.Outline.Width"], "Strait.Label.Color": ["ref", "Sea.Label.Color"], "Strait.Label.Outline.Color": ["ref", "Sea.Label.Outline.Color"], "River.Label.Tracking": 0, "CanalWaterChannel.Label.Tracking": ["ref", "River.Label.Tracking"], "IntermittentRiver.Label.Tracking": ["ref", "River.Label.Tracking"], "Lake.Label.Tracking": ["ref", "River.Label.Tracking"], "Ocean.Label.Tracking": ["ref", "River.Label.Tracking"], "BayHarbor.Label.Tracking": ["ref", "River.Label.Tracking"], "Sea.Label.Tracking": ["ref", "River.Label.Tracking"], "Fjord.Label.Tracking": ["ref", "Sea.Label.Tracking"], "Strait.Label.Tracking": ["ref", "Sea.Label.Tracking"], "Fjord.Label.Leading": ["ref", "Sea.Label.Leading"], "Strait.Label.Leading": ["ref", "Sea.Label.Leading"], "IntermittentRiver.Class1.Label.Tracking": ["ref", "River.Class1.Label.Tracking"], "IntermittentRiver.Class2.Label.Tracking": ["ref", "River.Class2.Label.Tracking"], "IntermittentRiver.Class3.Label.Tracking": ["ref", "River.Class3.Label.Tracking"], "IntermittentRiver.Class4.Label.Tracking": ["ref", "River.Class4.Label.Tracking"], "IntermittentRiver.Class5.Label.Tracking": ["ref", "River.Class5.Label.Tracking"], "IntermittentRiver.Class6.Label.Tracking": ["ref", "River.Class6.Label.Tracking"], "IntermittentRiver.Class7.Label.Tracking": ["ref", "River.Class7.Label.Tracking"], "IntermittentRiver.Class8.Label.Tracking": ["ref", "River.Class8.Label.Tracking"], "River.Class1.Label.Tracking": ["interpolate", ["linear"], ["zoom"], 10, 0, 12, 1, 13, 2, 15, 2, 17, 3], "River.Class2.Label.Tracking": ["interpolate", ["linear"], ["zoom"], 10, 0, 12, 1, 13, 1.5, 16, 2, 18, 3], "River.Class3.Label.Tracking": ["interpolate", ["linear"], ["zoom"], 10, 0, 12, 1, 13, 1, 17, 1.5, 19, 3], "River.Class4.Label.Tracking": ["interpolate", ["linear"], ["zoom"], 12, 0, 13, 1, 18, 1.5, 20, 3], "River.Class5.Label.Tracking": ["interpolate", ["linear"], ["zoom"], 13, 0, 14, 0.5, 19, 1.5, 20, 3], "River.Class6.Label.Tracking": ["interpolate", ["linear"], ["zoom"], 14, 0, 15, 0.5, 17, 1, 20, 3], "River.Class7.Label.Tracking": ["interpolate", ["linear"], ["zoom"], 16, 0, 17, 0.5, 19, 0.5, 22, 3], "River.Class8.Label.Tracking": ["interpolate", ["linear"], ["zoom"], 16, 0, 17, 0.5, 19, 0.5, 22, 3], "CanalWaterChannel.Class1.Label.Tracking": ["interpolate", ["linear"], ["zoom"], 12, 0, 13, 1, 15, 2, 17, 3], "CanalWaterChannel.Class2.Label.Tracking": ["interpolate", ["linear"], ["zoom"], 12, 0, 13, 1, 14, 1.5, 16, 2, 18, 3], "CanalWaterChannel.Class3.Label.Tracking": ["interpolate", ["linear"], ["zoom"], 12, 0, 13, 1, 17, 1.5, 19, 3], "CanalWaterChannel.Class4.Label.Tracking": ["interpolate", ["linear"], ["zoom"], 13, 0, 14, 1, 18, 1.5, 20, 3], "CanalWaterChannel.Class5.Label.Tracking": ["interpolate", ["linear"], ["zoom"], 14, 0, 15, 1, 19, 1, 20, 3], "CanalWaterChannel.Class6.Label.Tracking": ["interpolate", ["linear"], ["zoom"], 14, 0, 15, 0.5, 17, 0.5, 20, 3], "CanalWaterChannel.Class7.Label.Tracking": ["interpolate", ["linear"], ["zoom"], 15, 0, 16, 0.5, 17, 0.5, 22, 3], "CanalWaterChannel.Class8.Label.Tracking": ["interpolate", ["linear"], ["zoom"], 16, 0, 17, 0.5, 18, 0.5, 22, 3], "Fjord.Label.Style": ["ref", "Sea.Label.Style"], "Strait.Label.Style": ["ref", "Sea.Label.Style"], "CanalWaterChannel.Class1.Label.Outline.Width": ["ref", "CanalWaterChannel.Label.Outline.Width"], "CanalWaterChannel.Class2.Label.Outline.Width": ["ref", "CanalWaterChannel.Label.Outline.Width"], "CanalWaterChannel.Class3.Label.Outline.Width": ["ref", "CanalWaterChannel.Label.Outline.Width"], "CanalWaterChannel.Class4.Label.Outline.Width": ["ref", "CanalWaterChannel.Label.Outline.Width"], "CanalWaterChannel.Class5.Label.Outline.Width": ["ref", "CanalWaterChannel.Label.Outline.Width"], "CanalWaterChannel.Class6.Label.Outline.Width": ["ref", "CanalWaterChannel.Label.Outline.Width"], "CanalWaterChannel.Class7.Label.Outline.Width": ["ref", "CanalWaterChannel.Label.Outline.Width"], "CanalWaterChannel.Class8.Label.Outline.Width": ["ref", "CanalWaterChannel.Label.Outline.Width"], "River.Class1.Label.Outline.Width": ["ref", "River.Label.Outline.Width"], "River.Class2.Label.Outline.Width": ["ref", "River.Label.Outline.Width"], "River.Class3.Label.Outline.Width": ["ref", "River.Label.Outline.Width"], "River.Class4.Label.Outline.Width": ["ref", "River.Label.Outline.Width"], "River.Class5.Label.Outline.Width": ["ref", "River.Label.Outline.Width"], "River.Class6.Label.Outline.Width": ["ref", "River.Label.Outline.Width"], "River.Class7.Label.Outline.Width": ["ref", "River.Label.Outline.Width"], "River.Class8.Label.Outline.Width": ["ref", "River.Label.Outline.Width"], "Lake.Class1.Label.Outline.Width": ["ref", "Lake.Label.Outline.Width"], "Lake.Class2.Label.Outline.Width": ["ref", "Lake.Label.Outline.Width"], "Lake.Class3.Label.Outline.Width": ["ref", "Lake.Label.Outline.Width"], "Lake.Class4.Label.Outline.Width": ["ref", "Lake.Label.Outline.Width"], "Lake.Class5.Label.Outline.Width": ["ref", "Lake.Label.Outline.Width"], "Lake.Class6.Label.Outline.Width": ["ref", "Lake.Label.Outline.Width"], "Lake.Class7.Label.Outline.Width": ["ref", "Lake.Label.Outline.Width"], "Lake.Class8.Label.Outline.Width": ["ref", "Lake.Label.Outline.Width"], "BayHarbor.Class1.Label.Outline.Width": ["ref", "BayHarbor.Label.Outline.Width"], "BayHarbor.Class2.Label.Outline.Width": ["ref", "BayHarbor.Label.Outline.Width"], "BayHarbor.Class3.Label.Outline.Width": ["ref", "BayHarbor.Label.Outline.Width"], "BayHarbor.Class4.Label.Outline.Width": ["ref", "BayHarbor.Label.Outline.Width"], "BayHarbor.Class5.Label.Outline.Width": ["ref", "BayHarbor.Label.Outline.Width"], "BayHarbor.Class6.Label.Outline.Width": ["ref", "BayHarbor.Label.Outline.Width"], "BayHarbor.Class7.Label.Outline.Width": ["ref", "BayHarbor.Label.Outline.Width"], "BayHarbor.Class8.Label.Outline.Width": ["ref", "BayHarbor.Label.Outline.Width"], "Water.Label.Font": ["ref", "Default.Font"], "Water.4000m.Color": ["ref", "Water.0m.Color"], "Water.5000m.Color": ["ref", "Water.0m.Color"], "Water.6000m.Color": ["ref", "Water.0m.Color"], "Water.Outline.Color": "#86d4fe", "Water.SecondOutline.Color": "#86d4fe80", "Water.Outline.Width": ["interpolate", ["linear"], ["zoom"], 14, 0, 14, 0.2, 16, 0.6, 24, 1.5], "Water.SecondOutline.Width": ["interpolate", ["linear"], ["zoom"], 14, 0, 14, 0.4, 16, 1.2, 24, 3], "Water.Outline.Offset": ["interpolate", ["linear"], ["zoom"], 14, 0, 16, 0.4, 24, 0.9], "Water.SecondOutline.Offset": ["interpolate", ["linear"], ["zoom"], 14, 0, 16, 0.8, 24, 1], "IntermittentRiver.Gap.Color": "#00000000", "IntermittentRiver.Dash1.Length": ["step", ["zoom"], 3.7, 8, 6.2, 12, 6.2, 13, 8.65, 15, 13.65, 16, 16.1, 17, 33.45, 18, 37.15, 19, 61.95, 20, 111.5], "IntermittentRiver.Gap.Length": ["step", ["zoom"], 1.25, 8, 2.45, 10, 2.45, 12, 2.45, 13, 2.45, 15, 6.2, 16, 6.2, 17, 18.6, 18, 24.8, 19, 49.55, 20, 123.9], "IntermittentRiver.Dash2.Length": ["step", ["zoom"], 3.7, 8, 6.2, 12, 2.45, 14, 2.45, 15, 2.45, 16, 3.7, 17, 6.2, 18, 8.65, 19, 17.35, 20, 24.8], "CanalWaterChannel.Label.Variant": ["ref", "Label.Variant.Regular"], "River.Label.Variant": ["ref", "Label.Variant.Regular"], "IntermittentRiver.Label.Variant": ["ref", "Label.Variant.Regular"], "BayHarbor.Label.Variant": ["ref", "Label.Variant.Regular"], "Lake.Label.Variant": ["ref", "Label.Variant.Regular"], "Ocean.Label.Variant": ["ref", "Label.Variant.Regular"], "Sea.Label.Variant": ["ref", "Label.Variant.Regular"], "Fjord.Label.Variant": ["ref", "Label.Variant.Regular"], "Strait.Label.Variant": ["ref", "Label.Variant.Regular"]}}