{"styles": [{"id": "water_polygons", "layer": "tilezen_polygons", "when": ["ref", "Is.Water.Layer"], "technique": "polygon", "description": "Water", "attr": {"category": ["case", ["ref", "Is.Bathymetry.4000m"], "water-4000", ["ref", "Is.Bathymetry.5000m"], "water-5000", ["ref", "Is.Bathymetry.6000m"], "water-6000", "water"], "lighting-enabled": ["ref", "Water.PolygonLighting.Enabled"], "flatshading": true, "opacity": ["ref", "Global.Polygon.Opacity"], "ambient": ["ref", "Water.Polygon.Ambient.Factor"], "diffuse": ["ref", "Water.Polygon.Diffuse.Factor"], "softdepth": ["ref", "SoftDepth.Threshold"], "color": ["case", ["ref", "Is.Bathymetry.4000m"], ["ref", "Water.4000m.Color"], ["ref", "Is.Bathymetry.5000m"], ["ref", "Water.5000m.Color"], ["ref", "Is.Bathymetry.6000m"], ["ref", "Water.6000m.Color"], ["ref", "Water.0m.Color"]]}}, {"id": "water_polygons_outlines", "layer": "tilezen_polygons_outlines", "when": ["all", ["ref", "Is.Water.Layer"], ["!has", "$disable-outline"], [">=", ["get", "$storage-level"], 12]], "technique": "line", "description": "Water Polygons Outline", "attr": {"category": "water-polygon-outline", "minZoomLevel": 14, "width": ["world-scale", ["ref", "Water.Outline.Width"]], "softdepth": ["ref", "SoftDepth.Threshold"], "color": ["ref", "Water.Outline.Color"], "offset": ["world-scale", ["-", ["ref", "Water.Outline.Offset"]]]}}, {"id": "water_polygons_second_outlines", "layer": "tilezen_polygons_outlines", "when": ["all", ["ref", "Is.Water.Layer"], ["!has", "$disable-outline"], [">=", ["get", "$storage-level"], 12]], "technique": "line", "description": "Water Polygons Second Outlines", "attr": {"category": "water-polygon-second-outline", "minZoomLevel": 14, "color": ["ref", "Water.SecondOutline.Color"], "width": ["world-scale", ["ref", "Water.SecondOutline.Width"]], "offset": ["world-scale", ["-", ["+", ["ref", "Water.SecondOutline.Offset"], ["ref", "Water.Outline.Width"]]]], "softdepth": ["ref", "SoftDepth.Threshold"]}}, {"id": "water_lines", "layer": "tilezen_lines", "when": ["all", ["ref", "Is.Water.Layer"], ["ref", "Is.Not.Water.Label.Line"]], "technique": "line", "description": "Water Line", "attr": {"category": "water-line", "color": ["case", ["ref", "Is.IntermittentRiver"], ["ref", "IntermittentRiver.Gap.Color"], ["ref", "Is.River"], ["ref", "River.Color"], ["ref", "Is.CanalWaterChannel"], ["ref", "CanalWaterChannel.Color"], ["ref", "River.Color"]], "width": ["case", ["ref", "Is.River.Class1"], ["world-scale", ["ref", "River.Class1.Width"]], ["ref", "Is.River.Class2"], ["world-scale", ["ref", "River.Class2.Width"]], ["ref", "Is.River.Class3"], ["world-scale", ["ref", "River.Class3.Width"]], ["ref", "Is.River.Class4"], ["world-scale", ["ref", "River.Class4.Width"]], ["ref", "Is.River.Class5"], ["world-scale", ["ref", "River.Class5.Width"]], ["ref", "Is.River.Class6"], ["world-scale", ["ref", "River.Class6.Width"]], ["ref", "Is.River.Class7"], ["world-scale", ["ref", "River.Class7.Width"]], ["ref", "Is.River.Class8"], ["world-scale", ["ref", "River.Class8.Width"]], ["ref", "Is.CanalWaterChannel.Class1"], ["world-scale", ["ref", "CanalWaterChannel.Class1.Width"]], ["ref", "Is.CanalWaterChannel.Class2"], ["world-scale", ["ref", "CanalWaterChannel.Class2.Width"]], ["ref", "Is.CanalWaterChannel.Class3"], ["world-scale", ["ref", "CanalWaterChannel.Class3.Width"]], ["ref", "Is.CanalWaterChannel.Class4"], ["world-scale", ["ref", "CanalWaterChannel.Class4.Width"]], ["ref", "Is.CanalWaterChannel.Class5"], ["world-scale", ["ref", "CanalWaterChannel.Class5.Width"]], ["ref", "Is.CanalWaterChannel.Class6"], ["world-scale", ["ref", "CanalWaterChannel.Class6.Width"]], ["ref", "Is.CanalWaterChannel.Class7"], ["world-scale", ["ref", "CanalWaterChannel.Class7.Width"]], ["ref", "Is.CanalWaterChannel.Class8"], ["world-scale", ["ref", "CanalWaterChannel.Class8.Width"]], ["ref", "Is.IntermittentRiver.Class1"], ["world-scale", ["ref", "IntermittentRiver.Class1.Width"]], ["ref", "Is.IntermittentRiver.Class2"], ["world-scale", ["ref", "IntermittentRiver.Class2.Width"]], ["ref", "Is.IntermittentRiver.Class3"], ["world-scale", ["ref", "IntermittentRiver.Class3.Width"]], ["ref", "Is.IntermittentRiver.Class4"], ["world-scale", ["ref", "IntermittentRiver.Class4.Width"]], ["ref", "Is.IntermittentRiver.Class5"], ["world-scale", ["ref", "IntermittentRiver.Class5.Width"]], ["ref", "Is.IntermittentRiver.Class6"], ["world-scale", ["ref", "IntermittentRiver.Class6.Width"]], ["ref", "Is.IntermittentRiver.Class7"], ["world-scale", ["ref", "IntermittentRiver.Class7.Width"]], ["ref", "Is.IntermittentRiver.Class8"], ["world-scale", ["ref", "IntermittentRiver.Class8.Width"]], ["ref", "Is.IntermittentRiver"], ["world-scale", ["ref", "IntermittentRiver.Width"]], ["world-scale", ["ref", "River.Width"]]], "dasharray": ["case", ["ref", "Is.IntermittentRiver"], ["make-vector", ["world-discrete-scale", ["ref", "IntermittentRiver.Dash1.Length"]], ["world-discrete-scale", ["ref", "IntermittentRiver.Gap.Length"]], ["world-discrete-scale", ["ref", "IntermittentRiver.Dash2.Length"]], ["world-discrete-scale", ["ref", "IntermittentRiver.Gap.Length"]]], null], "cap": ["case", ["ref", "Is.IntermittentRiver"], "butt", null], "dash-gap-color": ["case", ["ref", "Is.IntermittentRiver"], ["ref", "IntermittentRiver.Color"], null], "softdepth": ["ref", "SoftDepth.Threshold"]}}, {"id": "water_outlines", "layer": "tilezen_lines", "when": ["all", ["ref", "Is.Water.Layer"], ["!has", "$disable-outline"], ["!", ["ref", "Is.IntermittentRiver"]], [">=", ["get", "$storage-level"], 12], ["ref", "Is.Not.Water.Label.Line"]], "technique": "line", "description": "Water Outline", "attr": {"category": "water-outline", "minZoomLevel": 14, "width": ["case", ["ref", "Is.River.Class1"], ["world-scale", ["+", ["*", 2, ["ref", "Water.Outline.Width"]], ["ref", "River.Class1.Width"]]], ["ref", "Is.River.Class2"], ["world-scale", ["+", ["*", 2, ["ref", "Water.Outline.Width"]], ["ref", "River.Class2.Width"]]], ["ref", "Is.River.Class3"], ["world-scale", ["+", ["*", 2, ["ref", "Water.Outline.Width"]], ["ref", "River.Class3.Width"]]], ["ref", "Is.River.Class4"], ["world-scale", ["+", ["*", 2, ["ref", "Water.Outline.Width"]], ["ref", "River.Class4.Width"]]], ["ref", "Is.River.Class5"], ["world-scale", ["+", ["*", 2, ["ref", "Water.Outline.Width"]], ["ref", "River.Class5.Width"]]], ["ref", "Is.River.Class6"], ["world-scale", ["+", ["*", 2, ["ref", "Water.Outline.Width"]], ["ref", "River.Class6.Width"]]], ["ref", "Is.River.Class7"], ["world-scale", ["+", ["*", 2, ["ref", "Water.Outline.Width"]], ["ref", "River.Class7.Width"]]], ["ref", "Is.River.Class8"], ["world-scale", ["+", ["*", 2, ["ref", "Water.Outline.Width"]], ["ref", "River.Class8.Width"]]], ["ref", "Is.CanalWaterChannel.Class1"], ["world-scale", ["+", ["*", 2, ["ref", "Water.Outline.Width"]], ["ref", "CanalWaterChannel.Class1.Width"]]], ["ref", "Is.CanalWaterChannel.Class2"], ["world-scale", ["+", ["*", 2, ["ref", "Water.Outline.Width"]], ["ref", "CanalWaterChannel.Class2.Width"]]], ["ref", "Is.CanalWaterChannel.Class3"], ["world-scale", ["+", ["*", 2, ["ref", "Water.Outline.Width"]], ["ref", "CanalWaterChannel.Class3.Width"]]], ["ref", "Is.CanalWaterChannel.Class4"], ["world-scale", ["+", ["*", 2, ["ref", "Water.Outline.Width"]], ["ref", "CanalWaterChannel.Class4.Width"]]], ["ref", "Is.CanalWaterChannel.Class5"], ["world-scale", ["+", ["*", 2, ["ref", "Water.Outline.Width"]], ["ref", "CanalWaterChannel.Class5.Width"]]], ["ref", "Is.CanalWaterChannel.Class6"], ["world-scale", ["+", ["*", 2, ["ref", "Water.Outline.Width"]], ["ref", "CanalWaterChannel.Class6.Width"]]], ["ref", "Is.CanalWaterChannel.Class7"], ["world-scale", ["+", ["*", 2, ["ref", "Water.Outline.Width"]], ["ref", "CanalWaterChannel.Class7.Width"]]], ["ref", "Is.CanalWaterChannel.Class8"], ["world-scale", ["+", ["*", 2, ["ref", "Water.Outline.Width"]], ["ref", "CanalWaterChannel.Class8.Width"]]], ["world-scale", ["+", ["*", 2, ["ref", "Water.Outline.Width"]], ["ref", "River.Width"]]]], "softdepth": ["ref", "SoftDepth.Threshold"], "color": ["ref", "Water.Outline.Color"]}}, {"id": "water_line_labels", "layer": "tilezen_lines", "when": ["all", ["ref", "Is.Water.LineLabel"], ["ref", "Water.Label.Display.Enabled"]], "technique": "text", "description": "Water Line Labels", "attr": {"category": ["case", ["any", ["ref", "Is.CanalWaterChannel.Class1"], ["ref", "Is.River.Class1"], ["ref", "Is.IntermittentRiver.Class1"]], "water-class1-labels", ["any", ["ref", "Is.CanalWaterChannel.Class2"], ["ref", "Is.River.Class2"], ["ref", "Is.IntermittentRiver.Class2"]], "water-class2-labels", ["any", ["ref", "Is.CanalWaterChannel.Class3"], ["ref", "Is.River.Class3"], ["ref", "Is.IntermittentRiver.Class3"]], "water-class3-labels", ["any", ["ref", "Is.CanalWaterChannel.Class4"], ["ref", "Is.River.Class4"], ["ref", "Is.IntermittentRiver.Class4"]], "water-class4-labels", ["any", ["ref", "Is.CanalWaterChannel.Class5"], ["ref", "Is.River.Class5"], ["ref", "Is.IntermittentRiver.Class5"]], "water-class5-labels", ["any", ["ref", "Is.CanalWaterChannel.Class6"], ["ref", "Is.River.Class6"], ["ref", "Is.IntermittentRiver.Class6"]], "water-class6-labels", ["any", ["ref", "Is.CanalWaterChannel.Class7"], ["ref", "Is.River.Class7"], ["ref", "Is.IntermittentRiver.Class7"]], "water-class7-labels", ["any", ["ref", "Is.CanalWaterChannel.Class8"], ["ref", "Is.River.Class8"], ["ref", "Is.IntermittentRiver.Class8"]], "water-class8-labels", "water-labels"], "margin": ["ref", "Default.Margin"], "persisting-margin-reducing": ["ref", "Default.PersistingMargin.Reducing"], "far-threshold": 0.85, "far-threshold-range": 0.015, "fade-time": 0.3, "replaceable": true, "new-label-spread-frames": 10, "dual-language-leading-space": ["ppi-scale", ["ref", "Label.DualLanguage.Leading"], ["ref", "ScalePPI.Labels"]], "color": ["case", ["ref", "Is.IntermittentRiver"], ["ref", "IntermittentRiver.Label.Color"], ["ref", "Is.River"], ["ref", "River.Label.Color"], ["ref", "Is.CanalWaterChannel"], ["ref", "CanalWaterChannel.Label.Color"], "#0000ff"], "outline-color": ["case", ["ref", "Is.IntermittentRiver"], ["ref", "IntermittentRiver.Label.Outline.Color"], ["ref", "Is.River"], ["ref", "River.Label.Outline.Color"], ["ref", "Is.CanalWaterChannel"], ["ref", "CanalWaterChannel.Label.Outline.Color"], null], "size": ["case", ["ref", "Is.IntermittentRiver.Class1"], ["ppi-scale", ["ref", "IntermittentRiver.Class1.Label.Size"], ["ref", "ScalePPI.Labels"]], ["ref", "Is.IntermittentRiver.Class2"], ["ppi-scale", ["ref", "IntermittentRiver.Class2.Label.Size"], ["ref", "ScalePPI.Labels"]], ["ref", "Is.IntermittentRiver.Class3"], ["ppi-scale", ["ref", "IntermittentRiver.Class3.Label.Size"], ["ref", "ScalePPI.Labels"]], ["ref", "Is.IntermittentRiver.Class4"], ["ppi-scale", ["ref", "IntermittentRiver.Class4.Label.Size"], ["ref", "ScalePPI.Labels"]], ["ref", "Is.IntermittentRiver.Class5"], ["ppi-scale", ["ref", "IntermittentRiver.Class5.Label.Size"], ["ref", "ScalePPI.Labels"]], ["ref", "Is.IntermittentRiver.Class6"], ["ppi-scale", ["ref", "IntermittentRiver.Class6.Label.Size"], ["ref", "ScalePPI.Labels"]], ["ref", "Is.IntermittentRiver.Class7"], ["ppi-scale", ["ref", "IntermittentRiver.Class7.Label.Size"], ["ref", "ScalePPI.Labels"]], ["ref", "Is.IntermittentRiver.Class8"], ["ppi-scale", ["ref", "IntermittentRiver.Class8.Label.Size"], ["ref", "ScalePPI.Labels"]], ["ref", "Is.IntermittentRiver"], ["ppi-scale", ["ref", "IntermittentRiver.Label.Size"], ["ref", "ScalePPI.Labels"]], ["ref", "Is.River.Class1"], ["ppi-scale", ["ref", "River.Class1.Label.Size"], ["ref", "ScalePPI.Labels"]], ["ref", "Is.River.Class2"], ["ppi-scale", ["ref", "River.Class2.Label.Size"], ["ref", "ScalePPI.Labels"]], ["ref", "Is.River.Class3"], ["ppi-scale", ["ref", "River.Class3.Label.Size"], ["ref", "ScalePPI.Labels"]], ["ref", "Is.River.Class4"], ["ppi-scale", ["ref", "River.Class4.Label.Size"], ["ref", "ScalePPI.Labels"]], ["ref", "Is.River.Class5"], ["ppi-scale", ["ref", "River.Class5.Label.Size"], ["ref", "ScalePPI.Labels"]], ["ref", "Is.River.Class6"], ["ppi-scale", ["ref", "River.Class6.Label.Size"], ["ref", "ScalePPI.Labels"]], ["ref", "Is.River.Class7"], ["ppi-scale", ["ref", "River.Class7.Label.Size"], ["ref", "ScalePPI.Labels"]], ["ref", "Is.River.Class8"], ["ppi-scale", ["ref", "River.Class8.Label.Size"], ["ref", "ScalePPI.Labels"]], ["ref", "Is.River"], ["ppi-scale", ["ref", "River.Label.Size"], ["ref", "ScalePPI.Labels"]], ["ref", "Is.CanalWaterChannel.Class1"], ["ppi-scale", ["ref", "CanalWaterChannel.Class1.Label.Size"], ["ref", "ScalePPI.Labels"]], ["ref", "Is.CanalWaterChannel.Class2"], ["ppi-scale", ["ref", "CanalWaterChannel.Class2.Label.Size"], ["ref", "ScalePPI.Labels"]], ["ref", "Is.CanalWaterChannel.Class3"], ["ppi-scale", ["ref", "CanalWaterChannel.Class3.Label.Size"], ["ref", "ScalePPI.Labels"]], ["ref", "Is.CanalWaterChannel.Class4"], ["ppi-scale", ["ref", "CanalWaterChannel.Class4.Label.Size"], ["ref", "ScalePPI.Labels"]], ["ref", "Is.CanalWaterChannel.Class5"], ["ppi-scale", ["ref", "CanalWaterChannel.Class5.Label.Size"], ["ref", "ScalePPI.Labels"]], ["ref", "Is.CanalWaterChannel.Class6"], ["ppi-scale", ["ref", "CanalWaterChannel.Class6.Label.Size"], ["ref", "ScalePPI.Labels"]], ["ref", "Is.CanalWaterChannel.Class7"], ["ppi-scale", ["ref", "CanalWaterChannel.Class7.Label.Size"], ["ref", "ScalePPI.Labels"]], ["ref", "Is.CanalWaterChannel.Class8"], ["ppi-scale", ["ref", "CanalWaterChannel.Class8.Label.Size"], ["ref", "ScalePPI.Labels"]], ["ref", "Is.CanalWaterChannel"], ["ppi-scale", ["ref", "CanalWaterChannel.Label.Size"], ["ref", "ScalePPI.Labels"]], ["ppi-scale", ["ref", "Fallback.Label.Size"], ["ref", "ScalePPI.Labels"]]], "outline-width": ["case", ["ref", "Is.IntermittentRiver.Class1"], ["ppi-scale", ["ref", "IntermittentRiver.Class1.Label.Outline.Width"], ["ref", "ScalePPI.Labels"]], ["ref", "Is.IntermittentRiver.Class2"], ["ppi-scale", ["ref", "IntermittentRiver.Class2.Label.Outline.Width"], ["ref", "ScalePPI.Labels"]], ["ref", "Is.IntermittentRiver.Class3"], ["ppi-scale", ["ref", "IntermittentRiver.Class3.Label.Outline.Width"], ["ref", "ScalePPI.Labels"]], ["ref", "Is.IntermittentRiver.Class4"], ["ppi-scale", ["ref", "IntermittentRiver.Class4.Label.Outline.Width"], ["ref", "ScalePPI.Labels"]], ["ref", "Is.IntermittentRiver.Class5"], ["ppi-scale", ["ref", "IntermittentRiver.Class5.Label.Outline.Width"], ["ref", "ScalePPI.Labels"]], ["ref", "Is.IntermittentRiver.Class6"], ["ppi-scale", ["ref", "IntermittentRiver.Class6.Label.Outline.Width"], ["ref", "ScalePPI.Labels"]], ["ref", "Is.IntermittentRiver.Class7"], ["ppi-scale", ["ref", "IntermittentRiver.Class7.Label.Outline.Width"], ["ref", "ScalePPI.Labels"]], ["ref", "Is.IntermittentRiver.Class8"], ["ppi-scale", ["ref", "IntermittentRiver.Class8.Label.Outline.Width"], ["ref", "ScalePPI.Labels"]], ["ref", "Is.IntermittentRiver"], ["ppi-scale", ["ref", "IntermittentRiver.Label.Outline.Width"], ["ref", "ScalePPI.Labels"]], ["ref", "Is.River.Class1"], ["ppi-scale", ["ref", "River.Class1.Label.Outline.Width"], ["ref", "ScalePPI.Labels"]], ["ref", "Is.River.Class2"], ["ppi-scale", ["ref", "River.Class2.Label.Outline.Width"], ["ref", "ScalePPI.Labels"]], ["ref", "Is.River.Class3"], ["ppi-scale", ["ref", "River.Class3.Label.Outline.Width"], ["ref", "ScalePPI.Labels"]], ["ref", "Is.River.Class4"], ["ppi-scale", ["ref", "River.Class4.Label.Outline.Width"], ["ref", "ScalePPI.Labels"]], ["ref", "Is.River.Class5"], ["ppi-scale", ["ref", "River.Class5.Label.Outline.Width"], ["ref", "ScalePPI.Labels"]], ["ref", "Is.River.Class6"], ["ppi-scale", ["ref", "River.Class6.Label.Outline.Width"], ["ref", "ScalePPI.Labels"]], ["ref", "Is.River.Class7"], ["ppi-scale", ["ref", "River.Class7.Label.Outline.Width"], ["ref", "ScalePPI.Labels"]], ["ref", "Is.River.Class8"], ["ppi-scale", ["ref", "River.Class8.Label.Outline.Width"], ["ref", "ScalePPI.Labels"]], ["ref", "Is.River"], ["ppi-scale", ["ref", "River.Label.Outline.Width"], ["ref", "ScalePPI.Labels"]], ["ref", "Is.CanalWaterChannel.Class1"], ["ppi-scale", ["ref", "CanalWaterChannel.Class1.Label.Outline.Width"], ["ref", "ScalePPI.Labels"]], ["ref", "Is.CanalWaterChannel.Class2"], ["ppi-scale", ["ref", "CanalWaterChannel.Class2.Label.Outline.Width"], ["ref", "ScalePPI.Labels"]], ["ref", "Is.CanalWaterChannel.Class3"], ["ppi-scale", ["ref", "CanalWaterChannel.Class3.Label.Outline.Width"], ["ref", "ScalePPI.Labels"]], ["ref", "Is.CanalWaterChannel.Class4"], ["ppi-scale", ["ref", "CanalWaterChannel.Class4.Label.Outline.Width"], ["ref", "ScalePPI.Labels"]], ["ref", "Is.CanalWaterChannel.Class5"], ["ppi-scale", ["ref", "CanalWaterChannel.Class5.Label.Outline.Width"], ["ref", "ScalePPI.Labels"]], ["ref", "Is.CanalWaterChannel.Class6"], ["ppi-scale", ["ref", "CanalWaterChannel.Class6.Label.Outline.Width"], ["ref", "ScalePPI.Labels"]], ["ref", "Is.CanalWaterChannel.Class7"], ["ppi-scale", ["ref", "CanalWaterChannel.Class7.Label.Outline.Width"], ["ref", "ScalePPI.Labels"]], ["ref", "Is.CanalWaterChannel.Class8"], ["ppi-scale", ["ref", "CanalWaterChannel.Class8.Label.Outline.Width"], ["ref", "ScalePPI.Labels"]], ["ref", "Is.CanalWaterChannel"], ["ppi-scale", ["ref", "CanalWaterChannel.Label.Outline.Width"], ["ref", "ScalePPI.Labels"]], ["ppi-scale", 0, ["ref", "ScalePPI.Labels"]]], "tracking-space": ["case", ["ref", "Is.IntermittentRiver.Class1"], ["ppi-scale", ["ref", "IntermittentRiver.Class1.Label.Tracking"], ["ref", "ScalePPI.Labels"]], ["ref", "Is.IntermittentRiver.Class2"], ["ppi-scale", ["ref", "IntermittentRiver.Class2.Label.Tracking"], ["ref", "ScalePPI.Labels"]], ["ref", "Is.IntermittentRiver.Class3"], ["ppi-scale", ["ref", "IntermittentRiver.Class3.Label.Tracking"], ["ref", "ScalePPI.Labels"]], ["ref", "Is.IntermittentRiver.Class4"], ["ppi-scale", ["ref", "IntermittentRiver.Class4.Label.Tracking"], ["ref", "ScalePPI.Labels"]], ["ref", "Is.IntermittentRiver.Class5"], ["ppi-scale", ["ref", "IntermittentRiver.Class5.Label.Tracking"], ["ref", "ScalePPI.Labels"]], ["ref", "Is.IntermittentRiver.Class6"], ["ppi-scale", ["ref", "IntermittentRiver.Class6.Label.Tracking"], ["ref", "ScalePPI.Labels"]], ["ref", "Is.IntermittentRiver.Class7"], ["ppi-scale", ["ref", "IntermittentRiver.Class7.Label.Tracking"], ["ref", "ScalePPI.Labels"]], ["ref", "Is.IntermittentRiver.Class8"], ["ppi-scale", ["ref", "IntermittentRiver.Class8.Label.Tracking"], ["ref", "ScalePPI.Labels"]], ["ref", "Is.IntermittentRiver"], ["ppi-scale", ["ref", "IntermittentRiver.Label.Tracking"], ["ref", "ScalePPI.Labels"]], ["ref", "Is.River.Class1"], ["ppi-scale", ["ref", "River.Class1.Label.Tracking"], ["ref", "ScalePPI.Labels"]], ["ref", "Is.River.Class2"], ["ppi-scale", ["ref", "River.Class2.Label.Tracking"], ["ref", "ScalePPI.Labels"]], ["ref", "Is.River.Class3"], ["ppi-scale", ["ref", "River.Class3.Label.Tracking"], ["ref", "ScalePPI.Labels"]], ["ref", "Is.River.Class4"], ["ppi-scale", ["ref", "River.Class4.Label.Tracking"], ["ref", "ScalePPI.Labels"]], ["ref", "Is.River.Class5"], ["ppi-scale", ["ref", "River.Class5.Label.Tracking"], ["ref", "ScalePPI.Labels"]], ["ref", "Is.River.Class6"], ["ppi-scale", ["ref", "River.Class6.Label.Tracking"], ["ref", "ScalePPI.Labels"]], ["ref", "Is.River.Class7"], ["ppi-scale", ["ref", "River.Class7.Label.Tracking"], ["ref", "ScalePPI.Labels"]], ["ref", "Is.River.Class8"], ["ppi-scale", ["ref", "River.Class8.Label.Tracking"], ["ref", "ScalePPI.Labels"]], ["ref", "Is.River"], ["ppi-scale", ["ref", "River.Label.Tracking"], ["ref", "ScalePPI.Labels"]], ["ref", "Is.CanalWaterChannel.Class1"], ["ppi-scale", ["ref", "CanalWaterChannel.Class1.Label.Tracking"], ["ref", "ScalePPI.Labels"]], ["ref", "Is.CanalWaterChannel.Class2"], ["ppi-scale", ["ref", "CanalWaterChannel.Class2.Label.Tracking"], ["ref", "ScalePPI.Labels"]], ["ref", "Is.CanalWaterChannel.Class3"], ["ppi-scale", ["ref", "CanalWaterChannel.Class3.Label.Tracking"], ["ref", "ScalePPI.Labels"]], ["ref", "Is.CanalWaterChannel.Class4"], ["ppi-scale", ["ref", "CanalWaterChannel.Class4.Label.Tracking"], ["ref", "ScalePPI.Labels"]], ["ref", "Is.CanalWaterChannel.Class5"], ["ppi-scale", ["ref", "CanalWaterChannel.Class5.Label.Tracking"], ["ref", "ScalePPI.Labels"]], ["ref", "Is.CanalWaterChannel.Class6"], ["ppi-scale", ["ref", "CanalWaterChannel.Class6.Label.Tracking"], ["ref", "ScalePPI.Labels"]], ["ref", "Is.CanalWaterChannel.Class7"], ["ppi-scale", ["ref", "CanalWaterChannel.Class7.Label.Tracking"], ["ref", "ScalePPI.Labels"]], ["ref", "Is.CanalWaterChannel.Class8"], ["ppi-scale", ["ref", "CanalWaterChannel.Class8.Label.Tracking"], ["ref", "ScalePPI.Labels"]], ["ref", "Is.CanalWaterChannel"], ["ppi-scale", ["ref", "CanalWaterChannel.Label.Tracking"], ["ref", "ScalePPI.Labels"]], ["ppi-scale", 0, ["ref", "ScalePPI.Labels"]]], "slant-amount": ["case", ["ref", "Is.IntermittentRiver"], ["ref", "IntermittentRiver.Label.Style"], ["ref", "Is.River"], ["ref", "River.Label.Style"], ["ref", "Is.CanalWaterChannel"], ["ref", "CanalWaterChannel.Label.Style"], null], "font": ["case", ["any", ["ref", "Is.IntermittentRiver"], ["ref", "Is.River"], ["ref", "Is.CanalWaterChannel"]], ["ref", "Water.Label.Font"], ["ref", "Default.Font"]], "case-conversion": ["case", ["ref", "Is.CanalWaterChannel"], ["ref", "CanalWaterChannel.Label.Variant"], ["ref", "Is.River"], ["ref", "River.Label.Variant"], ["ref", "Is.IntermittentRiver"], ["ref", "IntermittentRiver.Label.Variant"], null], "shape": "line", "softdepth": ["ref", "SoftDepth.Threshold"]}}, {"id": "water_point_labels", "layer": "tilezen_points", "when": ["all", ["ref", "Is.Water.PointLabel"], ["ref", "Water.Label.Display.Enabled"]], "technique": "text", "description": "Water Point Labels", "attr": {"category": ["case", ["ref", "Is.Ocean"], "ocean-labels", ["ref", "Is.Sea"], "sea-labels", ["any", ["ref", "Is.Fjord"], ["ref", "Is.Strait"]], "fjord-strait-labels", ["any", ["ref", "Is.CanalWaterChannel.Class1"], ["ref", "Is.River.Class1"], ["ref", "Is.Lake.Class1"], ["ref", "Is.BayHarbor.Class1"]], "water-class1-labels", ["any", ["ref", "Is.CanalWaterChannel.Class2"], ["ref", "Is.River.Class2"], ["ref", "Is.Lake.Class2"], ["ref", "Is.BayHarbor.Class2"]], "water-class2-labels", ["any", ["ref", "Is.CanalWaterChannel.Class3"], ["ref", "Is.River.Class3"], ["ref", "Is.Lake.Class3"], ["ref", "Is.BayHarbor.Class3"]], "water-class3-labels", ["any", ["ref", "Is.CanalWaterChannel.Class4"], ["ref", "Is.River.Class4"], ["ref", "Is.Lake.Class4"], ["ref", "Is.BayHarbor.Class4"]], "water-class4-labels", ["any", ["ref", "Is.CanalWaterChannel.Class5"], ["ref", "Is.River.Class5"], ["ref", "Is.Lake.Class5"], ["ref", "Is.BayHarbor.Class5"]], "water-class5-labels", ["any", ["ref", "Is.CanalWaterChannel.Class6"], ["ref", "Is.River.Class6"], ["ref", "Is.Lake.Class6"], ["ref", "Is.BayHarbor.Class6"]], "water-class6-labels", ["any", ["ref", "Is.CanalWaterChannel.Class7"], ["ref", "Is.River.Class7"], ["ref", "Is.Lake.Class7"], ["ref", "Is.BayHarbor.Class7"]], "water-class7-labels", ["any", ["ref", "Is.CanalWaterChannel.Class8"], ["ref", "Is.River.Class8"], ["ref", "Is.Lake.Class8"], ["ref", "Is.BayHarbor.Class8"]], "water-class8-labels", "water-labels"], "margin": ["ref", "Default.Margin"], "persisting-margin-reducing": ["ref", "Default.PersistingMargin.Reducing"], "far-threshold": 0.85, "far-threshold-range": 0.015, "fade-time": 0.3, "break-line": true, "replaceable": true, "new-label-spread-frames": 10, "color": ["case", ["ref", "Is.CanalWaterChannel"], ["ref", "CanalWaterChannel.Label.Color"], ["ref", "Is.River"], ["ref", "River.Label.Color"], ["ref", "Is.BayHarbor"], ["ref", "BayHarbor.Label.Color"], ["ref", "Is.Lake"], ["ref", "Lake.Label.Color"], ["ref", "Is.Ocean"], ["ref", "Ocean.Label.Color"], ["ref", "Is.Sea"], ["ref", "Sea.Label.Color"], ["ref", "Is.Fjord"], ["ref", "Fjord.Label.Color"], ["ref", "Is.Strait"], ["ref", "Strait.Label.Color"], ["ref", "Sea.Label.Color"]], "outline-color": ["case", ["ref", "Is.CanalWaterChannel"], ["ref", "CanalWaterChannel.Label.Outline.Color"], ["ref", "Is.River"], ["ref", "River.Label.Outline.Color"], ["ref", "Is.BayHarbor"], ["ref", "BayHarbor.Label.Outline.Color"], ["ref", "Is.Lake"], ["ref", "Lake.Label.Outline.Color"], ["ref", "Is.Ocean"], ["ref", "Ocean.Label.Outline.Color"], ["ref", "Is.Sea"], ["ref", "Sea.Label.Outline.Color"], ["ref", "Is.Fjord"], ["ref", "Fjord.Label.Outline.Color"], ["ref", "Is.Strait"], ["ref", "Strait.Label.Outline.Color"], ["ref", "Sea.Label.Outline.Color"]], "size": ["case", ["ref", "Is.CanalWaterChannel.Class1"], ["ppi-scale", ["ref", "CanalWaterChannel.Class1.Label.Size"], ["ref", "ScalePPI.Labels"]], ["ref", "Is.CanalWaterChannel.Class2"], ["ppi-scale", ["ref", "CanalWaterChannel.Class2.Label.Size"], ["ref", "ScalePPI.Labels"]], ["ref", "Is.CanalWaterChannel.Class3"], ["ppi-scale", ["ref", "CanalWaterChannel.Class3.Label.Size"], ["ref", "ScalePPI.Labels"]], ["ref", "Is.CanalWaterChannel.Class4"], ["ppi-scale", ["ref", "CanalWaterChannel.Class4.Label.Size"], ["ref", "ScalePPI.Labels"]], ["ref", "Is.CanalWaterChannel.Class5"], ["ppi-scale", ["ref", "CanalWaterChannel.Class5.Label.Size"], ["ref", "ScalePPI.Labels"]], ["ref", "Is.CanalWaterChannel.Class6"], ["ppi-scale", ["ref", "CanalWaterChannel.Class6.Label.Size"], ["ref", "ScalePPI.Labels"]], ["ref", "Is.CanalWaterChannel.Class7"], ["ppi-scale", ["ref", "CanalWaterChannel.Class7.Label.Size"], ["ref", "ScalePPI.Labels"]], ["ref", "Is.CanalWaterChannel.Class8"], ["ppi-scale", ["ref", "CanalWaterChannel.Class8.Label.Size"], ["ref", "ScalePPI.Labels"]], ["ref", "Is.CanalWaterChannel"], ["ppi-scale", ["ref", "CanalWaterChannel.Label.Size"], ["ref", "ScalePPI.Labels"]], ["ref", "Is.River.Class1"], ["ppi-scale", ["ref", "River.Class1.Label.Size"], ["ref", "ScalePPI.Labels"]], ["ref", "Is.River.Class2"], ["ppi-scale", ["ref", "River.Class2.Label.Size"], ["ref", "ScalePPI.Labels"]], ["ref", "Is.River.Class3"], ["ppi-scale", ["ref", "River.Class3.Label.Size"], ["ref", "ScalePPI.Labels"]], ["ref", "Is.River.Class4"], ["ppi-scale", ["ref", "River.Class4.Label.Size"], ["ref", "ScalePPI.Labels"]], ["ref", "Is.River.Class5"], ["ppi-scale", ["ref", "River.Class5.Label.Size"], ["ref", "ScalePPI.Labels"]], ["ref", "Is.River.Class6"], ["ppi-scale", ["ref", "River.Class6.Label.Size"], ["ref", "ScalePPI.Labels"]], ["ref", "Is.River.Class7"], ["ppi-scale", ["ref", "River.Class7.Label.Size"], ["ref", "ScalePPI.Labels"]], ["ref", "Is.River.Class8"], ["ppi-scale", ["ref", "River.Class8.Label.Size"], ["ref", "ScalePPI.Labels"]], ["ref", "Is.River"], ["ppi-scale", ["ref", "River.Label.Size"], ["ref", "ScalePPI.Labels"]], ["ref", "Is.BayHarbor.Class1"], ["ppi-scale", ["ref", "BayHarbor.Class1.Label.Size"], ["ref", "ScalePPI.Labels"]], ["ref", "Is.BayHarbor.Class2"], ["ppi-scale", ["ref", "BayHarbor.Class2.Label.Size"], ["ref", "ScalePPI.Labels"]], ["ref", "Is.BayHarbor.Class3"], ["ppi-scale", ["ref", "BayHarbor.Class3.Label.Size"], ["ref", "ScalePPI.Labels"]], ["ref", "Is.BayHarbor.Class4"], ["ppi-scale", ["ref", "BayHarbor.Class4.Label.Size"], ["ref", "ScalePPI.Labels"]], ["ref", "Is.BayHarbor.Class5"], ["ppi-scale", ["ref", "BayHarbor.Class5.Label.Size"], ["ref", "ScalePPI.Labels"]], ["ref", "Is.BayHarbor.Class6"], ["ppi-scale", ["ref", "BayHarbor.Class6.Label.Size"], ["ref", "ScalePPI.Labels"]], ["ref", "Is.BayHarbor.Class7"], ["ppi-scale", ["ref", "BayHarbor.Class7.Label.Size"], ["ref", "ScalePPI.Labels"]], ["ref", "Is.BayHarbor.Class8"], ["ppi-scale", ["ref", "BayHarbor.Class8.Label.Size"], ["ref", "ScalePPI.Labels"]], ["ref", "Is.BayHarbor"], ["ppi-scale", ["ref", "BayHarbor.Label.Size"], ["ref", "ScalePPI.Labels"]], ["ref", "Is.BayHarbor"], ["ppi-scale", ["ref", "BayHarbor.Label.Size"], ["ref", "ScalePPI.Labels"]], ["ref", "Is.Lake.Class1"], ["ppi-scale", ["ref", "Lake.Class1.Label.Size"], ["ref", "ScalePPI.Labels"]], ["ref", "Is.Lake.Class2"], ["ppi-scale", ["ref", "Lake.Class2.Label.Size"], ["ref", "ScalePPI.Labels"]], ["ref", "Is.Lake.Class3"], ["ppi-scale", ["ref", "Lake.Class3.Label.Size"], ["ref", "ScalePPI.Labels"]], ["ref", "Is.Lake.Class4"], ["ppi-scale", ["ref", "Lake.Class4.Label.Size"], ["ref", "ScalePPI.Labels"]], ["ref", "Is.Lake.Class5"], ["ppi-scale", ["ref", "Lake.Class5.Label.Size"], ["ref", "ScalePPI.Labels"]], ["ref", "Is.Lake.Class6"], ["ppi-scale", ["ref", "Lake.Class6.Label.Size"], ["ref", "ScalePPI.Labels"]], ["ref", "Is.Lake.Class7"], ["ppi-scale", ["ref", "Lake.Class7.Label.Size"], ["ref", "ScalePPI.Labels"]], ["ref", "Is.Lake.Class8"], ["ppi-scale", ["ref", "Lake.Class8.Label.Size"], ["ref", "ScalePPI.Labels"]], ["ref", "Is.Lake"], ["ppi-scale", ["ref", "Lake.Label.Size"], ["ref", "ScalePPI.Labels"]], ["ref", "Is.Ocean"], ["ppi-scale", ["ref", "Ocean.Label.Size"], ["ref", "ScalePPI.Labels"]], ["ref", "Is.Sea"], ["ppi-scale", ["ref", "Sea.Label.Size"], ["ref", "ScalePPI.Labels"]], ["ref", "Is.Fjord"], ["ppi-scale", ["ref", "Fjord.Label.Size"], ["ref", "ScalePPI.Labels"]], ["ref", "Is.Strait"], ["ppi-scale", ["ref", "Strait.Label.Size"], ["ref", "ScalePPI.Labels"]], ["ppi-scale", ["ref", "Sea.Label.Size"], ["ref", "ScalePPI.Labels"]]], "outline-width": ["case", ["ref", "Is.CanalWaterChannel.Class1"], ["ppi-scale", ["ref", "CanalWaterChannel.Class1.Label.Outline.Width"], ["ref", "ScalePPI.Labels"]], ["ref", "Is.CanalWaterChannel.Class2"], ["ppi-scale", ["ref", "CanalWaterChannel.Class2.Label.Outline.Width"], ["ref", "ScalePPI.Labels"]], ["ref", "Is.CanalWaterChannel.Class3"], ["ppi-scale", ["ref", "CanalWaterChannel.Class3.Label.Outline.Width"], ["ref", "ScalePPI.Labels"]], ["ref", "Is.CanalWaterChannel.Class4"], ["ppi-scale", ["ref", "CanalWaterChannel.Class4.Label.Outline.Width"], ["ref", "ScalePPI.Labels"]], ["ref", "Is.CanalWaterChannel.Class5"], ["ppi-scale", ["ref", "CanalWaterChannel.Class5.Label.Outline.Width"], ["ref", "ScalePPI.Labels"]], ["ref", "Is.CanalWaterChannel.Class6"], ["ppi-scale", ["ref", "CanalWaterChannel.Class6.Label.Outline.Width"], ["ref", "ScalePPI.Labels"]], ["ref", "Is.CanalWaterChannel.Class7"], ["ppi-scale", ["ref", "CanalWaterChannel.Class7.Label.Outline.Width"], ["ref", "ScalePPI.Labels"]], ["ref", "Is.CanalWaterChannel.Class8"], ["ppi-scale", ["ref", "CanalWaterChannel.Class8.Label.Outline.Width"], ["ref", "ScalePPI.Labels"]], ["ref", "Is.CanalWaterChannel"], ["ppi-scale", ["ref", "CanalWaterChannel.Label.Outline.Width"], ["ref", "ScalePPI.Labels"]], ["ref", "Is.River.Class1"], ["ppi-scale", ["ref", "River.Class1.Label.Outline.Width"], ["ref", "ScalePPI.Labels"]], ["ref", "Is.River.Class2"], ["ppi-scale", ["ref", "River.Class2.Label.Outline.Width"], ["ref", "ScalePPI.Labels"]], ["ref", "Is.River.Class3"], ["ppi-scale", ["ref", "River.Class3.Label.Outline.Width"], ["ref", "ScalePPI.Labels"]], ["ref", "Is.River.Class4"], ["ppi-scale", ["ref", "River.Class4.Label.Outline.Width"], ["ref", "ScalePPI.Labels"]], ["ref", "Is.River.Class5"], ["ppi-scale", ["ref", "River.Class5.Label.Outline.Width"], ["ref", "ScalePPI.Labels"]], ["ref", "Is.River.Class6"], ["ppi-scale", ["ref", "River.Class6.Label.Outline.Width"], ["ref", "ScalePPI.Labels"]], ["ref", "Is.River.Class7"], ["ppi-scale", ["ref", "River.Class7.Label.Outline.Width"], ["ref", "ScalePPI.Labels"]], ["ref", "Is.River.Class8"], ["ppi-scale", ["ref", "River.Class8.Label.Outline.Width"], ["ref", "ScalePPI.Labels"]], ["ref", "Is.River"], ["ppi-scale", ["ref", "River.Label.Outline.Width"], ["ref", "ScalePPI.Labels"]], ["ref", "Is.BayHarbor.Class1"], ["ppi-scale", ["ref", "BayHarbor.Class1.Label.Outline.Width"], ["ref", "ScalePPI.Labels"]], ["ref", "Is.BayHarbor.Class2"], ["ppi-scale", ["ref", "BayHarbor.Class2.Label.Outline.Width"], ["ref", "ScalePPI.Labels"]], ["ref", "Is.BayHarbor.Class3"], ["ppi-scale", ["ref", "BayHarbor.Class3.Label.Outline.Width"], ["ref", "ScalePPI.Labels"]], ["ref", "Is.BayHarbor.Class4"], ["ppi-scale", ["ref", "BayHarbor.Class4.Label.Outline.Width"], ["ref", "ScalePPI.Labels"]], ["ref", "Is.BayHarbor.Class5"], ["ppi-scale", ["ref", "BayHarbor.Class5.Label.Outline.Width"], ["ref", "ScalePPI.Labels"]], ["ref", "Is.BayHarbor.Class6"], ["ppi-scale", ["ref", "BayHarbor.Class6.Label.Outline.Width"], ["ref", "ScalePPI.Labels"]], ["ref", "Is.BayHarbor.Class7"], ["ppi-scale", ["ref", "BayHarbor.Class7.Label.Outline.Width"], ["ref", "ScalePPI.Labels"]], ["ref", "Is.BayHarbor.Class8"], ["ppi-scale", ["ref", "BayHarbor.Class8.Label.Outline.Width"], ["ref", "ScalePPI.Labels"]], ["ref", "Is.BayHarbor"], ["ppi-scale", ["ref", "BayHarbor.Label.Outline.Width"], ["ref", "ScalePPI.Labels"]], ["ref", "Is.Lake.Class1"], ["ppi-scale", ["ref", "Lake.Class1.Label.Outline.Width"], ["ref", "ScalePPI.Labels"]], ["ref", "Is.Lake.Class2"], ["ppi-scale", ["ref", "Lake.Class2.Label.Outline.Width"], ["ref", "ScalePPI.Labels"]], ["ref", "Is.Lake.Class3"], ["ppi-scale", ["ref", "Lake.Class3.Label.Outline.Width"], ["ref", "ScalePPI.Labels"]], ["ref", "Is.Lake.Class4"], ["ppi-scale", ["ref", "Lake.Class4.Label.Outline.Width"], ["ref", "ScalePPI.Labels"]], ["ref", "Is.Lake.Class5"], ["ppi-scale", ["ref", "Lake.Class5.Label.Outline.Width"], ["ref", "ScalePPI.Labels"]], ["ref", "Is.Lake.Class6"], ["ppi-scale", ["ref", "Lake.Class6.Label.Outline.Width"], ["ref", "ScalePPI.Labels"]], ["ref", "Is.Lake.Class7"], ["ppi-scale", ["ref", "Lake.Class7.Label.Outline.Width"], ["ref", "ScalePPI.Labels"]], ["ref", "Is.Lake.Class8"], ["ppi-scale", ["ref", "Lake.Class8.Label.Outline.Width"], ["ref", "ScalePPI.Labels"]], ["ref", "Is.Lake"], ["ppi-scale", ["ref", "Lake.Label.Outline.Width"], ["ref", "ScalePPI.Labels"]], ["ref", "Is.Ocean"], ["ppi-scale", ["ref", "Ocean.Label.Outline.Width"], ["ref", "ScalePPI.Labels"]], ["ref", "Is.Sea"], ["ppi-scale", ["ref", "Sea.Label.Outline.Width"], ["ref", "ScalePPI.Labels"]], ["ref", "Is.Fjord"], ["ppi-scale", ["ref", "Fjord.Label.Outline.Width"], ["ref", "ScalePPI.Labels"]], ["ref", "Is.Strait"], ["ppi-scale", ["ref", "Strait.Label.Outline.Width"], ["ref", "ScalePPI.Labels"]], ["ppi-scale", ["ref", "Sea.Label.Outline.Width"], ["ref", "ScalePPI.Labels"]]], "leading-space": ["case", ["ref", "Is.CanalWaterChannel"], ["ppi-scale", ["ref", "CanalWaterChannel.Label.Leading"], ["ref", "ScalePPI.Labels"]], ["ref", "Is.River"], ["ppi-scale", ["ref", "River.Label.Leading"], ["ref", "ScalePPI.Labels"]], ["ref", "Is.BayHarbor"], ["ppi-scale", ["ref", "BayHarbor.Label.Leading"], ["ref", "ScalePPI.Labels"]], ["ref", "Is.Lake"], ["ppi-scale", ["ref", "Lake.Label.Leading"], ["ref", "ScalePPI.Labels"]], ["ref", "Is.Ocean"], ["ppi-scale", ["ref", "Ocean.Label.Leading"], ["ref", "ScalePPI.Labels"]], ["ref", "Is.Sea"], ["ppi-scale", ["ref", "Sea.Label.Leading"], ["ref", "ScalePPI.Labels"]], ["ref", "Is.Fjord"], ["ppi-scale", ["ref", "Fjord.Label.Leading"], ["ref", "ScalePPI.Labels"]], ["ref", "Is.Strait"], ["ppi-scale", ["ref", "Strait.Label.Leading"], ["ref", "ScalePPI.Labels"]], ["ppi-scale", ["ref", "Sea.Label.Leading"], ["ref", "ScalePPI.Labels"]]], "tracking-space": ["case", ["ref", "Is.CanalWaterChannel"], ["ppi-scale", ["ref", "CanalWaterChannel.Label.Tracking"], ["ref", "ScalePPI.Labels"]], ["ref", "Is.River"], ["ppi-scale", ["ref", "River.Label.Tracking"], ["ref", "ScalePPI.Labels"]], ["ref", "Is.BayHarbor"], ["ppi-scale", ["ref", "BayHarbor.Label.Tracking"], ["ref", "ScalePPI.Labels"]], ["ref", "Is.Lake"], ["ppi-scale", ["ref", "Lake.Label.Tracking"], ["ref", "ScalePPI.Labels"]], ["ref", "Is.Ocean"], ["ppi-scale", ["ref", "Ocean.Label.Tracking"], ["ref", "ScalePPI.Labels"]], ["ref", "Is.Sea"], ["ppi-scale", ["ref", "Sea.Label.Tracking"], ["ref", "ScalePPI.Labels"]], ["ref", "Is.Fjord"], ["ppi-scale", ["ref", "Fjord.Label.Tracking"], ["ref", "ScalePPI.Labels"]], ["ref", "Is.Strait"], ["ppi-scale", ["ref", "Strait.Label.Tracking"], ["ref", "ScalePPI.Labels"]], ["ppi-scale", ["ref", "Sea.Label.Tracking"], ["ref", "ScalePPI.Labels"]]], "slant-amount": ["case", ["ref", "Is.CanalWaterChannel"], ["ref", "CanalWaterChannel.Label.Style"], ["ref", "Is.River"], ["ref", "River.Label.Style"], ["ref", "Is.BayHarbor"], ["ref", "BayHarbor.Label.Style"], ["ref", "Is.Lake"], ["ref", "Lake.Label.Style"], ["ref", "Is.Ocean"], ["ref", "Ocean.Label.Style"], ["ref", "Is.Sea"], ["ref", "Sea.Label.Style"], ["ref", "Is.Fjord"], ["ref", "Fjord.Label.Style"], ["ref", "Is.Strait"], ["ref", "Strait.Label.Style"], ["ref", "Sea.Label.Style"]], "case-conversion": ["case", ["ref", "Is.CanalWaterChannel"], ["ref", "CanalWaterChannel.Label.Variant"], ["ref", "Is.River"], ["ref", "River.Label.Variant"], ["ref", "Is.BayHarbor"], ["ref", "BayHarbor.Label.Variant"], ["ref", "Is.Lake"], ["ref", "Lake.Label.Variant"], ["ref", "Is.Ocean"], ["ref", "Ocean.Label.Variant"], ["ref", "Is.Sea"], ["ref", "Sea.Label.Variant"], ["ref", "Is.Fjord"], ["ref", "Fjord.Label.Variant"], ["ref", "Is.Strait"], ["ref", "Strait.Label.Variant"], null], "font": ["case", ["any", ["ref", "Is.CanalWaterChannel"], ["ref", "Is.River"], ["ref", "Is.BayHarbor"], ["ref", "Is.Lake"], ["ref", "Is.Ocean"], ["ref", "Is.Sea"], ["ref", "Is.Fjord"], ["ref", "Is.Strait"]], ["ref", "Water.Label.Font"], ["ref", "Default.Font"]], "shape": "point"}}]}