{"definitions": {"Satellite.Texture.Gamma": 1, "Satellite.Texture.Brightness": 1, "ElevationMap.Color0": "#cce7c9", "ElevationMap.Color1": "#d6eabe", "ElevationMap.Color2": "#e2edc6", "ElevationMap.Color3": "#eaf4c4", "ElevationMap.Color4": "#fcf6ca", "ElevationMap.Color5": "#fdfae1", "ElevationMap.Color6": "#fef4e2", "ElevationMap.Color7": "#ffffff", "ElevationMap.Height0": 0, "ElevationMap.Height1": 100, "ElevationMap.Height2": 200, "ElevationMap.Height3": 500, "ElevationMap.Height4": 1000, "ElevationMap.Height5": 2000, "ElevationMap.Height6": 5000, "ElevationMap.Height7": 20000, "ElevationMap.UseColor": false, "Fog.Distance.Color": "#c8e1fa", "Sky.Top.Color": "#347bc0", "Sky.Bottom.Color": "#edf2f9", "Sky.Intermediate.Color": "#b0cdec", "Sky.Intermediate.Percent": 25, "Beach.Color": ["interpolate", ["linear"], ["zoom"], 0, "#fff8c3", 15, "#fff8c3", 16, "#fff4b2", 20, "#fff4b2"], "Beach.Label.Color": "#73725e", "Beach.Label.Outline.Color": "#faf0aa96", "Beach.Label.Size": ["interpolate", ["linear"], ["zoom"], 12, 0, 12, 10, 13, 11, 15, 11, 16, 12, 20, 12], "Beach.Label.Outline.Width": 1, "Building.Color": "#fafeff96", "Building.Outline.Color": ["interpolate", ["linear"], ["zoom"], 0, "#d8e0e3", 16, "#d8e0e3", 17, "#d0d8db", 18, "#ccd4d9", 20, "#ccd4d9"], "Building.Label.Color": "#566970", "Building.Label.Outline.Color": "#f0f6f763", "Building.Label.Size": ["interpolate", ["linear"], ["zoom"], 0, 11, 15, 11, 16, 12, 20, 12], "Building.Label.Outline.Width": 1, "BuildingAddress.Label.Color": "#7a9399", "BuildingAddress.Label.Outline.Color": "#dae5e8b5", "BuildingAddress.Label.Size": ["interpolate", ["linear"], ["zoom"], 18, 0, 18, 10, 20, 10], "BuildingAddress.Label.Outline.Width": 0, "BuiltupArea.Color": ["interpolate", ["linear"], ["zoom"], 0, "#e1eaf0", 9, "#e1eaf0", 10, "#edf2f5", 12, "#edf2f5", 13, "#f0f4f7", 14, "#edf2f5", 15, "#e5ecf0", 16, "#e1e9ed", 20, "#e1e9ed"], "Neighborhood.Label.Color": "#5a5a78", "Neighborhood.Label.Outline.Color": ["interpolate", ["linear"], ["zoom"], 13, "#f0f5f7b5", 14, "#edf2f4b5", 15, "#e5ecf0b5", 16, "#e0e7ebb5", 20, "#e0e7ebb5"], "Neighborhood.Label.Size": ["interpolate", ["linear"], ["zoom"], 14, 0, 14, 11, 16, 12, 16, 0, 20, 0], "Neighborhood.Label.Outline.Width": 1, "CityCenter.Class1.Icon.Size": ["step", ["zoom"], 5, 10, 0], "CityCenter.Class2.Icon.Size": ["step", ["zoom"], 4, 10, 0], "CityCenter.Class3.Icon.Size": ["step", ["zoom"], 3, 10, 0], "CityCenter.Class4.Icon.Size": ["step", ["zoom"], 2, 10, 0], "CityCenter.Class5.Icon.Size": ["step", ["zoom"], 2, 10, 0], "CityCenter.Class1.Label.Color": ["interpolate", ["linear"], ["zoom"], 0, "#323232", 6, "#323232", 7, "#141428", 9, "#141428", 10, "#000014db", 11, "#000014c7", 12, "#000014c7", 13, "#000014a1", 20, "#000014a1"], "CityCenter.Class1.Label.Outline.Color": ["interpolate", ["linear"], ["zoom"], 0, "#fafdff14", 4, "#fafdff14", 5, "#fafdff78", 6, "#fafdff78", 7, "#fafdff96", 8, "#f0f4f5b5", 20, "#f0f4f5b5"], "CityCenter.Class1.Label.Size": ["interpolate", ["linear"], ["zoom"], 3, 0, 3, 15, 7, 15, 8, 17, 9, 18, 10, 20, 11, 22, 12, 24, 13, 26, 14, 26, 14, 0, 20, 0], "CityCenter.Class1.Label.Outline.Width": ["interpolate", ["linear"], ["zoom"], 0, 1, 6, 1, 7, 1.25, 8, 1.5, 10, 1.5, 11, 2, 12, 2, 13, 2.25, 14, 1, 20, 1], "CityCenter.Class2.Label.Color": ["interpolate", ["linear"], ["zoom"], 0, "#3c3c50", 6, "#3c3c50", 7, "#1e1e32", 9, "#1e1e32", 10, "#141428db", 11, "#00001ec7", 12, "#00001ec7", 13, "#00001eb5", 14, "#00001e96", 20, "#00001e96"], "CityCenter.Class2.Label.Outline.Color": ["interpolate", ["linear"], ["zoom"], 0, "#fafdff14", 4, "#fafdff14", 5, "#fafdff78", 6, "#fafdff78", 7, "#fafdff96", 8, "#fafdffb5", 11, "#fafdffb5", 12, "#f0f4f5b5", 20, "#f0f4f5b5"], "CityCenter.Class2.Label.Size": ["interpolate", ["linear"], ["zoom"], 4, 0, 4, 13, 7, 13, 8, 14, 9, 15, 10, 17, 11, 19, 12, 20, 13, 22, 14, 24, 15, 24, 15, 0, 20, 0], "CityCenter.Class2.Label.Outline.Width": ["interpolate", ["linear"], ["zoom"], 0, 1, 6, 1, 7, 1.25, 8, 1.5, 11, 1.5, 12, 1.75, 13, 1.75, 14, 2, 15, 1, 20, 1], "CityCenter.Class3.Label.Color": ["interpolate", ["linear"], ["zoom"], 0, "#46465a", 6, "#46465a", 7, "#28283c", 9, "#28283c", 10, "#1e1e32db", 11, "#000000c7", 12, "#000000b5", 13, "#000000b5", 14, "#00000096"], "CityCenter.Class3.Label.Outline.Color": ["interpolate", ["linear"], ["zoom"], 0, "#fafdff14", 4, "#fafdff14", 5, "#fafdff78", 6, "#fafdff78", 7, "#fafdff96", 8, "#fafdffb5", 11, "#fafdffb5", 11, "#f0f4f5b5", 20, "#f0f4f5b5"], "CityCenter.Class3.Label.Size": ["interpolate", ["linear"], ["zoom"], 5, 0, 5, 11, 6, 11, 7, 12, 8, 12, 9, 13, 10, 14, 11, 15, 12, 17, 13, 19, 14, 21, 15, 21, 15, 0, 20, 0], "CityCenter.Class3.Label.Outline.Width": ["interpolate", ["linear"], ["zoom"], 0, 1, 9, 1, 10, 1.5, 11, 1.5, 12, 1.75, 13, 2, 14, 2.25], "CityCenter.Class4.Label.Color": ["interpolate", ["linear"], ["zoom"], 0, "#46465a", 6, "#46465a", 7, "#323246", 9, "#323246", 10, "#28283c", 11, "#28283c", 12, "#000000db", 13, "#000000c7", 14, "#000000b5"], "CityCenter.Class4.Label.Outline.Color": ["interpolate", ["linear"], ["zoom"], 0, "#fafdff14", 4, "#fafdff14", 5, "#fafdff78", 6, "#fafdff78", 7, "#fafdff96", 8, "#fafdffb5", 13, "#fafdffb5", 14, "#f0f4f5b5", 20, "#f0f4f5b5"], "CityCenter.Class4.Label.Size": ["interpolate", ["linear"], ["zoom"], 7, 0, 7, 11, 9, 11, 10, 12, 11, 13, 12, 15, 13, 17, 14, 18, 15, 18, 15, 0, 20, 0], "CityCenter.Class4.Label.Outline.Width": 1, "CityCenter.Class5.Label.Color": ["interpolate", ["linear"], ["zoom"], 0, "#46465a", 6, "#46465a", 7, "#3c3c50", 9, "#3c3c50", 10, "#323246", 11, "#323246", 12, "#141428db", 13, "#141428c7", 14, "#000000b5"], "CityCenter.Class5.Label.Outline.Color": ["interpolate", ["linear"], ["zoom"], 0, "#fafdff14", 4, "#fafdff14", 5, "#fafdff78", 6, "#fafdff78", 7, "#fafdff96", 8, "#fafdffb5", 13, "#fafdffb5", 14, "#f0f4f5b5", 20, "#f0f4f5b5"], "CityCenter.Class5.Label.Size": ["interpolate", ["linear"], ["zoom"], 8, 0, 8, 10, 10, 11, 11, 11, 12, 12, 13, 14, 14, 15, 15, 15, 15, 0, 20, 0], "CityCenter.Class5.Label.Outline.Width": 1, "CityCenter.Class6.Label.Size": ["interpolate", ["linear"], ["zoom"], 10, 0, 10, 10, 11, 10, 12, 11, 13, 13, 15, 14, 15, 0, 20, 0], "CityCenter.Class7.Label.Size": ["interpolate", ["linear"], ["zoom"], 12, 0, 12, 10, 13, 12, 15, 13, 15, 0, 20, 0], "CityCenter.Hamlet.Label.Size": ["interpolate", ["linear"], ["zoom"], 14, 0, 14, 11, 16, 12, 16, 0, 20, 0], "CityCenter.Hamlet.Label.Color": "#787878", "CityCenter.Hamlet.Label.Outline.Color": ["interpolate", ["linear"], ["zoom"], 0, "#f0f4f5c7", 11, "#f0f4f5c7", 12, "#f0f4f5b5", 13, "#f0f4f5b5", 14, "#f0f4f5a1", 20, "#f0f4f5a1"], "CityCenter.Hamlet.Label.Outline.Width": 1, "Continent.Label.Color": "#ff7678b5", "Continent.Label.Outline.Color": "#ffffff1f", "Continent.Label.Size": ["interpolate", ["linear"], ["zoom"], 1, 0, 1, 19, 2, 28, 3, 28, 4, 30, 20, 30], "Continent.Label.Outline.Width": 2.25, "Continent.Label.Variant": ["ref", "Label.Variant.UpperCase"], "CountryBoundary.Color": ["interpolate", ["linear"], ["zoom"], 0, "#a0a0b4", 4, "#a0a0b4", 5, "#78788c", 6, "#646478", 7, "#646478", 8, "#505064", 9, "#3c3c50", 20, "#3c3c50"], "CountryBoundary.Width": ["interpolate", ["linear"], ["zoom"], 1, 0, 1, 0.9], "CountryBoundary.Outline.Color": ["interpolate", ["linear"], ["zoom"], 0, "#bebebe1f", 4, "#bebebe1f", 5, "#b4b4b429", 6, "#96969629", 7, "#82828229", 8, "#6e6e6e29", 20, "#6e6e6e29"], "CountryBoundary.Outline.Width": ["interpolate", ["linear"], ["zoom"], 4, 0, 4, 3.1, 5, 3.7, 7, 3.7, 8, 4.35, 10, 4.35, 11, 4.95, 20, 4.95], "StateBoundary.Color": ["interpolate", ["linear"], ["zoom"], 0, "#e1e1e1", 4, "#e1e1e1", 5, "#c3c3d7", 6, "#d2d2d2", 7, "#b4b4b4", 12, "#b4b4b4", 13, "#aaaaaa", 20, "#aaaaaa"], "StateBoundary.Width": ["interpolate", ["linear"], ["zoom"], 3, 0, 3, 0.9], "StateBoundary.Outline.Color": ["interpolate", ["linear"], ["zoom"], 0, "#dcdcdc0f", 5, "#dcdcdc0f", 6, "#d7d7d70f", 7, "#c8c8c81a", 8, "#c8c8c829", 12, "#c8c8c829", 13, "#c8c8c833", 20, "#c8c8c833"], "StateBoundary.Outline.Width": ["interpolate", ["linear"], ["zoom"], 5, 0, 5, 3.1, 10, 3.1, 11, 3.7, 20, 3.7], "CountryBoundary.Disputed.Color": ["interpolate", ["linear"], ["zoom"], 0, "#a0a0b4", 4, "#a0a0b4", 5, "#78788c", 6, "#646478", 7, "#646478", 8, "#505064", 9, "#3c3c50", 20, "#3c3c50"], "CountryBoundary.Disputed.Outline.Color": ["interpolate", ["linear"], ["zoom"], 0, "#bebebe1f", 4, "#bebebe1f", 5, "#b4b4b429", 6, "#96969629", 7, "#82828229", 8, "#6e6e6e29", 20, "#6e6e6e29"], "CountryBoundary.Disputed.Width": ["interpolate", ["linear"], ["zoom"], 1, 0, 1, 0.9], "CountryBoundary.Disputed.Outline.Width": ["interpolate", ["linear"], ["zoom"], 4, 0, 4, 3.1, 5, 3.7, 7, 3.7, 8, 4.35, 10, 4.35, 11, 4.95, 20, 4.95], "CountryBoundary.Disputed.Dash.Length": ["step", ["zoom"], 1.25, 2, 4.95, 3, 6.2, 4, 7.45, 5, 8.05, 6, 8.65, 7, 9.3, 9, 9.9, 11, 11.15, 14, 12.4, 16, 13.65], "CountryBoundary.Disputed.Gap.Length": ["step", ["zoom"], 1.25, 2, 4.35, 3, 5.55, 4, 6.8, 5, 7.45, 6, 8.05, 7, 8.65, 9, 9.3, 11, 10.55, 14, 11.75, 16, 13], "CountryBoundary.Disputed.Dotted.Dash.Length": ["ref", "CountryBoundary.Disputed.Dash.Length"], "CountryBoundary.Disputed.Dotted.Gap.Length": ["ref", "CountryBoundary.Disputed.Gap.Length"], "StateBoundary.Disputed.Color": ["interpolate", ["linear"], ["zoom"], 0, "#e1e1e1", 4, "#e1e1e1", 5, "#c3c3d7", 6, "#d2d2d2", 7, "#b4b4b4", 12, "#b4b4b4", 13, "#aaaaaa", 20, "#aaaaaa"], "StateBoundary.Disputed.Outline.Color": ["interpolate", ["linear"], ["zoom"], 0, "#dcdcdc0f", 5, "#dcdcdc0f", 6, "#d7d7d70f", 7, "#c8c8c81a", 8, "#c8c8c829", 12, "#c8c8c829", 13, "#c8c8c833", 20, "#c8c8c833"], "StateBoundary.Disputed.Width": 0.9, "StateBoundary.Disputed.Outline.Width": ["interpolate", ["linear"], ["zoom"], 5, 0, 5, 3.1, 10, 3.1, 11, 3.7, 20, 3.7], "StateBoundary.Disputed.Dash.Length": ["step", ["zoom"], 1.25, 2, 4.95, 3, 6.2, 4, 7.45, 5, 8.05, 6, 8.65, 7, 9.3, 9, 9.9, 11, 11.15, 14, 12.4, 16, 13.65], "StateBoundary.Disputed.Gap.Length": ["step", ["zoom"], 1.25, 2, 4.35, 3, 5.55, 4, 6.8, 5, 7.45, 6, 8.05, 7, 8.65, 9, 9.3, 11, 10.55, 14, 11.75, 16, 13], "StateBoundary.Disputed.Dotted.Dash.Length": ["ref", "StateBoundary.Disputed.Dash.Length"], "StateBoundary.Disputed.Dotted.Gap.Length": ["ref", "StateBoundary.Disputed.Gap.Length"], "Country.Label.Color": ["interpolate", ["linear"], ["zoom"], 0, "#00001496", 3, "#00001496", 4, "#00001459", 5, "#14142878", 6, "#3232328c", 7, "#3232326e", 8, "#32323263", 20, "#32323263"], "Country.Label.Outline.Color": ["interpolate", ["linear"], ["zoom"], 0, "#fafdff33", 5, "#fafdff33", 6, "#fafdff78", 20, "#fafdff78"], "Country.Label.Size": ["interpolate", ["linear"], ["zoom"], 2, 0, 2, 14, 4, 14, 5, 15, 6, 20, 7, 26, 8, 28, 20, 28], "Country.Label.Outline.Width": ["interpolate", ["linear"], ["zoom"], 0, 1, 4, 1, 5, 1.5, 6, 1.5, 7, 2, 20, 2], "Country.Label.Leading": 2, "SmallCountry.Label.Color": ["interpolate", ["linear"], ["zoom"], 0, "#000014a1", 3, "#000014a1", 4, "#00001463", 5, "#14142882", 6, "#14142882", 7, "#32323296", 8, "#32323278", 20, "#32323278"], "SmallCountry.Label.Outline.Color": ["interpolate", ["linear"], ["zoom"], 0, "#fafdff33", 5, "#fafdff33", 6, "#fafdff78", 20, "#fafdff78"], "SmallCountry.Label.Size": ["interpolate", ["linear"], ["zoom"], 2, 0, 2, 11, 4, 11, 5, 12, 6, 15, 7, 17, 8, 18, 20, 18], "SmallCountry.Label.Outline.Width": ["interpolate", ["linear"], ["zoom"], 0, 1, 4, 1, 5, 1.25, 6, 1.25, 7, 1.5, 20, 1.5], "SmallCountry.Label.Leading": ["interpolate", ["linear"], ["zoom"], 0, 1, 4, 1, 5, 2, 20, 2], "State.Label.Color": ["interpolate", ["linear"], ["zoom"], 0, "#00001445", 4, "#00001445", 5, "#5a5a5a96", 20, "#5a5a5a96"], "State.Label.Outline.Color": "#fafdff14", "State.Label.Size": ["interpolate", ["linear"], ["zoom"], 4, 0, 4, 11, 5, 12, 6, 15, 7, 16, 20, 16], "State.Label.Outline.Width": ["interpolate", ["linear"], ["zoom"], 0, 1, 3, 1, 4, 1, 5, 1.25, 6, 1.25, 7, 1.5, 20, 1.5], "State.Label.Leading": ["interpolate", ["linear"], ["zoom"], 0, 1, 6, 1, 7, 2, 20, 2], "Ferry.Line.Width": ["interpolate", ["linear"], ["zoom"], 0, 0.6, 12, 0.6, 14, 0.6], "Ferry.Line.Color": ["interpolate", ["linear"], ["zoom"], 0, "#5a9fe5", 12, "#4892df", 14, "#428ddb"], "Ferry.Line.Gap.Length": 2.45, "Ferry.Line.Dash.Length": 2.45, "Ferry.Label.Color": "#307ccf", "Ferry.Label.Outline.Color": "#99ceff", "Ferry.Label.Size": ["interpolate", ["linear"], ["zoom"], 0, 11, 14, 11, 15, 12, 16, 12, 17, 13, 20, 13], "Ferry.Label.Outline.Width": ["interpolate", ["linear"], ["zoom"], 0, 1.375, 14, 1.375, 15, 1.5, 16, 1.5, 17, 1.625, 20, 1.625], "Desert.Color": ["interpolate", ["linear"], ["zoom"], 0, "#fcfae4", 10, "#fcfae4", 11, "#fbf9e4", 13, "#fbf9e4", 14, "#faf8e4", 15, "#faf8e4", 16, "#fdfaea", 20, "#fdfaea"], "Desert.Label.Color": "#99936a", "Desert.Label.Outline.Color": "#fbf9ed96", "Desert.Label.Size": ["interpolate", ["linear"], ["zoom"], 0, 10, 11, 10, 12, 11, 15, 11, 16, 12, 20, 12], "Desert.Label.Outline.Width": 1, "Glacier.Color": ["interpolate", ["linear"], ["zoom"], 0, "#e8f2ff", 15, "#e8f2ff", 16, "#ebf3ff", 20, "#ebf3ff"], "Glacier.Label.Color": "#4b5f73", "Glacier.Label.Outline.Color": ["interpolate", ["linear"], ["zoom"], 0, "#eff7ff63", 10, "#eff7ff63", 11, "#eff7ff96", 20, "#eff7ff96"], "Glacier.Label.Size": ["interpolate", ["linear"], ["zoom"], 0, 9, 11, 9, 12, 10, 15, 10, 16, 11, 20, 11], "Glacier.Label.Outline.Width": 1, "IndustrialComplex.Color": ["interpolate", ["linear"], ["zoom"], 0, "#e4eaf0", 10, "#e4eaf0", 11, "#e1e6ea", 13, "#e1e6ea", 14, "#dae1e4", 15, "#d3dcde", 16, "#ced8dc", 20, "#ced8dc"], "IndustrialComplex.Label.Color": "#465a6e", "IndustrialComplex.Label.Outline.Color": ["interpolate", ["linear"], ["zoom"], 0, "#ebf3fa96", 13, "#ebf3fa96", 14, "#e1e9f096", 20, "#e1e9f096"], "IndustrialComplex.Label.Size": ["interpolate", ["linear"], ["zoom"], 12, 0, 12, 10, 13, 11, 15, 11, 16, 12, 20, 12], "IndustrialComplex.Label.Outline.Width": 1, "Airport.Color": ["interpolate", ["linear"], ["zoom"], 0, "#e4eaf0", 10, "#e4eaf0", 11, "#e1e6ea", 13, "#e1e6ea", 14, "#dae1e4", 15, "#d3dcde", 16, "#ced8dc", 20, "#ced8dc"], "Cemetery.Color": ["interpolate", ["linear"], ["zoom"], 0, "#ddebdd", 13, "#ddebdd", 14, "#d7e9db", 15, "#d7e9db", 16, "#d3e9d8", 20, "#d3e9d8"], "Allotment.Color": ["interpolate", ["linear"], ["zoom"], 0, "#ddebdd", 13, "#ddebdd", 14, "#d7e9db", 15, "#d7e9db", 16, "#d3e9d8", 20, "#d3e9d8"], "HarborArea.Color": ["interpolate", ["linear"], ["zoom"], 0, "#e4eaf0", 10, "#e4eaf0", 11, "#e1e6ea", 13, "#e1e6ea", 14, "#dae1e4", 15, "#d3dcde", 16, "#ced8dc", 20, "#ced8dc"], "HospitalCampus.Color": ["interpolate", ["linear"], ["zoom"], 0, "#eedee5", 13, "#eedee5", 14, "#eedce5", 15, "#eedce5", 16, "#f3dae4", 20, "#f3dae4"], "PedestrianArea.Color": ["interpolate", ["linear"], ["zoom"], 0, "#e1eaf0", 9, "#e1eaf0", 10, "#e9edf0", 12, "#e9edf0", 13, "#ebeff2", 14, "#e9edf0", 15, "#dfe6eb", 16, "#dbe1e7", 20, "#dbe1e7"], "Railyard.Color": ["interpolate", ["linear"], ["zoom"], 0, "#e4eaf0", 10, "#e4eaf0", 11, "#e1e6ea", 13, "#e1e6ea", 14, "#dae1e4", 15, "#d3dcde", 16, "#ced8dc", 20, "#ced8dc"], "ShoppingComplex.Color": ["interpolate", ["linear"], ["zoom"], 0, "#e4eaf0", 10, "#e4eaf0", 11, "#e1e6ea", 13, "#e1e6ea", 14, "#dae1e4", 15, "#d3dcde", 16, "#ced8dc", 20, "#ced8dc"], "SportsComplex.Color": ["interpolate", ["linear"], ["zoom"], 0, "#ddebdd", 13, "#ddebdd", 14, "#d7e9db", 15, "#d7e9db", 16, "#d3e9d8", 20, "#d3e9d8"], "UniversityCampus.Color": ["interpolate", ["linear"], ["zoom"], 0, "#ebe6dd", 13, "#ebe6dd", 14, "#ebe3d8", 15, "#ebe3d8", 16, "#f0e3d3", 20, "#f0e3d3"], "Park.Color": ["interpolate", ["linear"], ["zoom"], 0, "#bae8a9", 11, "#bae8a9", 12, "#b3e89e", 15, "#b3e89e", 16, "#a9e98d", 20, "#a9e98d"], "Park.Label.Color": "#3e7864", "Park.Label.Outline.Color": ["interpolate", ["linear"], ["zoom"], 0, "#d7f2cd96", 11, "#d7f2cd96", 12, "#d0eec396", 20, "#d0eec396"], "Park.Label.Size": ["interpolate", ["linear"], ["zoom"], 12, 0, 12, 10, 13, 11, 15, 11, 16, 12, 20, 12], "Park.Label.Outline.Width": 1, "AmusementPark.Color": ["interpolate", ["linear"], ["zoom"], 0, "#ddebdd", 13, "#ddebdd", 14, "#d7e9db", 15, "#d7e9db", 16, "#d3e9d8", 20, "#d3e9d8"], "AnimalPark.Color": ["interpolate", ["linear"], ["zoom"], 0, "#ddebdd", 13, "#ddebdd", 14, "#d7e9db", 15, "#d7e9db", 16, "#d3e9d8", 20, "#d3e9d8"], "GolfCourse.Color": ["interpolate", ["linear"], ["zoom"], 0, "#c6ebb9", 11, "#c6ebb9", 12, "#a8e8a5", 13, "#a8e8a5", 14, "#a2e8aa", 15, "#a2e8aa", 16, "#93e9a2", 20, "#93e9a2"], "Island.Label.Color": "#515704", "Island.Label.Outline.Color": "#fafdff63", "Island.Label.Size": ["interpolate", ["linear"], ["zoom"], 6, 0, 6, 9, 11, 10, 12, 11, 13, 11, 14, 12, 15, 12, 16, 13, 17, 13, 20, 13], "Island.Label.Outline.Width": ["interpolate", ["linear"], ["zoom"], 0, 1, 15, 1, 16, 1, 20, 1], "Island.Label.Leading": 2, "POI.MountainPeak.Icon.Size": ["interpolate", ["linear"], ["zoom"], 0, 8, 10, 8, 11, 9, 12, 10, 13, 10, 20, 10], "POI.MountainPeak.Label.Color": "#786b67", "POI.MountainPeak.Label.Outline.Color": "#fafeff78", "POI.MountainPeak.Label.Size": ["interpolate", ["linear"], ["zoom"], 0, 10, 5, 10, 6, 10, 20, 10], "POI.MountainPeak.Label.Outline.Width": 1, "MountainRange.Label.Color": "#786b67", "MountainRange.Label.Outline.Color": "#fafeff78", "MountainRange.Label.Size": ["interpolate", ["linear"], ["zoom"], 0, 10, 5, 10, 6, 10, 20, 10], "MountainRange.Label.Outline.Width": 1, "MountainRange.Label.Leading": ["interpolate", ["linear"], ["zoom"], 0, 3, 5, 3, 6, 4, 7, 6, 20, 6], "MountainRange.Label.Tracking": ["interpolate", ["linear"], ["zoom"], 0, 2, 5, 2, 6, 3, 7, 5, 20, 5], "MilitaryBase.Color": ["interpolate", ["linear"], ["zoom"], 0, "#ebedf2", 5, "#ebedf2", 6, "#ebedf2c7", 7, "#ebedf2c7", 8, "#ebedf2b0", 9, "#ebedf27d", 10, "#ebedf27d", 11, "#ebedf263", 15, "#ebedf263", 16, "#f0f2f863", 20, "#f0f2f863"], "MilitaryBase.Outline.Width": ["interpolate", ["linear"], ["zoom"], 7, 0, 7, 0.3, 9, 0.45, 11, 0.6, 13, 0.9, 14, 1.25], "MilitaryBase.Outline.Color": ["interpolate", ["linear"], ["zoom"], 0, "#83819c33", 7, "#83819c0f", 9, "#83819c14", 11, "#83819c14", 13, "#83819c0f", 14, "#83819c0a"], "MilitaryBase.Label.Color": "#83819c", "MilitaryBase.Label.Outline.Color": "#f2f5fc96", "MilitaryBase.Label.Size": ["interpolate", ["linear"], ["zoom"], 6, 0, 6, 10, 11, 10, 12, 11, 15, 11, 16, 12, 20, 12], "MilitaryBase.Label.Outline.Width": 1, "NationalPark.Color": ["interpolate", ["linear"], ["zoom"], 0, "#c1f0b6c7", 5, "#c1f0b6c7", 6, "#c1f0b673", 7, "#c1f0b673", 8, "#c1f0b66e", 9, "#c1f0b669", 10, "#bbf0af63", 11, "#b7f0aa54", 15, "#b7f0aa54", 16, "#b3f39c54", 20, "#b3f39c54"], "NationalPark.Outline.Width": ["interpolate", ["linear"], ["zoom"], 7, 0, 7, 0.3, 9, 0.45, 11, 0.6, 13, 0.9, 14, 1.25], "NationalPark.Outline.Color": ["interpolate", ["linear"], ["zoom"], 0, "#71bf6029", 7, "#71bf6029", 9, "#71bf601f", 11, "#71bf601f", 13, "#71bf601f", 14, "#71bf601f"], "NationalPark.Label.Color": "#4e855d", "NationalPark.Label.Outline.Color": "#e6fae196", "NationalPark.Label.Size": ["interpolate", ["linear"], ["zoom"], 5, 0, 5, 10, 11, 10, 12, 11, 15, 11, 16, 12, 20, 12], "NationalPark.Label.Outline.Width": 1, "NationalPark.Label.Leading": 2, "NationalPark.Label.Tracking": 1, "NativeReservation.Color": ["interpolate", ["linear"], ["zoom"], 0, "#f5e7dac7", 5, "#f5e7dac7", 6, "#f5e7da96", 7, "#f5e7da7d", 8, "#f5e7da7d", 9, "#f5e6d763", 10, "#f5e1d054", 11, "#f5dfcb4a", 15, "#f5dfcb4a", 16, "#fde1c94a", 20, "#fde1c94a"], "NativeReservation.Outline.Width": ["interpolate", ["linear"], ["zoom"], 7, 0, 7, 0.3, 9, 0.45, 11, 0.6, 13, 0.9, 14, 1.25], "NativeReservation.Outline.Color": ["interpolate", ["linear"], ["zoom"], 0, "#bf8b6000", 7, "#bf8b6014", 9, "#bf8b601f", 11, "#bf8b6029", 13, "#bf8b601f", 14, "#bf8b6014"], "NativeReservation.Label.Color": "#a68163", "NativeReservation.Label.Outline.Color": "#fcf7f296", "NativeReservation.Label.Size": ["interpolate", ["linear"], ["zoom"], 6, 0, 6, 10, 11, 10, 12, 11, 15, 11, 16, 12, 20, 12], "NativeReservation.Label.Outline.Width": 1, "Icon.PerspectiveScaling.Min": 0.9, "Icon.PerspectiveScaling.Max": 1.1, "POI.Icon.Size": ["interpolate", ["linear"], ["zoom"], 0, 14, 15, 14, 16, 15, 17, 15, 18, 16, 20, 16], "POI.Generic.Label.Color": "#646464", "POI.Generic.Label.Outline.Color": "#f0f6f796", "POI.Label.Size": ["interpolate", ["linear"], ["zoom"], 13, 0, 13, 12, 20, 12], "POI.Label.Outline.Width": 1, "Rail.Line.Width": ["interpolate", ["linear"], ["zoom"], 0, 0.6, 11, 0.6, 13, 0.6, 14, 0.6, 16, 1.25, 18, 1.85], "Rail.Outline.Width": ["interpolate", ["linear"], ["zoom"], 13, 1.55, 14, 1.55, 16, 1.85, 18, 2.45], "Rail.Line.Color": ["interpolate", ["linear"], ["zoom"], 0, "#8c8c8c", 11, "#787878", 13, "#a0a0a0", 14, "#aaaaaa", 16, "#aaaaaa", 18, "#a0a0a0"], "Rail.Outline.Color": ["interpolate", ["linear"], ["zoom"], 13, "#aaaaaa", 14, "#969696", 16, "#aaaaaa", 18, "#aaaaaa"], "Rail.SecondLine.Color": ["interpolate", ["linear"], ["zoom"], 0, "#dcdcdc", 11, "#c8c8c8", 13, "#ffffff", 14, "#ffffff", 16, "#fafafa", 18, "#fafafa"], "Rail.Line.Gap.Length": ["step", ["zoom"], 4.35, 13, 4.95, 14, 6.2], "Rail.Line.Dash.Length": ["step", ["zoom"], 4.35, 13, 4.95, 14, 6.2], "Rail.Label.Color": "#646464", "Rail.Label.Outline.Color": "#ffffff78", "Rail.Label.Size": ["interpolate", ["linear"], ["zoom"], 12, 0, 12, 10, 13, 11, 15, 11, 16, 12, 20, 12], "Rail.Label.Outline.Width": ["interpolate", ["linear"], ["zoom"], 0, 1.25, 12, 1.25, 13, 1.375, 15, 1.375, 16, 1.5, 20, 1.5], "Route.Active.Color": "#1652b4", "Route.Active.Outline.Color": "#f8fcf8", "Route.Width": ["interpolate", ["linear"], ["zoom"], 0, 4.35, 5, 4.35, 6, 4.95, 7, 5.55, 10, 5.55, 11, 6.2, 14, 6.2, 15, 6.8, 16, 8.05, 17, 9.3, 18, 10.55, 19, 13, 20, 20.45], "Route.Outline.Width": 0, "Runway.Color": ["interpolate", ["linear"], ["zoom"], 0, "#d3d9de", 13, "#d3d9de", 14, "#cdd5d6", 15, "#c6d1d3", 16, "#c0cbd0", 20, "#c0cbd0"], "Sea.Label.Color": "#4d93dd", "Sea.Label.Size": ["interpolate", ["linear"], ["zoom"], 1, 0, 1, 8, 5, 12, 6, 12, 7, 13, 8, 14, 20, 14], "Sea.Label.Leading": 2, "Sea.Label.Tracking": 1, "Sea.Label.Style": ["ref", "Label.Style.RegularItalic"], "Ocean.Label.Color": "#4d93dd", "Ocean.Label.Leading": 3, "Ocean.Label.Tracking": 2, "Ocean.Label.Style": ["ref", "Label.Style.RegularItalic"], "BayHarbor.Label.Color": ["ref", "Sea.Label.Color"], "BayHarbor.Label.Outline.Color": ["ref", "Lake.Label.Outline.Color"], "BayHarbor.Label.Size": ["ref", "Sea.Label.Size"], "BayHarbor.Label.Outline.Width": ["ref", "Sea.Label.Outline.Width"], "BayHarbor.Label.Leading": ["ref", "Sea.Label.Leading"], "BayHarbor.Label.Style": ["ref", "Sea.Label.Style"], "Lake.Color": "#99ceff", "Lake.Label.Color": "#2269bf", "Lake.Label.Outline.Color": "#cce6ff78", "Lake.Label.Size": ["interpolate", ["linear"], ["zoom"], 6, 0, 6, 9, 11, 10, 12, 11, 15, 11, 16, 12, 20, 12], "Lake.Label.Outline.Width": 1, "Lake.Label.Leading": ["interpolate", ["linear"], ["zoom"], 0, 2, 14, 2, 15, 4, 20, 4], "Lake.Label.Style": ["ref", "Label.Style.Regular"], "River.Color": "#99ceff", "River.Label.Color": "#2269bf", "River.Label.Outline.Color": "#cce6ff78", "River.Label.Size": ["interpolate", ["linear"], ["zoom"], 6, 0, 6, 10, 11, 10, 12, 11, 15, 11, 16, 12, 20, 12], "River.Label.Outline.Width": 1, "River.Label.Leading": ["interpolate", ["linear"], ["zoom"], 0, 2, 14, 2, 15, 4, 20, 4], "River.Label.Style": ["ref", "Label.Style.RegularItalic"], "River.Width": ["interpolate", ["linear"], ["zoom"], 6, 0.6, 13, 0.6, 14, 1.85, 15, 2.8, 16, 4.65, 17, 8.35, 18, 13, 19, 20.45, 20, 37.15], "River.Class1.Width": ["interpolate", ["linear"], ["zoom"], 6, 0, 6, 0.6, 9, 0.6, 10, 1.25, 11, 1.55, 12, 1.85, 13, 2.45, 14, 3.1, 15, 4.95, 16, 8.65, 17, 14.85, 18, 30.95, 19, 49.55, 20, 74.35], "River.Class2.Width": ["interpolate", ["linear"], ["zoom"], 6, 0, 7, 0, 10, 0, 10, 0.6, 11, 1.25, 13, 1.25, 14, 1.85, 15, 3.1, 16, 5.55, 17, 9.9, 18, 17.95, 19, 30.95, 20, 55.75], "River.Class3.Width": ["interpolate", ["linear"], ["zoom"], 7, 0, 7, 0.6, 9, 0.6, 10, 0.6, 11, 1.25, 13, 1.25, 14, 1.85, 15, 3.1, 16, 5.55, 17, 9.9, 18, 17.95, 19, 30.95, 20, 55.75], "River.Class4.Width": ["interpolate", ["linear"], ["zoom"], 7, 0, 7, 0.6, 9, 0.6, 10, 0.6, 11, 1.25, 12, 1.25, 13, 1.85, 14, 3.1, 15, 4.35, 16, 6.2, 17, 9.9, 18, 17.95, 19, 30.95, 20, 55.75], "River.Class5.Width": ["interpolate", ["linear"], ["zoom"], 7, 0, 8, 0, 10, 0, 10, 0.6, 11, 0.6, 12, 1.25, 13, 1.25, 14, 1.85, 15, 2.45, 16, 4.35, 17, 8.05, 18, 14.85, 19, 25.4, 20, 46.45], "River.Class6.Width": ["interpolate", ["linear"], ["zoom"], 8, 0, 9, 0, 10, 0, 10, 0.6, 13, 0.6, 14, 1.25, 15, 1.85, 16, 3.7, 17, 6.8, 18, 12.4, 19, 22.3, 20, 39.65], "River.Class7.Width": ["interpolate", ["linear"], ["zoom"], 10, 0, 10, 0.6, 13, 0.6, 14, 0.6, 15, 1.25, 16, 2.45, 17, 4.95, 18, 7.45, 19, 11.15, 20, 15.5], "River.Class8.Width": ["interpolate", ["linear"], ["zoom"], 11, 0, 11, 0.6, 13, 0.6, 14, 0.6, 15, 1.25, 16, 1.85, 17, 3.1, 18, 4.95, 19, 8.65, 20, 15.5], "CanalWaterChannel.Color": "#99ceff", "CanalWaterChannel.Label.Color": "#2269bf", "CanalWaterChannel.Label.Outline.Color": "#cce6ff78", "CanalWaterChannel.Label.Size": ["interpolate", ["linear"], ["zoom"], 6, 0, 6, 10, 11, 10, 12, 11, 15, 11, 16, 12, 20, 12], "CanalWaterChannel.Label.Outline.Width": 1, "CanalWaterChannel.Label.Leading": ["interpolate", ["linear"], ["zoom"], 0, 2, 14, 2, 15, 4, 20, 4], "CanalWaterChannel.Label.Style": ["ref", "Label.Style.RegularItalic"], "IntermittentRiver.Color": "#abdbff", "IntermittentRiver.Label.Color": "#367cbf", "IntermittentRiver.Label.Outline.Color": "#cce6ff78", "IntermittentRiver.Label.Size": ["interpolate", ["linear"], ["zoom"], 6, 0, 6, 10, 11, 10, 12, 11, 15, 11, 16, 12, 20, 12], "IntermittentRiver.Label.Outline.Width": 1, "IntermittentRiver.Label.Style": ["ref", "Label.Style.RegularItalic"], "Street.Arrow.Enabled": true, "Street.Arrow.Gap.Length": ["step", ["zoom"], 31, 16, 31, 17, 50, 18, 68, 19, 93, 20, 125, 21, 200, 22, 250, 23, 300, 24, 350], "Street.Category0.Toll.Outline.Color": "#b84e7a", "Street.Category0.Toll.Centerline.Color": ["interpolate", ["linear"], ["zoom"], 0, "#e086aa", 11, "#e086aa", 12, "#db759c", 13, "#d36a9a", 14, "#d4739b", 20, "#d4739b"], "Street.Category0.Construction.Dash.Length": ["step", ["zoom"], 2.45, 9, 3.7, 11, 4.95, 13, 6.2, 14, 7.45, 15, 11.15, 16, 12.4, 17, 14.25, 18, 28.5, 19, 37.15, 20, 55.75], "Street.Category0.Construction.Gap.Length": ["step", ["zoom"], 3.1, 9, 4.35, 11, 5.55, 13, 8.05, 14, 8.65, 15, 11.15, 16, 12.4, 17, 13, 18, 22.3, 19, 24.8, 20, 40.25], "Street.Category0.Ramp.Width": ["interpolate", ["linear"], ["zoom"], 0, 1.85, 13, 1.85, 14, 2.45, 15, 3.1, 16, 3.7, 17, 4.95, 18, 11.15, 19, 14.25, 20, 21.7], "Street.Category0.Ramp.Outline.Width": ["ref", "Street.Category0.Outline.Width"], "Street.Category0.Unpaved.Outline.Color": ["interpolate", ["linear"], ["zoom"], 0, "#bec0be", 14, "#bec0be", 15, "#adb0af", 20, "#adb0af"], "Street.Category0.Unpaved.Width": ["interpolate", ["linear"], ["zoom"], 0, 0.6, 6, 0.6, 7, 1.25, 8, 1.55, 9, 1.85, 10, 2.45, 11, 2.45, 12, 3.1, 13, 3.4, 14, 4.35, 15, 6.2, 16, 8.65, 17, 11.15, 18, 21.7, 19, 27.9, 20, 43.35], "Street.Category0.Bridge.Color": ["interpolate", ["linear"], ["zoom"], 0, "#5a5a5a33", 14, "#5a5a5a33", 15, "#5a5a5a45", 16, "#5a5a5a45", 17, "#5a5a5a45", 20, "#5a5a5a45"], "Street.Category0.Bridge.Outline.Width": ["interpolate", ["linear"], ["zoom"], 0, 0.9, 16, 0.9, 17, 1.25, 20, 1.25], "Street.Category0.Arrow.Color": ["interpolate", ["linear"], ["zoom"], 0, "#c25d82", 16, "#c25d82", 17, "#ce7394", 20, "#ce7394"], "Street.Category0.Arrow.Toll.Color": ["interpolate", ["linear"], ["zoom"], 0, "#c25d82", 16, "#c25d82", 17, "#ce7394", 20, "#ce7394"], "Street.Category0.Arrow.Unpaved.Color": "#ccc8ad", "Street.Category0.Label.Color": ["interpolate", ["linear"], ["zoom"], 0, "#000012", 13, "#000012", 14, "#323244", 20, "#323244"], "Street.Category0.Label.Outline.Color": ["interpolate", ["linear"], ["zoom"], 0, "#ffffff33", 15, "#ffffff33", 16, "#ffffff33", 20, "#ffffff33"], "Street.Category0.Label.Size": ["interpolate", ["linear"], ["zoom"], 10, 0, 10, 10, 11, 11, 12, 13, 13, 14, 14, 15, 15, 17, 16, 20, 17, 24, 18, 26, 20, 26], "Street.Category0.Label.Outline.Width": ["interpolate", ["linear"], ["zoom"], 10, 0, 10, 1.25, 11, 1.375, 12, 1.625, 13, 1.75, 14, 1.875, 15, 2.125, 16, 2.5, 17, 3, 18, 3.25, 20, 3.25], "Street.Category0.Label.Toll.Outline.Color": ["interpolate", ["linear"], ["zoom"], 0, "#ffffff33", 15, "#ffffff33", 16, "#ffffff33", 20, "#ffffff33"], "Street.Category0.Label.Unpaved.Color": "#786d68", "Street.Category0.Label.Unpaved.Outline.Color": "#ffffff33", "Street.Category0.Label.Ramp.Size": ["interpolate", ["linear"], ["zoom"], 11, 0, 11, 10, 12, 11, 13, 12, 14, 13, 15, 15, 16, 18, 17, 22, 18, 24, 20, 24], "Street.Category1.Label.Color": ["interpolate", ["linear"], ["zoom"], 0, "#0a0a14", 13, "#0a0a14", 14, "#32323c", 20, "#32323c"], "Street.Category1.Label.Outline.Color": ["interpolate", ["linear"], ["zoom"], 0, "#ffffff33", 15, "#ffffff33", 16, "#ffffff33", 20, "#ffffff33"], "Street.Category1.Label.Size": ["interpolate", ["linear"], ["zoom"], 11, 0, 11, 10, 12, 11, 13, 12, 14, 13, 15, 15, 16, 17, 17, 22, 18, 24, 20, 24], "Street.Category1.Label.Outline.Width": ["interpolate", ["linear"], ["zoom"], 11, 0, 11, 1.25, 12, 1.375, 13, 1.5, 14, 1.625, 15, 1.875, 16, 2.125, 17, 2.75, 18, 3, 20, 3], "Street.Category1.Label.Ramp.Size": ["interpolate", ["linear"], ["zoom"], 12, 0, 12, 10, 13, 11, 14, 12, 15, 13, 16, 16, 17, 20, 18, 22, 20, 22], "Street.Category2.Label.Color": ["interpolate", ["linear"], ["zoom"], 0, "#14141e", 13, "#14141e", 14, "#3f3f51", 20, "#3f3f51"], "Street.Category2.Label.Outline.Color": ["interpolate", ["linear"], ["zoom"], 0, "#ffffff33", 15, "#ffffff33", 16, "#ffffff33", 20, "#ffffff33"], "Street.Category2.Label.Size": ["interpolate", ["linear"], ["zoom"], 12, 0, 12, 10, 13, 11, 14, 12, 15, 14, 16, 16, 17, 20, 18, 21, 20, 21], "Street.Category2.Label.Outline.Width": ["interpolate", ["linear"], ["zoom"], 12, 0, 12, 1.25, 13, 1.375, 14, 1.5, 15, 1.75, 16, 2, 17, 2.5, 18, 2.625, 20, 2.625], "Street.Category2.Label.Ramp.Size": ["interpolate", ["linear"], ["zoom"], 13, 0, 13, 10, 14, 11, 15, 12, 16, 14, 17, 18, 18, 19, 20, 19], "Street.Category3.Label.Color": "#2f2f3d", "Street.Category3.Label.Outline.Color": ["interpolate", ["linear"], ["zoom"], 0, "#ffffff33", 15, "#ffffff33", 16, "#ffffff33", 20, "#ffffff33"], "Street.Category3.Label.Size": ["interpolate", ["linear"], ["zoom"], 13, 0, 13, 10, 14, 11, 15, 13, 16, 13, 17, 17, 18, 18, 20, 18], "Street.Category3.Label.Outline.Width": ["interpolate", ["linear"], ["zoom"], 13, 0, 13, 1.25, 14, 1.375, 15, 1.625, 16, 1.625, 17, 2.125, 18, 2.25, 20, 2.25], "Street.Category3.Label.Ramp.Size": ["interpolate", ["linear"], ["zoom"], 14, 0, 14, 10, 15, 12, 16, 12, 17, 16, 18, 17, 20, 17], "Street.Category4.Label.Color": "#2f2f3d", "Street.Category4.Label.Outline.Color": ["interpolate", ["linear"], ["zoom"], 0, "#ffffff33", 15, "#ffffff33", 16, "#ffffff33", 20, "#ffffff33"], "Street.Category4.Label.Size": ["interpolate", ["linear"], ["zoom"], 14, 0, 14, 10, 15, 12, 16, 12, 17, 14, 18, 15, 20, 15], "Street.Category4.Label.Outline.Width": ["interpolate", ["linear"], ["zoom"], 14, 0, 14, 1.25, 15, 1.5, 16, 1.5, 17, 1.75, 18, 1.875, 20, 1.875], "Street.Pedestrian.Label.Color": "#323246", "Street.Pedestrian.Label.Outline.Color": "#e0e7eb96", "Street.Pedestrian.Label.Size": ["interpolate", ["linear"], ["zoom"], 14, 0, 14, 10, 15, 12, 16, 12, 17, 13, 18, 14, 20, 14], "Street.Pedestrian.Label.Outline.Width": ["interpolate", ["linear"], ["zoom"], 14, 0, 14, 1.25, 15, 1.5, 16, 1.625, 17, 1.75, 20, 1.75], "Street.Walkway.Label.Color": "#828282", "Street.Walkway.Label.Outline.Color": "#ffffff33", "Street.Walkway.Label.Size": ["interpolate", ["linear"], ["zoom"], 15, 0, 15, 10, 16, 12, 17, 13, 20, 13], "Street.Walkway.Label.Outline.Width": ["interpolate", ["linear"], ["zoom"], 15, 0, 15, 1.25, 16, 1.5, 17, 1.625, 20, 1.625], "Street.Category2.Width": ["interpolate", ["linear"], ["zoom"], 0, 0.6, 10, 0.6, 11, 1.85, 12, 2.15, 13, 2.15, 14, 3.1, 15, 4.35, 16, 6.8, 17, 7.45, 18, 18.6, 19, 21.05, 20, 33.45], "Street.Category3.Width": ["interpolate", ["linear"], ["zoom"], 0, 0.6, 11, 0.6, 12, 1.85, 13, 2.15, 14, 2.45, 15, 3.7, 16, 6.2, 17, 6.2, 18, 16.1, 19, 18.6, 20, 28.5], "Street.Category4.Width": ["interpolate", ["linear"], ["zoom"], 0, 0.6, 13, 0.6, 14, 1.85, 15, 2.45, 16, 4.35, 17, 4.95, 18, 12.4, 19, 16.1, 20, 24.8], "Street.Pedestrian.Width": ["interpolate", ["linear"], ["zoom"], 13, 0, 13, 0.6, 15, 0.6, 16, 1.85, 17, 2.45, 18, 3.1, 19, 4.35, 20, 4.95], "Street.Pedestrian.Dash.Length": ["step", ["zoom"], 1.25, 17, 1.85, 18, 2.45, 19, 3.7, 20, 4.35], "Street.Pedestrian.Gap.Length": ["step", ["zoom"], 1.25, 17, 1.85, 19, 3.1, 20, 3.7], "Street.Walkway.Width": 0.6, "Street.Category0.Centerline.Width": ["interpolate", ["linear"], ["zoom"], 11, 0, 11, 0.6, 20, 0.6], "Street.Category0.Outline.Color": "#b84e7a", "Street.Category0.Centerline.Color": ["interpolate", ["linear"], ["zoom"], 0, "#e086aa", 11, "#e086aa", 12, "#db759c", 13, "#d36a9a", 14, "#d4739b", 20, "#d4739b"], "Street.Category0.Tunnel.Centerline.Color": ["interpolate", ["linear"], ["zoom"], 0, "#e086aa", 11, "#e086aa", 12, "#db759c", 13, "#d36a9a", 14, "#d4739b", 20, "#d4739b"], "Street.Category1.Outline.Color": ["interpolate", ["linear"], ["zoom"], 0, "#cc6960", 10, "#cc6960", 11, "#bf635a", 12, "#bf6374", 20, "#bf6374"], "Street.Category2.Outline.Color": "#bf9d86", "Street.Category3.Outline.Color": "#a5a483", "Street.Category4.Outline.Color": ["interpolate", ["linear"], ["zoom"], 0, "#adb0af", 14, "#adb0af", 15, "#94968f", 20, "#94968f"], "Street.Pedestrian.Tunnel.Color": "#b4b4b4", "Street.Pedestrian.Outline.Color": "#b4b4b400", "Street.Walkway.Outline.Color": "#b4b4b4", "Traffic.Flow.Free.Color": "#94cc9c", "Traffic.Flow.SlowMinor.Color": "#ffdc00", "Traffic.Flow.StationaryQueuing.Color": ["interpolate", ["linear"], ["zoom"], 0, "#f21932", 9, "#f21932", 10, "#eb232d", 20, "#eb232d"], "Traffic.Flow.VeryHighSelectedColor": "#c41d26", "Traffic.Flow.Blocking.Outline.Color": "#fbd7df", "Traffic.Flow.Blocking.Color": ["ref", "Traffic.Flow.Blocking.Outline.Color"], "Traffic.Incident.Color": "#3e3e3e78", "Traffic.Incident.Outline.Color": "#d6d6d6", "Traffic.Flow.Outline.Color": ["interpolate", ["linear"], ["zoom"], 0, "#32323200", 8, "#32323200", 9, "#ffffff96", 20, "#ffffff96"], "Traffic.Category0.Width": ["interpolate", ["linear"], ["zoom"], 7, 0, 7, 1.25, 8, 1.25, 9, 1.25, 10, 1.85, 11, 3.1, 12, 3.7, 13, 4.95, 14, 5.55, 15, 5.55, 15, 6.2, 16, 6.8, 17, 7.45, 18, 8.65, 19, 10.55, 20, 12.4], "Traffic.Category0.Offset": ["interpolate", ["linear"], ["zoom"], 7, 0, 7, 1.25, 9, 1.25, 10, 1.85, 11, 2.45, 12, 3.7, 13, 3.7, 14, 4.35, 15, 4.95, 16, 6.2, 17, 6.8, 18, 9.3, 19, 11.15, 20, 16.1], "Traffic.Category0.Outline.Width": ["interpolate", ["linear"], ["zoom"], 7, 0, 7, 0.6], "Traffic.Category1.Width": ["interpolate", ["linear"], ["zoom"], 10, 0, 10, 1.25, 11, 1.85, 12, 3.1, 13, 3.7, 14, 4.35, 15, 4.95, 16, 5.55, 17, 6.2, 18, 7.45, 19, 9.3, 20, 11.15], "Traffic.Category1.Offset": ["interpolate", ["linear"], ["zoom"], 10, 0, 10, 1.25, 11, 1.85, 12, 2.45, 13, 3.1, 14, 3.7, 15, 4.35, 16, 4.95, 17, 6.2, 18, 8.65, 19, 9.3, 20, 15.5], "Traffic.Category1.Outline.Width": ["interpolate", ["linear"], ["zoom"], 10, 0, 10, 0.6], "Traffic.Category2.Width": ["interpolate", ["linear"], ["zoom"], 12, 0, 12, 1.85, 13, 2.45, 14, 3.1, 15, 3.7, 16, 4.35, 17, 4.95, 18, 6.2, 19, 8.05, 20, 9.3], "Traffic.Category2.Offset": ["interpolate", ["linear"], ["zoom"], 12, 0, 12, 1.85, 13, 1.85, 14, 2.45, 15, 3.7, 16, 4.95, 17, 6.2, 18, 8.05, 19, 9.3, 20, 13.65], "Traffic.Category2.Outline.Width": ["interpolate", ["linear"], ["zoom"], 12, 0, 12, 0.6], "Traffic.Category3.Width": ["interpolate", ["linear"], ["zoom"], 12, 0, 12, 1.85, 13, 1.85, 14, 2.45, 15, 3.1, 16, 3.7, 17, 4.35, 18, 4.95, 19, 6.2, 20, 7.45], "Traffic.Category3.Offset": ["interpolate", ["linear"], ["zoom"], 13, 0, 13, 1.25, 14, 2.45, 15, 3.1, 16, 4.35, 17, 4.95, 18, 7.45, 19, 8.65, 20, 13], "Traffic.Category3.Outline.Width": ["interpolate", ["linear"], ["zoom"], 12, 0, 12, 0.6], "Traffic.Category4.Width": ["interpolate", ["linear"], ["zoom"], 14, 0, 14, 1.85, 15, 2.45, 16, 3.1, 17, 3.7, 18, 4.35, 19, 4.95, 20, 6.2], "Traffic.Category4.Offset": ["interpolate", ["linear"], ["zoom"], 14, 0, 14, 1.25, 15, 1.85, 16, 3.1, 17, 4.35, 18, 6.8, 19, 8.65, 20, 12.4], "Traffic.Category4.Outline.Width": ["interpolate", ["linear"], ["zoom"], 14, 0, 14, 0.6], "Traffic.Icon.Size": ["interpolate", ["linear"], ["zoom"], 11, 0, 11, 20, 12, 20, 13, 22, 14, 23, 15, 24, 16, 26, 17, 28, 20, 28], "SafetyCamera.Icon.Size": ["ref", "Traffic.Icon.Size"], "SafetyCamera.Icon.Brightness": ["ref", "Traffic.Icon.Brightness"], "Traffic.OnRoute.Free.Color": "#94cc9c00", "Traffic.OnRoute.SlowMinor.Color": ["interpolate", ["linear"], ["zoom"], 0, "#ffdc00", 12, "#ffdc00", 13, "#ffdc00", 20, "#ffdc00"], "Traffic.OnRoute.StationaryQueuing.Color": ["interpolate", ["linear"], ["zoom"], 0, "#f21932", 9, "#f21932", 10, "#eb232d", 20, "#eb232d"], "Traffic.OnRoute.Blocking.Color": "#323232", "Traffic.OnRoute.Outline.Color": "#ffffff00", "Traffic.OnRoute.Width": ["interpolate", ["linear"], ["zoom"], 6, 0, 6, 1.85, 11, 1.85, 12, 2.45, 14, 2.45, 15, 3.1, 16, 3.1, 17, 3.7, 18, 4.35, 19, 6.2, 20, 11.75], "Traffic.OnRoute.Outline.Width": 0, "POI.TransitStop.Label.Color": "#3c3c3c", "POI.TransitStop.Label.Outline.Color": ["interpolate", ["linear"], ["zoom"], 0, "#edf3f596", 13, "#edf3f596", 14, "#f0f4f7b5", 20, "#f0f4f7b5"], "POI.TransitStop.Label.Size": ["interpolate", ["linear"], ["zoom"], 8, 0, 8, 9, 9, 9, 10, 10, 13, 10, 14, 11, 15, 12, 20, 12], "POI.TransitStop.Label.Outline.Width": 1, "CongestionZone.Outline.Color": "#237dca", "CongestionZone.Outline.Width": ["interpolate", ["linear"], ["zoom"], 0, 0.6, 10, 0.6, 11, 1.25, 15, 1.25, 16, 1.85, 20, 1.85], "EnvironmentalZone.Color": ["interpolate", ["linear"], ["zoom"], 0, "#31b5ab45", 9, "#31b5ab45", 10, "#31b5ab3d", 11, "#31b5ab33", 12, "#31b5ab29", 13, "#31b5ab1f", 20, "#31b5ab1f"], "EnvironmentalZone.Outline.Color": "#31b5ab", "EnvironmentalZone.Outline.Width": ["ref", "CongestionZone.Outline.Width"], "CongestionZone.Label.Color": "#064f8f", "CongestionZone.Label.Outline.Color": "#dae7f2c7", "CongestionZone.Label.Leading": ["interpolate", ["linear"], ["zoom"], 0, 3, 12, 3, 13, 4, 16, 4, 17, 5, 20, 5], "CongestionZone.Label.Tracking": ["interpolate", ["linear"], ["zoom"], 0, 2, 12, 2, 13, 3, 16, 3, 17, 4, 20, 4], "CongestionZone.Label.Outline.Width": 1.5, "EnvironmentalZone.Label.Color": "#14736b", "EnvironmentalZone.Label.Outline.Color": "#d6eaebc7", "EnvironmentalZone.Label.Size": ["interpolate", ["linear"], ["zoom"], 0, 12, 14, 12, 15, 13, 16, 13, 17, 14, 20, 14], "EnvironmentalZone.Label.Leading": ["interpolate", ["linear"], ["zoom"], 0, 3, 12, 3, 13, 4, 16, 4, 17, 5, 20, 5], "EnvironmentalZone.Label.Tracking": ["interpolate", ["linear"], ["zoom"], 0, 2, 12, 2, 13, 3, 16, 3, 17, 4, 20, 4], "EnvironmentalZone.Label.Outline.Width": 1.5, "RemainingRangeEV.Line.Color": ["interpolate", ["linear"], ["zoom"], 0, "#48dad000", 3, "#48dad000", 4, "#48dad0", 20, "#48dad0"], "RemainingRangeEV.Line.Width": ["interpolate", ["linear"], ["zoom"], 4, 0, 4, 1.25, 6, 1.25, 7, 1.55, 8, 1.85, 9, 2.45, 10, 3.1, 11, 3.4, 12, 4.35, 14, 4.35, 15, 4.95, 20, 4.95], "RemainingRangeEV.Outline.Color": ["interpolate", ["linear"], ["zoom"], 0, "#96969600", 3, "#96969600", 4, "#9696968c", 6, "#9696968c", 7, "#9696966e", 20, "#9696966e"], "RemainingRangeEV.Outline.Width": ["interpolate", ["linear"], ["zoom"], 4, 0, 4, 0.9, 6, 0.9, 7, 0.9, 8, 1.25, 10, 1.25, 11, 1.55, 12, 1.85, 14, 1.85, 15, 2.45, 20, 2.45], "RemainingRangeEV.Outline.Offset": ["interpolate", ["linear"], ["zoom"], 4, 0, 4, -1.1, 6, -1.1, 7, -1.25, 8, -1.55, 9, -1.85, 10, -2.15, 11, -2.45, 12, -3.1, 14, -3.1, 15, -3.7, 20, -3.7], "RemainingRangeEV.OuterGradient.Color": ["interpolate", ["linear"], ["zoom"], 0, "#05a7ec00", 3, "#05a7ec00", 4, "#48dad096", 20, "#48dad096"], "RemainingRangeEV.InnerGradient.Color": ["interpolate", ["linear"], ["zoom"], 0, "#05a7ec00", 3, "#05a7ec00", 4, "#48dad00f", 20, "#48dad00f"], "Truck.Icon.Margin": ["step", ["zoom"], 30, 8, 40, 9, 40, 10, 50, 11, 50, 13, 50, 15, 60, 16, 70, 17, 60, 18, 40], "Truck.Label.SizeFactor": ["interpolate", ["linear"], ["zoom"], 9, 0.9, 16, 1.2, 20, 1.5], "Truck.Icon.Brightness": 1, "Truck.Label.Brightness": ["ref", "Truck.Icon.Brightness"], "Truck.Icon.Size": 32.5, "Truck.Label.Style": ["ref", "Label.Style.Bold"], "Truck.Label.Color": "#571937", "Truck.Label.Size": 7.75, "Truck.Color": "#b50019", "Truck.Category0.Width": ["interpolate", ["linear"], ["zoom"], 0, 0.6, 8, 0.9, 9, 1.25, 10, 1.55, 11, 1.85, 13, 2.15, 15, 2.65, 17, 4.95, 19, 9.3, 20, 11.75], "Truck.Category1.Width": ["interpolate", ["linear"], ["zoom"], 0, 0.6, 9, 0.75, 11, 1.25, 13, 1.55, 15, 2.15, 17, 4.35, 18, 6.8, 19, 8.05, 20, 9.9], "Truck.Category2.Width": ["interpolate", ["linear"], ["zoom"], 0, 0.6, 11, 0.6, 13, 1.1, 15, 1.7, 17, 3.1, 18, 5.25, 19, 6.5, 20, 8.35], "Truck.Category3.Width": ["interpolate", ["linear"], ["zoom"], 0, 0.6, 13, 0.6, 15, 1.1, 17, 2.3, 18, 4, 19, 4.95, 20, 6.8], "Truck.Category4.Width": ["interpolate", ["linear"], ["zoom"], 0, 0.6, 15, 0.6, 16, 0.75, 17, 1.25, 18, 2.8, 19, 3.7, 20, 4.95], "Truck.Pedestrian.Width": ["interpolate", ["linear"], ["zoom"], 0, 0.45, 16, 0.45, 17, 0.6, 18, 1.25, 19, 1.85, 20, 2.45], "Water.0m.Color": "#99ceff", "Woodland.Label.Color": "#326b61", "Woodland.Label.Outline.Color": "#f0fbee63", "Woodland.Label.Size": ["interpolate", ["linear"], ["zoom"], 11, 0, 11, 10, 12, 10, 13, 11, 15, 11, 16, 12, 20, 12], "Woodland.Label.Outline.Width": 1, "Land.Color": ["interpolate", ["linear"], ["zoom"], 0, "#f5f8fa", 6, "#f5f8fa", 7, "#fafdff", 13, "#fafdff", 14, "#f8fbfd", 15, "#f8fbfd", 16, "#fafdff", 20, "#fafdff"], "Woodland.Color": ["interpolate", ["linear"], ["zoom"], 0, "#baf7b0", 5, "#baf7b0", 6, "#c3f8b9", 7, "#cefac4", 8, "#d9fccf", 9, "#dbfad2", 10, "#daf5ce", 11, "#d3f0c7", 12, "#d3f0c7", 13, "#cdedbe", 15, "#cdedbe", 16, "#cbf1b6", 20, "#cbf1b6"], "Airport.Label.Color": "#465a6e", "Airport.Label.Outline.Color": ["interpolate", ["linear"], ["zoom"], 0, "#ebf3fa96", 13, "#ebf3fa96", 14, "#e1e9f096", 20, "#e1e9f096"], "Airport.Label.Outline.Width": 1, "Airport.Label.Size": ["interpolate", ["linear"], ["zoom"], 12, 0, 12, 11, 15, 11, 16, 12, 20, 12], "Cemetery.Label.Outline.Width": 1, "Cemetery.Label.Color": ["interpolate", ["linear"], ["zoom"], 0, "#5f646e", 15, "#5f646e", 16, "#696e78", 20, "#696e78"], "Cemetery.Label.Outline.Color": ["interpolate", ["linear"], ["zoom"], 0, "#edf5ee96", 15, "#edf5ee96", 16, "#edf5ee96", 20, "#edf5ee96"], "Cemetery.Label.Size": ["interpolate", ["linear"], ["zoom"], 14, 0, 14, 11, 15, 11, 16, 12, 20, 12], "Allotment.Label.Outline.Width": 1, "Allotment.Label.Color": ["interpolate", ["linear"], ["zoom"], 0, "#5f646e", 15, "#5f646e", 16, "#696e78", 20, "#696e78"], "Allotment.Label.Outline.Color": ["interpolate", ["linear"], ["zoom"], 0, "#edf5ee96", 15, "#edf5ee96", 16, "#edf5ee96", 20, "#edf5ee96"], "Allotment.Label.Size": ["interpolate", ["linear"], ["zoom"], 14, 0, 14, 11, 15, 11, 16, 12, 20, 12], "HarborArea.Label.Color": "#465a6e", "HarborArea.Label.Outline.Color": ["interpolate", ["linear"], ["zoom"], 0, "#ebf3fa96", 13, "#ebf3fa96", 14, "#e1e9f096", 20, "#e1e9f096"], "HarborArea.Label.Size": ["interpolate", ["linear"], ["zoom"], 12, 0, 12, 10, 13, 11, 15, 11, 16, 12, 20, 12], "HarborArea.Label.Outline.Width": 1, "HospitalCampus.Label.Outline.Width": 1, "HospitalCampus.Label.Color": ["interpolate", ["linear"], ["zoom"], 0, "#73646e", 15, "#73646e", 16, "#7d6973", 20, "#7d6973"], "HospitalCampus.Label.Outline.Color": ["interpolate", ["linear"], ["zoom"], 0, "#f5edf096", 15, "#f5edf096", 16, "#f5edf096", 20, "#f5edf096"], "HospitalCampus.Label.Size": ["interpolate", ["linear"], ["zoom"], 14, 0, 14, 11, 15, 11, 16, 12, 20, 12], "PedestrianArea.Label.Size": ["interpolate", ["linear"], ["zoom"], 12, 0, 12, 10, 13, 11, 15, 11, 16, 12, 20, 12], "PedestrianArea.Label.Outline.Width": 1, "PedestrianArea.Label.Color": ["interpolate", ["linear"], ["zoom"], 0, "#5f646e", 15, "#5f646e", 16, "#696e78", 20, "#696e78"], "PedestrianArea.Label.Outline.Color": "#ebf3fa96", "Railyard.Label.Color": "#465a6e", "Railyard.Label.Outline.Color": ["interpolate", ["linear"], ["zoom"], 0, "#ebf3fa96", 13, "#ebf3fa96", 14, "#e1e9f096", 20, "#e1e9f096"], "Railyard.Label.Size": ["interpolate", ["linear"], ["zoom"], 12, 0, 12, 10, 13, 11, 15, 11, 16, 12, 20, 12], "Railyard.Label.Outline.Width": 1, "ShoppingComplex.Label.Color": "#465a6e", "ShoppingComplex.Label.Outline.Color": ["interpolate", ["linear"], ["zoom"], 0, "#ebf3fa96", 13, "#ebf3fa96", 14, "#e1e9f096", 20, "#e1e9f096"], "ShoppingComplex.Label.Outline.Width": 1, "ShoppingComplex.Label.Size": ["interpolate", ["linear"], ["zoom"], 14, 0, 14, 11, 15, 11, 16, 12, 20, 12], "SportsComplex.Label.Outline.Width": 1, "SportsComplex.Label.Color": ["interpolate", ["linear"], ["zoom"], 0, "#5f646e", 15, "#5f646e", 16, "#696e78", 20, "#696e78"], "SportsComplex.Label.Outline.Color": ["interpolate", ["linear"], ["zoom"], 0, "#edf5ee96", 15, "#edf5ee96", 16, "#edf5ee96", 20, "#edf5ee96"], "SportsComplex.Label.Size": ["interpolate", ["linear"], ["zoom"], 13, 0, 13, 11, 15, 11, 16, 12, 20, 12], "UniversityCampus.Label.Outline.Width": 1, "UniversityCampus.Label.Color": ["interpolate", ["linear"], ["zoom"], 0, "#5f646e", 15, "#5f646e", 16, "#696e78", 20, "#696e78"], "UniversityCampus.Label.Outline.Color": ["interpolate", ["linear"], ["zoom"], 0, "#f0ede896", 15, "#f0ede896", 16, "#f5f2ed96", 20, "#f5f2ed96"], "UniversityCampus.Label.Size": ["interpolate", ["linear"], ["zoom"], 14, 0, 14, 11, 15, 11, 16, 12, 20, 12], "AmusementPark.Label.Outline.Width": 1, "AmusementPark.Label.Color": ["interpolate", ["linear"], ["zoom"], 0, "#5f646e", 15, "#5f646e", 16, "#696e78", 20, "#696e78"], "AmusementPark.Label.Outline.Color": ["interpolate", ["linear"], ["zoom"], 0, "#edf5ee96", 15, "#edf5ee96", 16, "#edf5ee96", 20, "#edf5ee96"], "AmusementPark.Label.Size": ["interpolate", ["linear"], ["zoom"], 13, 0, 13, 11, 15, 11, 16, 12, 20, 12], "AnimalPark.Label.Outline.Width": 1, "AnimalPark.Label.Color": ["interpolate", ["linear"], ["zoom"], 0, "#5f646e", 15, "#5f646e", 16, "#696e78", 20, "#696e78"], "AnimalPark.Label.Outline.Color": ["interpolate", ["linear"], ["zoom"], 0, "#edf5ee96", 15, "#edf5ee96", 16, "#edf5ee96", 20, "#edf5ee96"], "AnimalPark.Label.Size": ["interpolate", ["linear"], ["zoom"], 13, 0, 13, 11, 15, 11, 16, 12, 20, 12], "GolfCourse.Label.Size": ["interpolate", ["linear"], ["zoom"], 12, 0, 12, 10, 13, 11, 15, 11, 16, 12, 20, 12], "GolfCourse.Label.Outline.Width": 1, "GolfCourse.Label.Color": "#3e786e", "GolfCourse.Label.Outline.Color": ["interpolate", ["linear"], ["zoom"], 0, "#d7f2cd96", 11, "#d7f2cd96", 12, "#c2edc496", 20, "#c2edc496"], "BayHarbor.Class1.Label.Outline.Width": 1, "BayHarbor.Class1.Label.Size": ["interpolate", ["linear"], ["zoom"], 0, 10, 9, 10, 10, 11, 12, 11, 13, 12, 15, 12, 16, 13, 18, 13, 19, 14, 20, 14], "BayHarbor.Class2.Label.Outline.Width": 1, "BayHarbor.Class2.Label.Size": ["interpolate", ["linear"], ["zoom"], 5, 0, 5, 10, 10, 10, 11, 11, 13, 11, 14, 12, 16, 12, 17, 13, 19, 13, 20, 14], "BayHarbor.Class3.Label.Outline.Width": 1, "BayHarbor.Class3.Label.Size": ["interpolate", ["linear"], ["zoom"], 6, 0, 6, 10, 12, 10, 13, 11, 14, 11, 15, 12, 17, 12, 18, 13, 20, 13], "BayHarbor.Class4.Label.Outline.Width": 1, "BayHarbor.Class4.Label.Size": ["interpolate", ["linear"], ["zoom"], 7, 0, 7, 10, 12, 10, 13, 11, 15, 11, 16, 12, 18, 12, 19, 13, 20, 13], "BayHarbor.Class5.Label.Outline.Width": 1, "BayHarbor.Class5.Label.Size": ["interpolate", ["linear"], ["zoom"], 8, 0, 8, 10, 13, 10, 14, 11, 16, 11, 17, 12, 19, 12, 20, 13], "BayHarbor.Class6.Label.Outline.Width": 1, "BayHarbor.Class6.Label.Size": ["interpolate", ["linear"], ["zoom"], 9, 0, 9, 10, 14, 10, 15, 11, 17, 11, 18, 12, 20, 12], "BayHarbor.Class7.Label.Outline.Width": 1, "BayHarbor.Class7.Label.Size": ["interpolate", ["linear"], ["zoom"], 10, 0, 10, 10, 15, 10, 16, 11, 18, 11, 19, 12, 20, 12], "BayHarbor.Class8.Label.Outline.Width": 1, "BayHarbor.Class8.Label.Size": ["interpolate", ["linear"], ["zoom"], 12, 0, 12, 10, 16, 10, 17, 11, 19, 11, 20, 12], "Lake.Class1.Label.Outline.Width": 1, "Lake.Class1.Label.Size": ["interpolate", ["linear"], ["zoom"], 0, 10, 9, 10, 10, 11, 12, 11, 13, 12, 15, 12, 16, 13, 18, 13, 19, 14, 20, 14], "Lake.Class2.Label.Outline.Width": 1, "Lake.Class2.Label.Size": ["interpolate", ["linear"], ["zoom"], 5, 0, 5, 10, 10, 10, 11, 11, 13, 11, 14, 12, 16, 12, 17, 13, 19, 13, 20, 14], "Lake.Class3.Label.Outline.Width": 1, "Lake.Class3.Label.Size": ["interpolate", ["linear"], ["zoom"], 6, 0, 6, 10, 11, 10, 12, 11, 14, 11, 15, 12, 17, 12, 18, 13, 20, 13], "Lake.Class4.Label.Outline.Width": 1, "Lake.Class4.Label.Size": ["interpolate", ["linear"], ["zoom"], 7, 0, 7, 10, 12, 10, 13, 11, 15, 11, 16, 12, 18, 12, 19, 13, 20, 13], "Lake.Class5.Label.Outline.Width": 1, "Lake.Class5.Label.Size": ["interpolate", ["linear"], ["zoom"], 8, 0, 8, 10, 13, 10, 14, 11, 16, 11, 17, 12, 19, 12, 20, 13], "Lake.Class6.Label.Outline.Width": 1, "Lake.Class6.Label.Size": ["interpolate", ["linear"], ["zoom"], 9, 0, 9, 10, 14, 10, 15, 11, 17, 11, 18, 12, 20, 12], "Lake.Class7.Label.Outline.Width": 1, "Lake.Class7.Label.Size": ["interpolate", ["linear"], ["zoom"], 10, 0, 10, 10, 15, 10, 16, 11, 18, 11, 19, 12, 20, 12], "Lake.Class8.Label.Outline.Width": 1, "Lake.Class8.Label.Size": ["interpolate", ["linear"], ["zoom"], 12, 0, 12, 10, 16, 10, 17, 11, 19, 11, 20, 12], "River.Class1.Label.Outline.Width": 1, "River.Class1.Label.Size": ["interpolate", ["linear"], ["zoom"], 0, 10, 9, 10, 10, 11, 12, 11, 13, 12, 15, 12, 16, 13, 18, 13, 19, 14, 20, 14], "River.Class2.Label.Outline.Width": 1, "River.Class2.Label.Size": ["interpolate", ["linear"], ["zoom"], 5, 0, 5, 10, 10, 10, 11, 11, 13, 11, 14, 12, 16, 12, 17, 13, 19, 13, 20, 14], "River.Class3.Label.Outline.Width": 1, "River.Class3.Label.Size": ["interpolate", ["linear"], ["zoom"], 6, 0, 6, 10, 11, 10, 12, 11, 14, 11, 15, 12, 17, 12, 18, 13, 20, 13], "River.Class4.Label.Outline.Width": 1, "River.Class4.Label.Size": ["interpolate", ["linear"], ["zoom"], 7, 0, 7, 10, 12, 10, 13, 11, 15, 11, 16, 12, 18, 12, 19, 13, 20, 13], "River.Class5.Label.Outline.Width": 1, "River.Class5.Label.Size": ["interpolate", ["linear"], ["zoom"], 8, 0, 8, 10, 13, 10, 14, 11, 16, 11, 17, 12, 19, 12, 20, 13], "River.Class6.Label.Outline.Width": 1, "River.Class6.Label.Size": ["interpolate", ["linear"], ["zoom"], 9, 0, 9, 10, 14, 10, 15, 11, 17, 11, 18, 12, 20, 12], "River.Class7.Label.Outline.Width": 1, "River.Class7.Label.Size": ["interpolate", ["linear"], ["zoom"], 10, 0, 10, 10, 15, 10, 16, 11, 18, 11, 19, 12, 20, 12], "River.Class8.Label.Outline.Width": 1, "River.Class8.Label.Size": ["interpolate", ["linear"], ["zoom"], 12, 0, 12, 10, 16, 10, 17, 11, 19, 11, 20, 12], "CanalWaterChannel.Class1.Label.Outline.Width": 1, "CanalWaterChannel.Class1.Label.Size": ["interpolate", ["linear"], ["zoom"], 0, 10, 9, 10, 10, 11, 12, 11, 13, 12, 15, 12, 16, 13, 18, 13, 19, 14, 20, 14], "CanalWaterChannel.Class2.Label.Outline.Width": 1, "CanalWaterChannel.Class2.Label.Size": ["interpolate", ["linear"], ["zoom"], 5, 0, 5, 10, 10, 10, 11, 11, 13, 11, 14, 12, 16, 12, 17, 13, 19, 13, 20, 14], "CanalWaterChannel.Class3.Label.Outline.Width": 1, "CanalWaterChannel.Class3.Label.Size": ["interpolate", ["linear"], ["zoom"], 6, 0, 6, 10, 11, 10, 12, 11, 14, 11, 15, 12, 17, 12, 18, 13, 20, 13], "CanalWaterChannel.Class4.Label.Outline.Width": 1, "CanalWaterChannel.Class4.Label.Size": ["interpolate", ["linear"], ["zoom"], 8, 0, 8, 10, 12, 10, 13, 11, 15, 11, 16, 12, 18, 12, 19, 13, 20, 13], "CanalWaterChannel.Class5.Label.Outline.Width": 1, "CanalWaterChannel.Class5.Label.Size": ["interpolate", ["linear"], ["zoom"], 11, 0, 11, 10, 12, 10, 13, 11, 16, 11, 17, 12, 19, 12, 20, 13], "CanalWaterChannel.Class6.Label.Outline.Width": 1, "CanalWaterChannel.Class6.Label.Size": ["interpolate", ["linear"], ["zoom"], 13, 0, 13, 10, 14, 10, 15, 11, 17, 11, 18, 12, 20, 12], "CanalWaterChannel.Class7.Label.Outline.Width": 1, "CanalWaterChannel.Class7.Label.Size": ["interpolate", ["linear"], ["zoom"], 14, 0, 14, 10, 15, 10, 16, 11, 18, 11, 19, 12, 20, 12], "CanalWaterChannel.Class8.Label.Outline.Width": 1, "CanalWaterChannel.Class8.Label.Size": ["interpolate", ["linear"], ["zoom"], 14, 0, 14, 10, 16, 10, 17, 11, 19, 11, 20, 12], "CanalWaterChannel.Class1.Width": ["interpolate", ["linear"], ["zoom"], 6, 0, 6, 0.6, 9, 0.6, 10, 1.25, 11, 1.55, 12, 1.85, 13, 2.45, 14, 3.1, 15, 4.95, 16, 8.65, 17, 14.85, 18, 30.95, 19, 49.55, 20, 74.35], "CanalWaterChannel.Class2.Width": ["interpolate", ["linear"], ["zoom"], 6, 0, 7, 0, 10, 0, 10, 0.6, 11, 1.25, 13, 1.25, 14, 1.85, 15, 3.1, 16, 5.55, 17, 9.9, 18, 17.95, 19, 30.95, 20, 55.75], "CanalWaterChannel.Class3.Width": ["interpolate", ["linear"], ["zoom"], 7, 0, 7, 0.6, 9, 0.6, 10, 0.6, 11, 1.25, 13, 1.25, 14, 1.85, 15, 3.1, 16, 5.55, 17, 9.9, 18, 17.95, 19, 30.95, 20, 55.75], "CanalWaterChannel.Class4.Width": ["interpolate", ["linear"], ["zoom"], 7, 0, 7, 0.6, 9, 0.6, 10, 0.6, 11, 1.25, 12, 1.25, 13, 1.85, 14, 3.1, 15, 4.35, 16, 6.2, 17, 9.9, 18, 17.95, 19, 30.95, 20, 55.75], "CanalWaterChannel.Class5.Width": ["interpolate", ["linear"], ["zoom"], 7, 0, 8, 0, 10, 0, 10, 0.6, 11, 0.6, 12, 1.25, 13, 1.25, 14, 1.85, 15, 2.45, 16, 4.35, 17, 8.05, 18, 14.85, 19, 25.4, 20, 46.45], "CanalWaterChannel.Class6.Width": ["interpolate", ["linear"], ["zoom"], 8, 0, 9, 0, 10, 0, 10, 0.6, 13, 0.6, 14, 1.25, 15, 1.85, 16, 3.7, 17, 6.8, 18, 12.4, 19, 22.3, 20, 39.65], "CanalWaterChannel.Class7.Width": ["interpolate", ["linear"], ["zoom"], 10, 0, 10, 0.6, 13, 0.6, 14, 0.6, 15, 1.25, 16, 2.45, 17, 4.95, 18, 7.45, 19, 11.15, 20, 15.5], "CanalWaterChannel.Class8.Width": ["interpolate", ["linear"], ["zoom"], 11, 0, 11, 0.6, 13, 0.6, 14, 0.6, 15, 1.25, 16, 1.85, 17, 3.1, 18, 4.95, 19, 8.65, 20, 15.5], "IntermittentRiver.Class1.Label.Outline.Width": 1, "IntermittentRiver.Class1.Label.Size": ["interpolate", ["linear"], ["zoom"], 0, 10, 9, 10, 10, 11, 12, 11, 13, 12, 15, 12, 16, 13, 18, 13, 19, 14, 20, 14], "IntermittentRiver.Class2.Label.Outline.Width": 1, "IntermittentRiver.Class2.Label.Size": ["interpolate", ["linear"], ["zoom"], 5, 0, 5, 10, 10, 10, 11, 11, 13, 11, 14, 12, 16, 12, 17, 13, 19, 13, 20, 14], "IntermittentRiver.Class3.Label.Outline.Width": 1, "IntermittentRiver.Class3.Label.Size": ["interpolate", ["linear"], ["zoom"], 6, 0, 6, 10, 11, 10, 12, 11, 14, 11, 15, 12, 17, 12, 18, 13, 20, 13], "IntermittentRiver.Class4.Label.Outline.Width": 1, "IntermittentRiver.Class4.Label.Size": ["interpolate", ["linear"], ["zoom"], 7, 0, 7, 10, 12, 10, 13, 11, 15, 11, 16, 12, 18, 12, 19, 13, 20, 13], "IntermittentRiver.Class5.Label.Outline.Width": 1, "IntermittentRiver.Class5.Label.Size": ["interpolate", ["linear"], ["zoom"], 8, 0, 8, 10, 13, 10, 14, 11, 16, 11, 17, 12, 19, 12, 20, 13], "IntermittentRiver.Class6.Label.Outline.Width": 1, "IntermittentRiver.Class6.Label.Size": ["interpolate", ["linear"], ["zoom"], 9, 0, 9, 10, 14, 10, 15, 11, 17, 11, 18, 12, 20, 12], "IntermittentRiver.Class7.Label.Outline.Width": 1, "IntermittentRiver.Class7.Label.Size": ["interpolate", ["linear"], ["zoom"], 11, 0, 11, 10, 15, 10, 16, 11, 18, 11, 19, 12, 20, 12], "IntermittentRiver.Class8.Label.Outline.Width": 1, "IntermittentRiver.Class8.Label.Size": ["interpolate", ["linear"], ["zoom"], 11, 0, 11, 10, 16, 10, 17, 11, 19, 11, 20, 12], "IntermittentRiver.Width": ["interpolate", ["linear"], ["zoom"], 6, 0.35, 11, 0.35, 13, 0.35, 14, 0.75, 15, 1.15, 16, 1.9, 17, 3.45, 18, 5.35, 19, 8.45, 20, 15.35], "IntermittentRiver.Class1.Width": ["interpolate", ["linear"], ["zoom"], 6, 0, 6, 0.35, 9, 0.35, 10, 0.75, 11, 0.95, 12, 1.15, 13, 1.55, 14, 1.9, 15, 3.05, 16, 5.35, 17, 9.2, 18, 19.2, 19, 30.7, 20, 46.05], "IntermittentRiver.Class2.Width": ["interpolate", ["linear"], ["zoom"], 6, 0, 7, 0, 10, 0, 10, 0.35, 11, 0.75, 13, 0.75, 14, 1.15, 15, 1.9, 16, 3.45, 17, 6.15, 18, 11.1, 19, 19.2, 20, 34.55], "IntermittentRiver.Class3.Width": ["interpolate", ["linear"], ["zoom"], 7, 0, 7, 0.35, 9, 0.35, 10, 0.35, 11, 0.75, 13, 0.75, 14, 1.15, 15, 1.9, 16, 3.45, 17, 6.15, 18, 11.1, 19, 19.2, 20, 34.55], "IntermittentRiver.Class4.Width": ["interpolate", ["linear"], ["zoom"], 7, 0, 7, 0.35, 9, 0.35, 10, 0.35, 11, 0.75, 12, 0.75, 13, 1.15, 14, 1.9, 15, 2.7, 16, 3.85, 17, 6.15, 18, 11.1, 19, 19.2, 20, 34.55], "IntermittentRiver.Class5.Width": ["interpolate", ["linear"], ["zoom"], 7, 0, 8, 0, 10, 0, 10, 0.35, 11, 0.35, 12, 0.75, 13, 0.75, 14, 1.15, 15, 1.55, 16, 2.7, 17, 5, 18, 9.2, 19, 15.75, 20, 28.8], "IntermittentRiver.Class6.Width": ["interpolate", ["linear"], ["zoom"], 8, 0, 9, 0, 10, 0, 10, 0.35, 13, 0.35, 14, 0.75, 15, 1.15, 16, 2.3, 17, 4.2, 18, 7.65, 19, 13.8, 20, 24.55], "IntermittentRiver.Class7.Width": ["interpolate", ["linear"], ["zoom"], 10, 0, 10, 0.35, 13, 0.35, 14, 0.35, 15, 0.75, 16, 1.55, 17, 3.05, 18, 4.6, 19, 6.9, 20, 9.6], "IntermittentRiver.Class8.Width": ["interpolate", ["linear"], ["zoom"], 11, 0, 11, 0.35, 13, 0.35, 14, 0.35, 15, 0.75, 16, 1.15, 17, 1.9, 18, 3.05, 19, 5.35, 20, 9.6], "Street.Category1.Ramp.Outline.Width": ["ref", "Street.Category1.Outline.Width"], "Street.Category1.Unpaved.Outline.Color": ["interpolate", ["linear"], ["zoom"], 0, "#bec0be", 14, "#bec0be", 15, "#adb0af", 20, "#adb0af"], "Street.Category1.Bridge.Color": ["interpolate", ["linear"], ["zoom"], 0, "#5a5a5a33", 14, "#5a5a5a33", 15, "#5a5a5a45", 16, "#5a5a5a45", 17, "#5a5a5a45", 20, "#5a5a5a45"], "Street.Category1.Bridge.Outline.Width": ["interpolate", ["linear"], ["zoom"], 0, 0.9, 16, 0.9, 17, 1.25, 20, 1.25], "Street.Category1.Arrow.Unpaved.Color": "#ccc8ad", "Street.Category1.Toll.Outline.Color": ["interpolate", ["linear"], ["zoom"], 0, "#cc6960", 10, "#cc6960", 11, "#bf635a", 12, "#bf6374", 20, "#bf6374"], "Street.Category1.Construction.Dash.Length": ["step", ["zoom"], 2.45, 11, 3.7, 13, 4.95, 14, 5.55, 15, 7.45, 16, 11.15, 17, 14.25, 18, 28.5, 19, 37.15, 20, 49.55], "Street.Category1.Construction.Gap.Length": ["step", ["zoom"], 3.1, 11, 3.7, 13, 4.95, 14, 6.2, 15, 6.8, 16, 9.3, 17, 11.75, 18, 18.6, 19, 22.3, 20, 27.9], "Street.Category1.Ramp.Width": ["interpolate", ["linear"], ["zoom"], 0, 1.85, 13, 1.85, 14, 2.45, 15, 3.1, 16, 3.7, 17, 4.95, 18, 11.15, 19, 14.25, 20, 21.7], "Street.Category1.Arrow.Color": ["interpolate", ["linear"], ["zoom"], 0, "#cf868b", 16, "#cf868b", 17, "#d99495", 20, "#d99495"], "Street.Category1.Arrow.Toll.Color": ["interpolate", ["linear"], ["zoom"], 0, "#cf868b", 16, "#cf868b", 17, "#d99495", 20, "#d99495"], "Street.Category1.Unpaved.Width": ["interpolate", ["linear"], ["zoom"], 0, 0.6, 8, 0.6, 9, 1.25, 10, 1.85, 11, 2.15, 12, 2.15, 13, 2.45, 14, 3.7, 15, 4.95, 16, 7.45, 17, 9.9, 18, 21.05, 19, 23.55, 20, 38.4], "Street.Category2.Ramp.Outline.Width": ["ref", "Street.Category2.Outline.Width"], "Street.Category2.Unpaved.Outline.Color": ["interpolate", ["linear"], ["zoom"], 0, "#bec0be", 14, "#bec0be", 15, "#adb0af", 20, "#adb0af"], "Street.Category2.Bridge.Color": ["interpolate", ["linear"], ["zoom"], 0, "#5a5a5a33", 14, "#5a5a5a33", 15, "#5a5a5a45", 16, "#5a5a5a45", 17, "#5a5a5a45", 20, "#5a5a5a45"], "Street.Category2.Arrow.Unpaved.Color": "#ccc8ad", "Street.Category2.Toll.Outline.Color": "#bf9d86", "Street.Category2.Construction.Dash.Length": ["step", ["zoom"], 3.1, 13, 3.7, 14, 4.95, 15, 6.2, 16, 9.9, 17, 11.75, 18, 23.55, 19, 30.95, 20, 43.35], "Street.Category2.Construction.Gap.Length": ["step", ["zoom"], 3.1, 13, 3.7, 14, 4.35, 15, 5.55, 16, 8.05, 17, 9.3, 18, 14.85, 19, 18.6, 20, 24.8], "Street.Category2.Ramp.Width": ["interpolate", ["linear"], ["zoom"], 0, 1.85, 14, 1.85, 15, 2.45, 16, 3.1, 17, 3.7, 18, 7.45, 19, 12.4, 20, 19.8], "Street.Category2.Unpaved.Width": ["interpolate", ["linear"], ["zoom"], 0, 0.6, 10, 0.6, 11, 1.85, 12, 2.15, 13, 2.15, 14, 3.1, 15, 4.35, 16, 6.8, 17, 7.45, 18, 18.6, 19, 21.05, 20, 33.45], "Street.Category2.Bridge.Outline.Width": ["interpolate", ["linear"], ["zoom"], 0, 0.6, 16, 0.6, 17, 0.9, 20, 0.9], "Street.Category2.Arrow.Color": ["interpolate", ["linear"], ["zoom"], 0, "#e0ca6e", 16, "#e0ca6e", 17, "#e9d87e", 20, "#e9d87e"], "Street.Category2.Arrow.Toll.Color": ["interpolate", ["linear"], ["zoom"], 0, "#e0ca6e", 16, "#e0ca6e", 17, "#e9d87e", 20, "#e9d87e"], "Street.Category3.Ramp.Outline.Width": ["ref", "Street.Category3.Outline.Width"], "Street.Category3.Unpaved.Outline.Color": ["interpolate", ["linear"], ["zoom"], 0, "#bec0be", 14, "#bec0be", 15, "#adb0af", 20, "#adb0af"], "Street.Category3.Bridge.Color": ["interpolate", ["linear"], ["zoom"], 0, "#5a5a5a33", 14, "#5a5a5a33", 15, "#5a5a5a45", 16, "#5a5a5a45", 17, "#5a5a5a45", 20, "#5a5a5a45"], "Street.Category3.Arrow.Unpaved.Color": "#ccc8ad", "Street.Category3.Bridge.Outline.Width": ["interpolate", ["linear"], ["zoom"], 0, 0.6, 16, 0.6, 17, 0.9, 20, 0.9], "Street.Category3.Toll.Outline.Color": "#a5a483", "Street.Category3.Construction.Dash.Length": ["step", ["zoom"], 2.45, 13, 3.1, 14, 3.7, 15, 4.95, 16, 8.05, 17, 9.9, 18, 19.8, 19, 24.8, 20, 37.15], "Street.Category3.Construction.Gap.Length": ["step", ["zoom"], 2.45, 13, 3.1, 14, 3.7, 15, 4.95, 16, 6.2, 17, 7.45, 18, 12.4, 19, 16.1, 20, 22.3], "Street.Category3.Ramp.Width": ["interpolate", ["linear"], ["zoom"], 0, 1.85, 14, 1.85, 15, 2.45, 16, 3.1, 17, 3.7, 18, 7.45, 19, 12.4, 20, 19.8], "Street.Category3.Unpaved.Width": ["interpolate", ["linear"], ["zoom"], 0, 0.6, 11, 0.6, 12, 1.85, 13, 2.15, 14, 2.45, 15, 3.7, 16, 6.2, 17, 6.2, 18, 16.1, 19, 18.6, 20, 28.5], "Street.Category3.Arrow.Color": ["interpolate", ["linear"], ["zoom"], 0, "#d4cb87", 16, "#d4cb87", 17, "#e5dea9", 20, "#e5dea9"], "Street.Category3.Arrow.Toll.Color": ["interpolate", ["linear"], ["zoom"], 0, "#d4cb87", 16, "#d4cb87", 17, "#e5dea9", 20, "#e5dea9"], "Street.Category4.Ramp.Outline.Width": ["ref", "Street.Category4.Outline.Width"], "Street.Category4.Unpaved.Outline.Color": ["interpolate", ["linear"], ["zoom"], 0, "#bec0be", 14, "#bec0be", 15, "#adb0af", 20, "#adb0af"], "Street.Category4.Bridge.Color": ["interpolate", ["linear"], ["zoom"], 0, "#5a5a5a33", 14, "#5a5a5a33", 15, "#5a5a5a45", 16, "#5a5a5a45", 17, "#5a5a5a45", 20, "#5a5a5a45"], "Street.Category4.Arrow.Unpaved.Color": "#ccc8ad", "Street.Category4.Bridge.Outline.Width": ["interpolate", ["linear"], ["zoom"], 0, 0.6, 16, 0.6, 17, 0.9, 20, 0.9], "Street.Category4.Toll.Outline.Color": ["interpolate", ["linear"], ["zoom"], 0, "#adb0af", 14, "#adb0af", 15, "#94968f", 15, "#94968f", 20, "#94968f"], "Street.Category4.Construction.Dash.Length": ["step", ["zoom"], 2.45, 15, 3.7, 16, 5.55, 17, 9.3, 18, 17.35, 19, 23.55, 20, 34.7], "Street.Category4.Construction.Gap.Length": ["step", ["zoom"], 2.45, 15, 3.1, 16, 3.7, 17, 6.8, 18, 11.15, 19, 14.25, 20, 19.8], "Street.Category4.Ramp.Width": ["interpolate", ["linear"], ["zoom"], 0, 1.85, 14, 1.85, 15, 2.45, 16, 3.1, 17, 3.7, 18, 7.45, 19, 12.4, 20, 19.8], "Street.Category4.Unpaved.Width": ["interpolate", ["linear"], ["zoom"], 0, 0.6, 10, 0.6, 11, 0.6, 13, 0.6, 14, 1.85, 15, 2.45, 16, 4.35, 17, 4.95, 18, 12.4, 19, 16.1, 20, 24.8], "Street.Category4.Arrow.Color": ["interpolate", ["linear"], ["zoom"], 0, "#c8c8c8", 16, "#c8c8c8", 17, "#d2d2d2", 20, "#d2d2d2"], "Street.Category4.Arrow.Toll.Color": ["interpolate", ["linear"], ["zoom"], 0, "#c8c8c8", 16, "#c8c8c8", 17, "#d2d2d2", 20, "#d2d2d2"], "Street.Pedestrian.Bridge.Outline.Width": ["interpolate", ["linear"], ["zoom"], 0, 0.6, 16, 0.6, 17, 0.9, 20, 0.9], "Street.Pedestrian.Construction.Dash.Length": ["step", ["zoom"], 2.45, 15, 3.7, 16, 5.55, 17, 9.3, 18, 17.35, 19, 23.55, 20, 34.7], "Street.Pedestrian.Construction.Gap.Length": ["step", ["zoom"], 2.45, 15, 3.1, 16, 3.7, 17, 6.8, 18, 11.15, 19, 14.25, 20, 19.8], "Street.Pedestrian.Bridge.Color": "#5a5a5a1f", "Street.Pedestrian.Unpaved.Outline.Color": "#b4b4b400", "Street.Pedestrian.Unpaved.Width": ["interpolate", ["linear"], ["zoom"], 13, 0, 13, 0.6, 14, 0.6, 15, 0.6, 16, 2.45, 17, 3.1, 18, 3.7, 19, 4.95, 20, 6.2], "Street.Walkway.Unpaved.Outline.Color": ["interpolate", ["linear"], ["zoom"], 0, "#bec0be", 14, "#bec0be", 15, "#adb0af", 20, "#adb0af"], "Street.Walkway.Bridge.Outline.Width": ["interpolate", ["linear"], ["zoom"], 0, 0.6, 16, 0.6, 17, 0.9, 20, 0.9], "Street.Walkway.Construction.Dash.Length": ["step", ["zoom"], 2.45, 15, 3.7, 16, 5.55, 17, 9.3, 18, 17.35, 19, 23.55, 20, 34.7], "Street.Walkway.Construction.Gap.Length": ["step", ["zoom"], 2.45, 15, 3.1, 16, 3.7, 17, 6.8, 18, 11.15, 19, 14.25, 20, 19.8], "Street.Walkway.Bridge.Color": "#5a5a5a14", "Street.Walkway.Unpaved.Width": 0.6, "Street.Category1.Label.Unpaved.Color": "#786d68", "Street.Category1.Label.Unpaved.Outline.Color": "#ffffff33", "Street.Category1.Label.Toll.Outline.Color": ["interpolate", ["linear"], ["zoom"], 0, "#ffffff33", 15, "#ffffff33", 16, "#ffffff33", 20, "#ffffff33"], "Street.Category2.Label.Unpaved.Color": "#786d68", "Street.Category2.Label.Unpaved.Outline.Color": "#ffffff33", "Street.Category2.Label.Toll.Outline.Color": ["interpolate", ["linear"], ["zoom"], 0, "#ffffff33", 15, "#ffffff33", 16, "#ffffff33", 20, "#ffffff33"], "Street.Category3.Label.Unpaved.Color": "#786d68", "Street.Category3.Label.Unpaved.Outline.Color": "#ffffff33", "Street.Category3.Label.Toll.Outline.Color": ["interpolate", ["linear"], ["zoom"], 0, "#ffffff33", 15, "#ffffff33", 16, "#ffffff33", 20, "#ffffff33"], "Street.Category4.Label.Unpaved.Color": "#786d68", "Street.Category4.Label.Unpaved.Outline.Color": "#ffffff33", "Street.Category4.Label.Toll.Outline.Color": ["interpolate", ["linear"], ["zoom"], 0, "#ffffff33", 15, "#ffffff33", 16, "#ffffff33", 20, "#ffffff33"], "Street.Category4.Label.Ramp.Size": ["interpolate", ["linear"], ["zoom"], 0, 10, 14, 10, 15, 11, 16, 11, 17, 12, 18, 14, 20, 14], "Street.Pedestrian.Label.Unpaved.Color": "#786d68", "Street.Pedestrian.Label.Unpaved.Outline.Color": "#d9d3d096", "Street.Walkway.Label.Unpaved.Outline.Color": "#ffffff33", "ExtrudedBuilding.Ambient.Factor": 0.85, "ExtrudedBuilding.Diffuse.Factor": 0.3, "ExtrudedBuilding.Specular.Factor": 0, "Polygon.Ambient.Factor": 0.69, "Polygon.Diffuse.Factor": 1, "Land.PolygonLighting.Enabled": false, "Water.PolygonLighting.Enabled": false, "ExtrudedBuilding.Roof.Shininess": 100, "ExtrudedBuilding.Wall.Shininess": 100, "ExtrudedBuilding.FakeAO.Height": 3, "ExtrudedBuilding.Color": "#e7edf0b3", "ExtrudedBuilding.Outline.Color": "#c7cdd0", "ExtrudedBuilding.Outline.Width": 0, "CongestionZone.Color": ["interpolate", ["linear"], ["zoom"], 0, "#237dca45", 9, "#237dca45", 10, "#237dca3d", 11, "#237dca33", 12, "#237dca29", 13, "#237dca1f", 20, "#237dca1f"], "CongestionZone.Label.Size": ["interpolate", ["linear"], ["zoom"], 0, 12, 14, 12, 15, 13, 16, 13, 17, 14, 20, 14], "Street.Category0.Color": ["interpolate", ["linear"], ["zoom"], 0, "#ef92b8", 6, "#ef92b8", 7.5, "#f099ba", 7.6, "#eb94b6", 9, "#eb94b6", 10, "#e589af", 11, "#e589af", 12, "#ef97bb", 13, "#f090b3", 20, "#f090b3"], "Street.Category0.Outline.Width": ["interpolate", ["linear"], ["zoom"], 7.5, 0, 7.6, 0.3, 20, 0.3], "Street.Category0.Tunnel.Color": ["ref", "Street.Category0.Color"], "Street.Category0.Unpaved.Color": ["interpolate", ["linear"], ["zoom"], 0, "#dedac3", 7.5, "#dedac3", 7.6, "#eff0eb"], "Street.Category0.Unpaved.Outline.Width": ["ref", "Street.Category0.Outline.Width"], "Street.Category0.Toll.Color": ["ref", "Street.Category0.Color"], "Street.Category0.TollTunnel.Color": ["ref", "Street.Category0.Tunnel.Color"], "Street.Category0.Width": ["interpolate", ["linear"], ["zoom"], 0, 1.25, 6, 1.25, 7, 1.25, 8, 1.55, 9, 2.15, 10, 2.45, 11, 2.45, 12, 3.1, 13, 3.4, 14, 4.35, 15, 6.2, 16, 8.65, 17, 11.15, 18, 21.7, 19, 27.9, 20, 43.35], "Street.Category1.Color": ["interpolate", ["linear"], ["zoom"], 0, "#ffad9c", 6, "#ffad9c", 7, "#ff9880", 8, "#ff9880", 9, "#ffb8a3", 11, "#ffb8a3", 12, "#ffb5a0", 13, "#ffae9e", 20, "#ffae9e"], "Street.Category1.Outline.Width": ["interpolate", ["linear"], ["zoom"], 9.5, 0, 9.6, 0.3, 20, 0.3], "Street.Category1.Tunnel.Color": ["ref", "Street.Category1.Color"], "Street.Category1.Unpaved.Color": ["interpolate", ["linear"], ["zoom"], 0, "#dedac3", 9.5, "#dedac3", 9.6, "#eff0eb"], "Street.Category1.Unpaved.Outline.Width": ["ref", "Street.Category1.Outline.Width"], "Street.Category1.Toll.Color": ["ref", "Street.Category1.Color"], "Street.Category1.TollTunnel.Color": ["ref", "Street.Category1.Tunnel.Color"], "Street.Category1.Width": ["interpolate", ["linear"], ["zoom"], 0, 0.9, 8, 0.9, 9, 1.25, 10, 1.85, 11, 2.15, 12, 2.15, 13, 2.45, 14, 3.7, 15, 4.95, 16, 7.45, 17, 9.9, 18, 21.05, 19, 23.55, 20, 38.4], "Street.Category2.Color": ["interpolate", ["linear"], ["zoom"], 0, "#e8dc6b", 10.5, "#e8dc6b", 10.6, "#fffc8c", 12, "#fffc8c", 13, "#fffca8", 20, "#fffca8"], "Street.Category2.Outline.Width": ["interpolate", ["linear"], ["zoom"], 10.5, 0, 10.6, 0.3, 20, 0.3], "Street.Category2.Tunnel.Color": ["ref", "Street.Category2.Color"], "Street.Category2.Unpaved.Color": ["interpolate", ["linear"], ["zoom"], 0, "#dedac3", 10.5, "#dedac3", 10.6, "#eff0eb"], "Street.Category2.Unpaved.Outline.Width": ["ref", "Street.Category2.Outline.Width"], "Street.Category2.Toll.Color": ["ref", "Street.Category2.Color"], "Street.Category2.TollTunnel.Color": ["ref", "Street.Category2.Tunnel.Color"], "Street.Category3.Color": ["interpolate", ["linear"], ["zoom"], 0, "#e6ddb8", 10, "#e6ddb8", 11, "#ccc5a3", 11.5, "#ccc5a3", 11.6, "#ffffe3"], "Street.Category3.Outline.Width": ["interpolate", ["linear"], ["zoom"], 11.5, 0, 11.6, 0.3, 20, 0.3], "Street.Category3.Tunnel.Color": ["ref", "Street.Category3.Color"], "Street.Category3.Unpaved.Color": ["interpolate", ["linear"], ["zoom"], 0, "#dce6e6", 11.5, "#dce6e6", 11.6, "#eff0eb"], "Street.Category3.Unpaved.Outline.Width": ["ref", "Street.Category3.Outline.Width"], "Street.Category3.Toll.Color": ["ref", "Street.Category3.Color"], "Street.Category3.TollTunnel.Color": ["ref", "Street.Category3.Tunnel.Color"], "Street.Category4.Color": ["interpolate", ["linear"], ["zoom"], 0, "#dce6e6", 11, "#dce6e6", 12, "#d0d6d6", 13, "#cdcdcd", 13.5, "#cdcdcd", 13.6, "#ffffff"], "Street.Category4.Outline.Width": ["interpolate", ["linear"], ["zoom"], 13.5, 0, 13.6, 0.3, 20, 0.3], "Street.Category4.Tunnel.Color": ["ref", "Street.Category4.Color"], "Street.Category4.Unpaved.Color": ["interpolate", ["linear"], ["zoom"], 0, "#dce6e6", 11, "#dce6e6", 12, "#d2dbdb", 13, "#cdcdcd", 13.6, "#eff0eb"], "Street.Category4.Unpaved.Outline.Width": ["ref", "Street.Category4.Outline.Width"], "Street.Category4.Toll.Color": ["ref", "Street.Category4.Color"], "Street.Category4.TollTunnel.Color": ["ref", "Street.Category4.Tunnel.Color"], "Street.Walkway.Color": ["interpolate", ["linear"], ["zoom"], 15, "#b2ccae", 16, "#9bb298"], "Street.Walkway.Outline.Width": 0, "Street.Walkway.Tunnel.Color": ["ref", "Street.Walkway.Color"], "Street.Walkway.Unpaved.Color": "#b2ccae", "Street.Walkway.Unpaved.Outline.Width": ["ref", "Street.Walkway.Outline.Width"], "Street.Walkway.Label.Unpaved.Color": ["ref", "Street.Walkway.Label.Color"], "Street.Pedestrian.Outline.Width": 0, "Street.Pedestrian.Unpaved.Outline.Width": ["ref", "Street.Pedestrian.Outline.Width"], "Street.Pedestrian.Color": ["interpolate", ["linear"], ["zoom"], 0, "#d2d7d7", 12, "#d2d7d7", 13, "#cdd2d2", 14, "#c8c8c8", 15, "#bebebe", 16, "#afb2b6", 20, "#afb2b6"], "Street.Pedestrian.Unpaved.Color": ["interpolate", ["linear"], ["zoom"], 15, "#dedac3", 16, "#afb2b6"], "Traffic.Category0.Ramp.Offset": ["interpolate", ["linear"], ["zoom"], 7, 0, 7, 0.6, 9, 0.6, 10, 1.25, 11, 1.85, 12, 3.1, 13, 3.1, 14, 3.7, 15, 3.7, 16, 4.95, 17, 5.55, 18, 6.2, 19, 6.2], "Traffic.Category1.Ramp.Offset": ["interpolate", ["linear"], ["zoom"], 10, 0, 10, 1.25, 11, 1.85, 12, 2.45, 13, 3.1, 14, 3.7, 15, 3.7, 16, 4.35, 17, 4.95, 18, 5.55], "Traffic.Category2.Ramp.Offset": ["ref", "Traffic.Category2.Offset"], "Traffic.Category3.Ramp.Offset": ["ref", "Traffic.Category3.Offset"], "Traffic.Category4.Ramp.Offset": ["ref", "Traffic.Category4.Offset"], "Ocean.Label.Size": ["ref", "Sea.Label.Size"], "Fallback.Label.Size": 0, "Northpole.Color": ["ref", "Water.0m.Color"], "Southpole.Color": ["ref", "Land.Color"], "Chairlift.Line.Color": ["interpolate", ["linear"], ["zoom"], 13, "#999eb9", 15, "#3a4168"], "Chairlift.Line.Width": ["interpolate", ["linear"], ["zoom"], 13, 0.6, 15, 1.25, 17, 1.85, 19, 2.45], "Chairlift.Label.Size": ["interpolate", ["linear"], ["zoom"], 13, 8, 15, 10, 17, 14, 19, 18], "Chairlift.Label.Color": "#424a72", "Chairlift.Label.Outline.Color": "#ffffffbf", "Chairlift.Label.Outline.Width": ["interpolate", ["linear"], ["zoom"], 13, 1, 19, 2], "SkiRun.Line.Color": "#fdfeff", "SkiRun.Line.Width": ["interpolate", ["linear"], ["zoom"], 13, 1.25, 15, 2.45, 17, 7.45, 19, 14.85], "SkiRun.Outline.Color": "#a5abc7", "SkiRun.Outline.Width": ["interpolate", ["linear"], ["zoom"], 13, 0, 13.5, 0.25], "SkiRun.Label.Size": ["interpolate", ["linear"], ["zoom"], 13, 8, 15.5, 0, 15.5, 10, 17, 14], "SkiRun.Label.Color": "#727aa4", "SkiRun.Label.Outline.Color": "#ffffff", "SkiRun.Label.Outline.Width": 1, "SkiRun.Arrow.Color": ["interpolate", ["linear"], ["zoom"], 17, "#d5d8e500", 18, "#d5d8e5"], "Is.Logistics": false, "Is.Topo": false, "Is.Hybrid": false}}