{"definitions": {"Is.Hybrid": true, "ExtrudedBuilding.MinZoomLevel": 24, "ExtrudedBuilding.Special.MinZoomLevel": ["ref", "ExtrudedBuilding.MinZoomLevel"], "RoadShield.Icon.Lookup.FontColorLight": ["ref", "RoadShield.Icon.Lookup.FontColorHybrid"], "Satellite.Texture.Gamma": ["step", ["zoom"], 0.9, 13, 1], "Satellite.Texture.Brightness": ["step", ["zoom"], 0.6, 12, 0.7, 13, 0.8, 14, 0.8, 17, 0.9], "Water.Outline.Width": 0, "Water.SecondOutline.Width": 0, "River.Width": 0, "River.Class1.Width": ["ref", "River.Width"], "River.Class2.Width": ["ref", "River.Width"], "River.Class3.Width": ["ref", "River.Width"], "River.Class4.Width": ["ref", "River.Width"], "River.Class5.Width": ["ref", "River.Width"], "River.Class6.Width": ["ref", "River.Width"], "River.Class7.Width": ["ref", "River.Width"], "River.Class8.Width": ["ref", "River.Width"], "CanalWaterChannel.Width": ["ref", "River.Width"], "CanalWaterChannel.Class1.Width": ["ref", "River.Width"], "CanalWaterChannel.Class2.Width": ["ref", "River.Width"], "CanalWaterChannel.Class3.Width": ["ref", "River.Width"], "CanalWaterChannel.Class4.Width": ["ref", "River.Width"], "CanalWaterChannel.Class5.Width": ["ref", "River.Width"], "CanalWaterChannel.Class6.Width": ["ref", "River.Width"], "CanalWaterChannel.Class7.Width": ["ref", "River.Width"], "CanalWaterChannel.Class8.Width": ["ref", "River.Width"], "IntermittentRiver.Width": ["ref", "River.Width"], "IntermittentRiver.Class1.Width": ["ref", "River.Width"], "IntermittentRiver.Class2.Width": ["ref", "River.Width"], "IntermittentRiver.Class3.Width": ["ref", "River.Width"], "IntermittentRiver.Class4.Width": ["ref", "River.Width"], "IntermittentRiver.Class5.Width": ["ref", "River.Width"], "IntermittentRiver.Class6.Width": ["ref", "River.Width"], "IntermittentRiver.Class7.Width": ["ref", "River.Width"], "IntermittentRiver.Class8.Width": ["ref", "River.Width"], "Woodland.Label.Size": ["interpolate", ["linear"], ["zoom"], 12, 0, 12, 10, 13, 11, 15, 11, 16, 12, 20, 12, 24, 14.2], "Woodland.Label.Color": ["interpolate", ["linear"], ["zoom"], 12, "#aac6a9", 13, "#b0d0af"], "Woodland.Label.Outline.Color": ["interpolate", ["linear"], ["zoom"], 12, "#142212", 13, "#0f190d"], "Woodland.Label.Outline.Width": ["ref", "Park.Label.Outline.Width"], "NationalPark.Label.Size": ["interpolate", ["linear"], ["zoom"], 6, 0, 6, 11, 12, 11, 13, 12, 15, 12, 16, 13, 20, 13, 24, 16], "NationalPark.Color": ["interpolate", ["linear"], ["zoom"], 6, "#77af9633", 10, "#77af961a", 14, "#77af961a", 15, "#77af9600"], "NationalPark.Outline.Color": ["interpolate", ["linear"], ["zoom"], 6, "#67b29266", 10, "#67b29259", 14, "#67b29259", 15, "#67b29200"], "NationalPark.SecondOutline.Color": ["interpolate", ["linear"], ["zoom"], 10, "#9ac6b624", 14, "#9ac6b61a", 15, "#9ac6b600"], "NationalPark.Label.Color": ["interpolate", ["linear"], ["zoom"], 12, "#accaa4", 13, "#a6c39d"], "NationalPark.Label.Outline.Color": ["interpolate", ["linear"], ["zoom"], 12, "#122310", 13, "#0e1c0d"], "NationalPark.Label.Outline.Width": ["ref", "Park.Label.Outline.Width"], "WaterPark.Color": ["interpolate", ["linear"], ["zoom"], 6, "#5a706e1a", 10, "#5a706e1a", 14, "#5a706e0d", 15, "#5a706e00"], "WaterPark.Outline.Color": ["interpolate", ["linear"], ["zoom"], 6, "#3b6e6466", 10, "#3b6e6459", 14, "#3b6e6459", 15, "#3b6e6400"], "WaterPark.SecondOutline.Color": ["interpolate", ["linear"], ["zoom"], 10, "#3f635e24", 14, "#3f635e1a", 15, "#3f635e00"], "WaterPark.Label.Color": ["interpolate", ["linear"], ["zoom"], 12, "#6ea9a6", 13, "#65a09e"], "WaterPark.Label.Outline.Color": "#081517", "Park.Label.Size": ["interpolate", ["linear"], ["zoom"], 12, 0, 12, 11, 15, 11, 16, 12.5, 17, 13, 20, 13, 24, 15.5], "Park.Label.Color": ["interpolate", ["linear"], ["zoom"], 12, "#8ac9b8", 13, "#8cc7b8"], "Park.Label.Outline.Color": ["interpolate", ["linear"], ["zoom"], 12, "#19241f", 13, "#121b17"], "Park.Label.Outline.Width": 1.45, "Beach.Label.Color": ["ref", "Desert.Label.Color"], "Beach.Label.Outline.Color": ["ref", "Desert.Label.Outline.Color"], "Beach.Label.Outline.Width": ["ref", "Park.Label.Outline.Width"], "MilitaryBase.Color": ["interpolate", ["linear"], ["zoom"], 6, "#7c82ce33", 10, "#7c82ce1a", 14, "#7c82ce1a", 15, "#7c82ce00"], "MilitaryBase.Outline.Color": ["interpolate", ["linear"], ["zoom"], 6, "#bdbbc666", 10, "#bdbbc659", 14, "#bdbbc659", 15, "#bdbbc600"], "MilitaryBase.SecondOutline.Color": ["interpolate", ["linear"], ["zoom"], 10, "#b2afc024", 14, "#b2afc01a", 15, "#b2afc000"], "MilitaryBase.Label.Color": ["interpolate", ["linear"], ["zoom"], 12, "#c7c7d8", 13, "#c5c5d9"], "MilitaryBase.Label.Outline.Color": ["interpolate", ["linear"], ["zoom"], 12, "#2e2e32", 13, "#2b2b2f"], "MilitaryBase.Label.Outline.Width": ["ref", "Park.Label.Outline.Width"], "NativeReservation.Color": ["interpolate", ["linear"], ["zoom"], 6, "#daab8933", 10, "#daab891a", 14, "#daab891a", 15, "#daab8900"], "NativeReservation.Outline.Color": ["interpolate", ["linear"], ["zoom"], 6, "#dbb99f66", 10, "#dbb99f59", 14, "#dbb99f59", 15, "#dbb99f00"], "NativeReservation.SecondOutline.Color": ["interpolate", ["linear"], ["zoom"], 10, "#d8b69e24", 14, "#d8b69e1a", 15, "#d8b69e00"], "NativeReservation.Label.Color": ["interpolate", ["linear"], ["zoom"], 12, "#decbab", 13, "#e2d1b4"], "NativeReservation.Label.Outline.Color": ["interpolate", ["linear"], ["zoom"], 12, "#2d241f", 13, "#29221d"], "NativeReservation.Label.Outline.Width": ["ref", "Park.Label.Outline.Width"], "Island.Label.Size": ["interpolate", ["linear"], ["zoom"], 6, 0, 6, 10, 11, 11, 13, 12, 14, 13, 16, 14.5, 24, 17.5], "Island.Label.Color": ["interpolate", ["linear"], ["zoom"], 12, "#9fc5bd", 13, "#99c2ba"], "Island.Label.Outline.Color": ["interpolate", ["linear"], ["zoom"], 12, "#0e2227", 13, "#0c2025"], "Island.Label.Outline.Width": ["ref", "Park.Label.Outline.Width"], "Desert.Label.Size": ["interpolate", ["linear"], ["zoom"], 6, 0, 6, 10, 12, 10, 13, 11, 15, 11, 16, 12, 20, 12, 24, 14.5], "Desert.Label.Color": ["interpolate", ["linear"], ["zoom"], 12, "#e3e3bd", 13, "#e5e5c1"], "Desert.Label.Outline.Color": ["interpolate", ["linear"], ["zoom"], 12, "#282416", 13, "#1c1a0f"], "Glacier.Label.Color": "#192029", "Glacier.Label.Outline.Color": ["interpolate", ["linear"], ["zoom"], 12, "#adb6c7", 13, "#c2cde0"], "Glacier.Label.Outline.Width": ["ref", "Park.Label.Outline.Width"], "HospitalCampus.Label.Color": ["interpolate", ["linear"], ["zoom"], 12, "#e9a4af", 13, "#eca9b3"], "HospitalCampus.Label.Outline.Color": ["interpolate", ["linear"], ["zoom"], 12, "#231818", 13, "#231717"], "HospitalCampus.Label.Outline.Width": ["ref", "Park.Label.Outline.Width"], "UniversityCampus.Label.Color": ["interpolate", ["linear"], ["zoom"], 12, "#bcca89", 13, "#c7d39a"], "UniversityCampus.Label.Outline.Color": ["interpolate", ["linear"], ["zoom"], 12, "#1c1b15", 13, "#191712"], "UniversityCampus.Label.Outline.Width": ["ref", "Park.Label.Outline.Width"], "Cemetery.Label.Color": ["interpolate", ["linear"], ["zoom"], 12, "#a1c3c6", 13, "#adcace"], "Cemetery.Label.Outline.Color": ["interpolate", ["linear"], ["zoom"], 12, "#19201c", 13, "#181e1a"], "Cemetery.Label.Outline.Width": ["ref", "Park.Label.Outline.Width"], "Allotment.Label.Size": ["interpolate", ["linear"], ["zoom"], 15, 0, 15, 12, 16, 13, 20, 13, 24, 16], "Allotment.Label.Color": ["ref", "Cemetery.Label.Color"], "Allotment.Label.Outline.Color": ["ref", "Cemetery.Label.Outline.Color"], "Allotment.Label.Outline.Width": ["ref", "Park.Label.Outline.Width"], "SportsComplex.Label.Color": ["ref", "Cemetery.Label.Color"], "SportsComplex.Label.Outline.Color": ["ref", "Cemetery.Label.Outline.Color"], "SportsComplex.Label.Outline.Width": ["ref", "Park.Label.Outline.Width"], "AnimalPark.Label.Color": ["ref", "Cemetery.Label.Color"], "AnimalPark.Label.Outline.Color": ["ref", "Cemetery.Label.Outline.Color"], "AnimalPark.Label.Outline.Width": ["ref", "Park.Label.Outline.Width"], "AmusementPark.Label.Color": ["ref", "Cemetery.Label.Color"], "AmusementPark.Label.Outline.Color": ["ref", "Cemetery.Label.Outline.Color"], "AmusementPark.Label.Outline.Width": ["ref", "Park.Label.Outline.Width"], "IndustrialComplex.Label.Color": ["interpolate", ["linear"], ["zoom"], 12, "#b0c1c5", 13, "#bbc9cd"], "IndustrialComplex.Label.Outline.Color": ["interpolate", ["linear"], ["zoom"], 12, "#171f28", 13, "#12181e"], "IndustrialComplex.Label.Outline.Width": ["ref", "Park.Label.Outline.Width"], "Airport.Label.Color": ["ref", "IndustrialComplex.Label.Color"], "Airport.Label.Outline.Color": ["ref", "IndustrialComplex.Label.Outline.Color"], "Airport.Label.Outline.Width": ["ref", "Park.Label.Outline.Width"], "ShoppingComplex.Label.Color": ["ref", "IndustrialComplex.Label.Color"], "ShoppingComplex.Label.Outline.Color": ["ref", "IndustrialComplex.Label.Outline.Color"], "ShoppingComplex.Label.Outline.Width": ["ref", "Park.Label.Outline.Width"], "PedestrianArea.Label.Color": ["ref", "IndustrialComplex.Label.Color"], "PedestrianArea.Label.Outline.Color": ["ref", "IndustrialComplex.Label.Outline.Color"], "PedestrianArea.Label.Outline.Width": ["ref", "Park.Label.Outline.Width"], "Railyard.Label.Color": ["ref", "IndustrialComplex.Label.Color"], "Railyard.Label.Outline.Color": ["ref", "IndustrialComplex.Label.Outline.Color"], "Railyard.Label.Outline.Width": ["ref", "Park.Label.Outline.Width"], "HarborArea.Label.Color": ["ref", "IndustrialComplex.Label.Color"], "HarborArea.Label.Outline.Color": ["ref", "IndustrialComplex.Label.Outline.Color"], "HarborArea.Label.Outline.Width": ["ref", "Park.Label.Outline.Width"], "GolfCourse.Label.Color": ["ref", "Cemetery.Label.Color"], "GolfCourse.Label.Outline.Color": ["ref", "Cemetery.Label.Outline.Color"], "GolfCourse.Label.Outline.Width": ["ref", "Park.Label.Outline.Width"], "POI.MountainPeak.Label.Size": ["interpolate", ["linear"], ["zoom"], 5, 8.8, 8, 10, 12, 10, 13, 11, 15, 11, 16, 12, 20, 12, 24, 14.5], "POI.MountainPeak.Label.Color": ["interpolate", ["linear"], ["zoom"], 12, "#eddfcf", 13, "#efe3d5"], "POI.MountainPeak.Label.Outline.Color": ["interpolate", ["linear"], ["zoom"], 12, "#2c2923", 13, "#23201c"], "POI.MountainPeak.Label.Outline.Width": 1.45, "POI.MountainPeak.Label.OffsetY": 1.5, "POI.MountainPeak.Icon.Size": ["interpolate", ["linear"], ["zoom"], 10, 8.8, 11, 10, 12, 11, 13, 11, 20, 11, 24, 13], "MountainRange.Label.Size": ["interpolate", ["linear"], ["zoom"], 0, 13, 10, 15.5, 12, 16.5, 13, 18.5, 13, 0, 24, 0], "MountainRange.Label.Color": "#e4d1cd", "MountainRange.Label.Outline.Color": ["interpolate", ["linear"], ["zoom"], 12, "#2b2825", 13, "#282623"], "Rail.Line.Width": ["interpolate", ["linear"], ["zoom"], 13.3, 0, 13.3, 0.6, 14, 0.9, 16, 0.9, 18, 1.85, 20, 1.85, 24, 6.2], "Rail.Line.Color": ["interpolate", ["linear"], ["zoom"], 10, "#babeb7", 17, "#babeb7a6", 18, "#babeb726"], "Rail.Outline.Color": ["ref", "Rail.SecondLine.Color"], "Rail.SecondLine.Color": ["interpolate", ["linear"], ["zoom"], 10, "#6a685c", 17, "#6a685ce6", 18, "#6a685ccc", 19, "#6a685cb3"], "Rail.Label.Size": 0, "TruckFeature.Rail.Line.Color": ["interpolate", ["linear"], ["zoom"], 10, "#babeb7", 17, "#babeb7a6", 18, "#babeb726"], "PTFeature.Rail.Line.Color": ["interpolate", ["linear"], ["zoom"], 10, "#babeb7", 17, "#babeb7a6", 18, "#babeb726"], "Ferry.Line.Color": "#3a6580", "Ferry.SecondLine.Color": "#2a3b4700", "Ferry.Label.Size": ["interpolate", ["linear"], ["zoom"], 10, 0, 10, 11, 12, 11, 14, 12, 15, 13, 16, 13, 17, 14.5, 20, 14.5, 24, 17], "Ferry.Label.Outline.Width": 1.1, "Ferry.Label.Color": ["interpolate", ["linear"], ["zoom"], 12, "#829fb1", 13, "#8ca8b7"], "Ferry.Label.Outline.Color": ["interpolate", ["linear"], ["zoom"], 12, "#09171d", 13, "#09161b"], "Sea.Label.Size": ["interpolate", ["linear"], ["zoom"], 2, 0, 2, 9.5, 3, 9.5, 4, 10.7, 5, 11.5, 6, 12, 8, 12, 20, 14.5, 24, 17.5], "Sea.Label.Outline.Width": 1.25, "BayHarbor.Label.Outline.Width": 1.25, "BayHarbor.Class1.Label.Size": ["interpolate", ["linear"], ["zoom"], 5, 0, 5, 10.5, 11, 11, 12, 12, 15, 12, 16, 13, 20, 14.3, 24, 18.7], "BayHarbor.Class2.Label.Size": ["interpolate", ["linear"], ["zoom"], 6, 0, 6, 10.5, 11, 11, 12, 12, 15, 12, 16, 13, 20, 14.3, 24, 18.7], "BayHarbor.Class3.Label.Size": ["interpolate", ["linear"], ["zoom"], 7, 0, 7, 10, 11, 10, 12, 11, 15, 11, 16, 12, 20, 12, 24, 14.8], "BayHarbor.Class4.Label.Size": ["interpolate", ["linear"], ["zoom"], 8, 0, 8, 10, 11, 10, 12, 11, 15, 12, 16, 12, 20, 12, 24, 14.8], "BayHarbor.Class5.Label.Size": ["interpolate", ["linear"], ["zoom"], 9, 0, 9, 10, 11, 10, 12, 11, 15, 11, 16, 12, 20, 12, 24, 14.8], "BayHarbor.Class6.Label.Size": ["interpolate", ["linear"], ["zoom"], 10, 0, 10, 8.8, 11, 8.8, 12, 10, 15, 10, 16, 11, 20, 11, 24, 13.7], "BayHarbor.Class7.Label.Size": ["interpolate", ["linear"], ["zoom"], 11, 0, 11, 8.8, 12, 10, 15, 10, 16, 11, 20, 11, 24, 13.7], "BayHarbor.Class8.Label.Size": ["interpolate", ["linear"], ["zoom"], 12, 0, 12, 10, 15, 10, 16, 11, 20, 11, 24, 13.7], "Lake.Label.Color": ["interpolate", ["linear"], ["zoom"], 4, "#65a9ca", 12, "#60a6c8", 13, "#5ea2c3"], "Lake.Label.Outline.Color": ["interpolate", ["linear"], ["zoom"], 12, "#142231", 13, "#13202e"], "Lake.Label.Outline.Width": 1.4, "Lake.Label.Size": ["interpolate", ["linear"], ["zoom"], 7, 0, 7, 10.5, 11, 11, 12, 12, 15, 12, 16, 13, 20, 13, 24, 16], "Lake.Class1.Label.Size": ["interpolate", ["linear"], ["zoom"], 5, 0, 5, 11, 11, 12, 12, 13, 15, 13, 16, 14.3, 20, 15.5, 24, 18.5], "Lake.Class2.Label.Size": ["interpolate", ["linear"], ["zoom"], 6, 0, 6, 11, 11, 12, 12, 13, 15, 13, 16, 14.3, 20, 15.5, 24, 18.5], "Lake.Class3.Label.Size": ["interpolate", ["linear"], ["zoom"], 7, 0, 7, 10.5, 11, 11, 12, 12, 15, 12, 16, 13, 20, 13, 24, 15.8], "Lake.Class4.Label.Size": ["interpolate", ["linear"], ["zoom"], 8, 0, 8, 10.5, 11, 11, 12, 12, 15, 12, 16, 13, 20, 13, 24, 15.8], "Lake.Class5.Label.Size": ["interpolate", ["linear"], ["zoom"], 9, 0, 9, 10.5, 11, 11, 12, 12, 15, 12, 16, 13, 20, 13, 24, 15.8], "Lake.Class6.Label.Size": ["interpolate", ["linear"], ["zoom"], 10, 0, 10, 9.3, 11, 10, 12, 11, 15, 11, 16, 12, 20, 12, 24, 14.5], "Lake.Class7.Label.Size": ["interpolate", ["linear"], ["zoom"], 11, 0, 11, 10, 12, 11, 15, 11, 16, 12, 20, 12, 24, 14.5], "Lake.Class8.Label.Size": ["interpolate", ["linear"], ["zoom"], 12, 0, 12, 11, 15, 11, 16, 12, 20, 12, 24, 14.5], "Lake.Class1.Label.Outline.Width": ["ref", "Lake.Label.Outline.Width"], "Lake.Class2.Label.Outline.Width": ["ref", "Lake.Label.Outline.Width"], "Lake.Class3.Label.Outline.Width": ["ref", "Lake.Label.Outline.Width"], "Lake.Class4.Label.Outline.Width": ["ref", "Lake.Label.Outline.Width"], "Lake.Class5.Label.Outline.Width": ["ref", "Lake.Label.Outline.Width"], "Lake.Class6.Label.Outline.Width": ["ref", "Lake.Label.Outline.Width"], "Lake.Class7.Label.Outline.Width": ["ref", "Lake.Label.Outline.Width"], "Lake.Class8.Label.Outline.Width": ["ref", "Lake.Label.Outline.Width"], "CanalWaterChannel.Class1.Label.Outline.Width": ["ref", "Lake.Label.Outline.Width"], "CanalWaterChannel.Class2.Label.Outline.Width": ["ref", "Lake.Label.Outline.Width"], "CanalWaterChannel.Class3.Label.Outline.Width": ["ref", "Lake.Label.Outline.Width"], "CanalWaterChannel.Class4.Label.Outline.Width": ["ref", "Lake.Label.Outline.Width"], "CanalWaterChannel.Class5.Label.Outline.Width": ["ref", "Lake.Label.Outline.Width"], "CanalWaterChannel.Class6.Label.Outline.Width": ["ref", "Lake.Label.Outline.Width"], "CanalWaterChannel.Class7.Label.Outline.Width": ["ref", "Lake.Label.Outline.Width"], "CanalWaterChannel.Class8.Label.Outline.Width": ["ref", "Lake.Label.Outline.Width"], "River.Class1.Label.Outline.Width": ["ref", "Lake.Label.Outline.Width"], "River.Class2.Label.Outline.Width": ["ref", "Lake.Label.Outline.Width"], "River.Class3.Label.Outline.Width": ["ref", "Lake.Label.Outline.Width"], "River.Class4.Label.Outline.Width": ["ref", "Lake.Label.Outline.Width"], "River.Class5.Label.Outline.Width": ["ref", "Lake.Label.Outline.Width"], "River.Class6.Label.Outline.Width": ["ref", "Lake.Label.Outline.Width"], "River.Class7.Label.Outline.Width": ["ref", "Lake.Label.Outline.Width"], "BayHarbor.Class1.Label.Outline.Width": ["ref", "Lake.Label.Outline.Width"], "BayHarbor.Class2.Label.Outline.Width": ["ref", "Lake.Label.Outline.Width"], "BayHarbor.Class3.Label.Outline.Width": ["ref", "Lake.Label.Outline.Width"], "BayHarbor.Class4.Label.Outline.Width": ["ref", "Lake.Label.Outline.Width"], "BayHarbor.Class5.Label.Outline.Width": ["ref", "Lake.Label.Outline.Width"], "BayHarbor.Class6.Label.Outline.Width": ["ref", "Lake.Label.Outline.Width"], "BayHarbor.Class7.Label.Outline.Width": ["ref", "Lake.Label.Outline.Width"], "BayHarbor.Class8.Label.Outline.Width": ["ref", "Lake.Label.Outline.Width"], "Building.Outline.Width": 0, "BuildingAddress.Label.Outline.Width": 1.3, "Building.Label.Color": "#e4edee", "Building.Label.Outline.Color": "#0e1d21", "Building.Label.Outline.Width": 1.3, "BuildingAddress.Label.Size": ["interpolate", ["linear"], ["zoom"], 18, 11, 20, 11, 24, 13], "BuildingAddress.Label.Color": "#e7eff0", "BuildingAddress.Label.Outline.Color": "#1a282b", "Street.Category0.Width": ["interpolate", ["linear"], ["zoom"], 5, 1.1, 6, 1.4, 7, 1.55, 8, 1.7, 9, 2, 10, 2.65, 11, 2.95, 12, 3.55, 13, 4, 14, 5.55, 15, 7.9, 16, 9.9, 17, 12.4, 18, 21.7, 19, 27.25, 20, 43.35, 24, 303.6], "Street.Category0.Outline.Width": ["interpolate", ["linear"], ["zoom"], 0, 0.35, 7, 0.4, 8, 0.5, 14, 0.65, 16, 0.95, 18, 1.1, 20, 1.1, 24, 2.05], "Street.Category0.Ramp.Width": ["interpolate", ["linear"], ["zoom"], 13, 2, 14, 2.7, 15, 3.95, 16, 4.95, 17, 6.2, 18, 10.85, 20, 21.6, 24, 151.8], "Street.Category0.Centerline.Width": ["interpolate", ["linear"], ["zoom"], 11, 0, 11, 0.6, 16, 0.6, 17, 0], "Street.Category0.Color": ["interpolate", ["linear"], ["zoom"], 5, "#b5c9df", 6, "#adc2dc", 7, "#adc2dc", 8, "#b0c6dd", 10, "#aec3d9", 11, "#b9cce3", 13, "#b3c9da", 16, "#adbfd5b3", 18, "#adbfd573", 19, "#adbfd54d"], "Street.Category0.Outline.Color": ["interpolate", ["linear"], ["zoom"], 6, "#37495a", 8, "#37495a", 10, "#37495a", 13, "#223643", 16, "#22353f00"], "Street.Category0.Centerline.Color": ["interpolate", ["linear"], ["zoom"], 11, "#91b4c7", 13, "#7ba4bd", 16, "#759cb2b3", 18, "#adbfd573", 19, "#adbfd54d"], "Street.Category0.Label.Color": ["interpolate", ["linear"], ["zoom"], 5, "#e0e5ed", 14, "#dce2eb"], "Street.Category0.Label.Outline.Color": ["interpolate", ["linear"], ["zoom"], 12, "#141c2df2", 14, "#070a11e6"], "Street.Category0.Label.Outline.Width": ["interpolate", ["linear"], ["zoom"], 11, 1.1, 13, 1.4, 14, 1.4, 16, 2.2, 18, 2.5, 20, 3, 24, 4.4], "Street.Category0.Bridge.Color": "#2e3e4e00", "Street.Category0.Toll.Color": ["ref", "Street.Category0.Color"], "Street.Category0.Toll.Outline.Color": ["ref", "Street.Category0.Outline.Color"], "Street.Category0.Tunnel.Color": ["interpolate", ["linear"], ["zoom"], 5, "#b5c9df", 6, "#adc2dc", 7, "#adc2dc", 8, "#b0c6dd", 10, "#aec3d9", 11, "#b9cce3", 13, "#b3c9da", 15, "#adbfd573", 18, "#adbfd51a", 20, "#adbfd50d"], "Street.Category0.Tunnel.Outline.Color": ["interpolate", ["linear"], ["zoom"], 6, "#455b70", 8, "#455b70", 10, "#455b70", 13, "#2c4658", 15, "#2d465300"], "Street.Category0.Unpaved.Color": ["ref", "Street.Category0.Color"], "Street.Category0.Unpaved.Outline.Color": ["ref", "Street.Category0.Outline.Color"], "Street.Category0.Toll.Centerline.Color": ["ref", "Street.Category0.Centerline.Color"], "Street.Category0.Tunnel.Centerline.Color": ["interpolate", ["linear"], ["zoom"], 11, "#91b4c7", 13, "#7ba4bd", 16, "#759cb273", 18, "#adbfd51a", 20, "#adbfd50d"], "Street.Category0.Label.Toll.Outline.Color": ["ref", "Street.Category0.Label.Outline.Color"], "Street.Category0.Label.Unpaved.Color": ["ref", "Street.Category0.Label.Color"], "Street.Category0.Label.Unpaved.Outline.Color": ["ref", "Street.Category0.Label.Outline.Color"], "Street.Category1.Width": ["interpolate", ["linear"], ["zoom"], 5, 0.75, 8, 1.25, 9, 1.55, 10, 1.7, 11, 2, 12, 2.3, 13, 2.8, 14, 3.55, 15, 4.8, 16, 6.8, 17, 9.3, 18, 18.6, 19, 21.05, 20, 34.05, 24, 238.55], "Street.Category1.Outline.Width": ["interpolate", ["linear"], ["zoom"], 9, 0.35, 10, 0.5, 20, 0.5, 24, 1.1], "Street.Category1.Ramp.Width": ["interpolate", ["linear"], ["zoom"], 13, 1.5, 14, 1.75, 15, 2.4, 16, 3.4, 17, 4.65, 18, 9.3, 19, 10.5, 20, 17.2, 24, 119.2], "Street.Category1.Color": ["interpolate", ["linear"], ["zoom"], 7, "#93a8bf", 8, "#98aec3", 10, "#9fb6c5", 11, "#abbbce", 13, "#a1b0c3", 16, "#9aa5b6a6", 18, "#9aa5b666", 19, "#9aa5b64d"], "Street.Category1.Outline.Color": ["interpolate", ["linear"], ["zoom"], 8, "#2f4353", 10, "#33485a", 13, "#17232c", 16, "#11202800"], "Street.Category1.Label.Color": ["interpolate", ["linear"], ["zoom"], 6, "#e0e5ed", 14, "#dce2eb"], "Street.Category1.Label.Outline.Color": ["ref", "Street.Category0.Label.Outline.Color"], "Street.Category1.Label.Outline.Width": ["interpolate", ["linear"], ["zoom"], 11, 1.1, 14, 1.4, 16, 2, 18, 2.2, 20, 2.5, 24, 4], "Street.Category1.Bridge.Color": ["ref", "Street.Category0.Bridge.Color"], "Street.Category1.Toll.Color": ["ref", "Street.Category1.Color"], "Street.Category1.Toll.Outline.Color": ["ref", "Street.Category1.Outline.Color"], "Street.Category1.Tunnel.Color": ["interpolate", ["linear"], ["zoom"], 7, "#93a8bf", 8, "#98aec3", 10, "#9fb6c5", 11, "#abbbce", 13, "#a1b0c3", 15, "#9aa5b673", 18, "#9aa5b61a", 20, "#9aa5b60d"], "Street.Category1.Tunnel.Outline.Color": ["interpolate", ["linear"], ["zoom"], 8, "#3c5569", 10, "#405a70", 13, "#1f303c", 15, "#182c3700"], "Street.Category1.Unpaved.Color": ["ref", "Street.Category1.Color"], "Street.Category1.Unpaved.Outline.Color": ["ref", "Street.Category1.Outline.Color"], "Street.Category1.Label.Toll.Outline.Color": ["ref", "Street.Category1.Label.Outline.Color"], "Street.Category1.Label.Unpaved.Color": ["ref", "Street.Category1.Label.Color"], "Street.Category1.Label.Unpaved.Outline.Color": ["ref", "Street.Category1.Label.Outline.Color"], "Street.Category2.Width": ["interpolate", ["linear"], ["zoom"], 0, 0.6, 8, 0.75, 10, 1.1, 11, 1.25, 12, 1.85, 13, 2.15, 14, 2.65, 15, 3.85, 16, 5.55, 17, 8.05, 18, 16.7, 19, 18.6, 20, 30.95, 24, 216.85], "Street.Category2.Outline.Width": ["interpolate", ["linear"], ["zoom"], 12, 0.35, 13, 0.35, 20, 0.5, 24, 0.8], "Street.Category2.Ramp.Width": ["interpolate", ["linear"], ["zoom"], 14, 1, 15, 1.9, 16, 2.7, 17, 4, 18, 8.35, 19, 9.3, 20, 15.5, 24, 108.5], "Street.Category2.Color": ["interpolate", ["linear"], ["zoom"], 8, "#8b93a2", 10, "#949ead", 12, "#a2a9ba", 13, "#959db0", 16, "#868ea5a6", 18, "#868ea566", 19, "#868ea54d"], "Street.Category2.Outline.Color": ["interpolate", ["linear"], ["zoom"], 8, "#364a5a", 13, "#141d24", 16, "#11192100"], "Street.Category2.Label.Color": ["interpolate", ["linear"], ["zoom"], 5, "#e0e5ed", 14, "#dce2eb"], "Street.Category2.Label.Outline.Color": ["ref", "Street.Category0.Label.Outline.Color"], "Street.Category2.Label.Outline.Width": ["interpolate", ["linear"], ["zoom"], 12, 1.1, 14, 1.4, 16, 2, 18, 2.2, 20, 2.5, 24, 3.6], "Street.Category2.Toll.Color": ["ref", "Street.Category2.Color"], "Street.Category2.Toll.Outline.Color": ["ref", "Street.Category2.Outline.Color"], "Street.Category2.Tunnel.Color": ["interpolate", ["linear"], ["zoom"], 8, "#8b93a2", 10, "#949ead", 12, "#a2a9ba", 13, "#959db0", 15, "#868ea573", 18, "#868ea51a", 20, "#868ea50d"], "Street.Category2.Tunnel.Outline.Color": ["interpolate", ["linear"], ["zoom"], 8, "#445c70", 13, "#1c2832", 15, "#18242e00"], "Street.Category2.Unpaved.Color": ["ref", "Street.Category2.Color"], "Street.Category2.Unpaved.Outline.Color": ["ref", "Street.Category2.Outline.Color"], "Street.Category2.Bridge.Color": ["ref", "Street.Category0.Bridge.Color"], "Street.Category2.Label.Toll.Outline.Color": ["ref", "Street.Category2.Label.Outline.Color"], "Street.Category2.Label.Unpaved.Color": ["ref", "Street.Category2.Label.Color"], "Street.Category2.Label.Unpaved.Outline.Color": ["ref", "Street.Category2.Label.Outline.Color"], "Street.Category3.Width": ["interpolate", ["linear"], ["zoom"], 0, 0.6, 10, 0.75, 11, 0.9, 12, 1.4, 13, 1.7, 14, 2.15, 15, 2.8, 16, 4.35, 17, 6.8, 18, 14.85, 19, 16.1, 20, 27.9, 24, 195.15], "Street.Category3.Outline.Width": ["interpolate", ["linear"], ["zoom"], 14, 0.3, 16, 0.3, 20, 0.3, 24, 0.5], "Street.Category3.Ramp.Width": ["interpolate", ["linear"], ["zoom"], 14, 1, 15, 1.4, 16, 2.2, 17, 3.4, 18, 7.4, 19, 8, 20, 13.9, 24, 97.5], "Street.Category3.Color": ["interpolate", ["linear"], ["zoom"], 11, "#7f8799", 12, "#8690a4", 14, "#7f8a9e", 16, "#77819699", 18, "#707b8e59", 19, "#707b8e4d"], "Street.Category3.Outline.Color": ["interpolate", ["linear"], ["zoom"], 11, "#233244", 13, "#0f151d", 14, "#0d151d", 16, "#05050900"], "Street.Category3.Label.Color": "#dce2eb", "Street.Category3.Label.Outline.Color": ["ref", "Street.Category0.Label.Outline.Color"], "Street.Category3.Label.Outline.Width": ["ref", "Street.Category2.Label.Outline.Width"], "Street.Category3.Bridge.Color": ["ref", "Street.Category0.Bridge.Color"], "Street.Category3.Toll.Color": ["ref", "Street.Category3.Color"], "Street.Category3.Toll.Outline.Color": ["ref", "Street.Category3.Outline.Color"], "Street.Category3.Tunnel.Color": ["interpolate", ["linear"], ["zoom"], 11, "#7f8799", 12, "#8690a4", 14, "#7f8a9e", 15, "#77819673", 18, "#707b8e1a", 20, "#707b8e0d"], "Street.Category3.Tunnel.Outline.Color": ["interpolate", ["linear"], ["zoom"], 11, "#2e4159", 13, "#151e29", 15, "#07070d00"], "Street.Category3.Unpaved.Color": ["ref", "Street.Category3.Color"], "Street.Category3.Unpaved.Outline.Color": ["ref", "Street.Category3.Outline.Color"], "Street.Category3.Label.Toll.Outline.Color": ["ref", "Street.Category3.Label.Outline.Color"], "Street.Category3.Label.Unpaved.Color": ["ref", "Street.Category3.Label.Color"], "Street.Category3.Label.Unpaved.Outline.Color": ["ref", "Street.Category3.Label.Outline.Color"], "Street.Category4.Width": ["interpolate", ["linear"], ["zoom"], 14, 0, 14, 0.75, 15, 1.3, 16, 2.45, 17, 3.7, 18, 7.45, 19, 8.65, 20, 18.6, 24, 130.1], "Street.Category4.Outline.Width": ["interpolate", ["linear"], ["zoom"], 14, 0, 14, 0.3, 20, 0.3, 24, 0.4], "Street.Category4.Color": ["interpolate", ["linear"], ["zoom"], 14, "#64707e", 16, "#707b8e80", 18, "#707b8e4d"], "Street.Category4.Outline.Color": ["interpolate", ["linear"], ["zoom"], 14, "#05070b80", 16, "#05050900"], "Street.Category4.Tunnel.Color": ["interpolate", ["linear"], ["zoom"], 14, "#64707e", 15, "#707b8e73", 18, "#707b8e1a", 20, "#707b8e0d"], "Street.Category4.Tunnel.Outline.Color": ["interpolate", ["linear"], ["zoom"], 14, "#070b11", 15, "#07070d00"], "Street.Category4.RestrictedAccessUnpaved.Outline.Color": ["ref", "Street.Category4.Outline.Color"], "Street.Category4.Unpaved.Color": ["ref", "Street.Category4.Color"], "Street.Category4.Unpaved.Outline.Color": ["ref", "Street.Category4.Outline.Color"], "Street.Category4.Label.Unpaved.Color": ["ref", "Street.Category4.Label.Color"], "Street.Category4.Label.Unpaved.Outline.Color": ["ref", "Street.Category4.Label.Outline.Color"], "Street.Category4.ParkingLot.Outline.Color": ["ref", "Street.Category4.RestrictedAccess.Outline.Color"], "Street.Category4.ParkingLot.Color": ["ref", "Street.Category4.RestrictedAccess.Color"], "Street.Category4.ParkingLot.Width": ["interpolate", ["linear"], ["zoom"], 16, 0, 16, 1.5, 17, 2.5, 18, 5, 19, 6, 20, 10, 24, 60], "Street.Category4.ParkingLot.Outline.Width": ["ref", "Street.Category4.RestrictedAccess.Outline.Width"], "Street.Category4.RestrictedAccess.Width": ["interpolate", ["linear"], ["zoom"], 15, 0, 15, 0.7, 16, 1.5, 17, 2.5, 18, 5, 19, 6, 20, 10, 24, 60], "Street.Category4.RestrictedAccess.Outline.Width": 0, "Street.Category4.RestrictedAccess.Outline.Color": "#070b1100", "Street.Category4.RestrictedAccess.Color": ["interpolate", ["linear"], ["zoom"], 15, "#5e6977cc", 16, "#707b8e80", 18, "#707b8e4d"], "Street.Category4.Label.Color": "#dce2eb", "Street.Category4.Label.Outline.Color": ["interpolate", ["linear"], ["zoom"], 14, "#141c2df2", 17, "#070a11e6"], "Street.Category4.Label.Outline.Width": ["ref", "Street.Category2.Label.Outline.Width"], "Street.Category4.Bridge.Color": ["ref", "Street.Category0.Bridge.Color"], "Street.Walkway.Width": ["interpolate", ["linear"], ["zoom"], 14, 0, 14, 0.6, 15, 1, 16, 1.2, 17, 2, 18, 4.5, 19, 5.85, 20, 6.45, 24, 10.8], "Street.Walkway.Color": ["interpolate", ["linear"], ["zoom"], 14.9, "#5d887080", 18, "#4c976c4d"], "Street.Walkway.Bridge.Outline.Width": 0, "Street.Walkway.Bridge.Color": "#00000000", "Street.Walkway.Bridge.Baseline.Color": "#12161a00", "Street.Walkway.Unpaved.Color": ["ref", "Street.Walkway.Color"], "Street.Walkway.Label.Outline.Width": ["interpolate", ["linear"], ["zoom"], 15, 0, 15, 1.1, 16, 1.65, 17, 2.2], "Street.Walkway.Label.Color": "#d7dfeb", "Street.Walkway.Label.Outline.Color": ["interpolate", ["linear"], ["zoom"], 12, "#070a10f2", 14, "#070a10e6"], "Street.Walkway.Label.Unpaved.Outline.Color": ["ref", "Street.Walkway.Label.Outline.Color"], "Street.Pedestrian.Color": ["interpolate", ["linear"], ["zoom"], 14.9, "#6a899d80", 16, "#607c9080", 18, "#607c9066", 19, "#607c904d"], "Street.Pedestrian.Width": ["interpolate", ["linear"], ["zoom"], 14, 0, 14, 0.6, 15, 1, 16, 1.2, 17, 3, 18, 4.5, 19, 5.85, 20, 6.45, 24, 10.8], "Street.Pedestrian.Outline.Color": "#05050900", "Street.Pedestrian.Bridge.Color": ["ref", "Street.Walkway.Bridge.Color"], "Street.Pedestrian.Bridge.Baseline.Color": ["ref", "Street.Walkway.Bridge.Baseline.Color"], "Street.Pedestrian.Bridge.Outline.Width": ["ref", "Street.Walkway.Bridge.Outline.Width"], "Street.Pedestrian.Tunnel.Color": ["ref", "Street.Pedestrian.Color"], "Street.Pedestrian.Unpaved.Color": ["ref", "Street.Pedestrian.Color"], "Street.Pedestrian.Unpaved.Outline.Color": ["ref", "Street.Pedestrian.Outline.Color"], "Street.Pedestrian.Label.Outline.Width": ["interpolate", ["linear"], ["zoom"], 14, 1.1, 15, 1.65, 16, 1.65, 17, 2.2], "Street.Pedestrian.Label.Color": "#d7dfeb", "Street.Pedestrian.Label.Outline.Color": ["ref", "Street.Walkway.Label.Outline.Color"], "Street.Pedestrian.Label.Unpaved.Color": ["ref", "Street.Pedestrian.Label.Color"], "Street.Pedestrian.Label.Unpaved.Outline.Color": ["ref", "Street.Pedestrian.Label.Outline.Color"], "Street.Category0.Arrow.Color": ["interpolate", ["linear"], ["zoom"], 16.75, "#879ba800", 17, "#879ba8", 20, "#879ba873", 24, "#93a9b873"], "Street.Category0.Arrow.Toll.Color": ["ref", "Street.Category0.Arrow.Color"], "Street.Category0.Arrow.Tunnel.Color": ["interpolate", ["linear"], ["zoom"], 16.75, "#879ba800", 17, "#879ba833", 18, "#879ba81a", 24, "#93a9b800"], "Street.Category0.Arrow.Unpaved.Color": ["ref", "Street.Category0.Arrow.Color"], "Street.Category1.Arrow.Color": ["interpolate", ["linear"], ["zoom"], 16.75, "#77889400", 17, "#778894", 20, "#77889466", 24, "#8194a166"], "Street.Category1.Arrow.Toll.Color": ["ref", "Street.Category1.Arrow.Color"], "Street.Category1.Arrow.Tunnel.Color": ["interpolate", ["linear"], ["zoom"], 16.75, "#77889400", 17, "#77889433", 20, "#7788940d", 24, "#8194a100"], "Street.Category1.Arrow.Unpaved.Color": ["ref", "Street.Category1.Arrow.Color"], "Street.Category2.Arrow.Color": ["interpolate", ["linear"], ["zoom"], 17, "#6e768800", 17.25, "#6e7688", 20, "#6e768899", 24, "#767e9199"], "Street.Category2.Arrow.Toll.Color": ["ref", "Street.Category2.Arrow.Color"], "Street.Category2.Arrow.Tunnel.Color": ["interpolate", ["linear"], ["zoom"], 17, "#6e768800", 17.25, "#6e767333", 20, "#6e76880d", 24, "#767e9100"], "Street.Category2.Arrow.Unpaved.Color": ["ref", "Street.Category2.Arrow.Color"], "Street.Category3.Arrow.Color": ["interpolate", ["linear"], ["zoom"], 17, "#57657300", 17.25, "#576573", 20, "#57657380", 24, "#5d6c7a80"], "Street.Category3.Arrow.Toll.Color": ["ref", "Street.Category3.Arrow.Color"], "Street.Category3.Arrow.Tunnel.Color": ["interpolate", ["linear"], ["zoom"], 17, "#57657300", 17.25, "#57657333", 20, "#5765730d", 24, "#5d6c7a00"], "Street.Category3.Arrow.Unpaved.Color": ["ref", "Street.Category3.Arrow.Color"], "Street.Category4.Arrow.Color": ["interpolate", ["linear"], ["zoom"], 17.25, "#54616f00", 17.5, "#54616f", 20, "#54616f4d", 24, "#5d6b7a4d"], "Street.Category4.Arrow.RestrictedAccess.Color": ["interpolate", ["linear"], ["zoom"], 18, "#54616f00", 18.25, "#54616f", 20, "#54616f4d", 24, "#5d6b7a4d"], "Street.Category4.Arrow.Toll.Color": ["ref", "Street.Category4.Arrow.Color"], "Street.Category4.Arrow.Tunnel.Color": ["interpolate", ["linear"], ["zoom"], 17.25, "#54616f00", 17.5, "#54616f33", 20, "#54616f0d", 24, "#5d6b7a00"], "Street.Category4.Arrow.Unpaved.Color": ["ref", "Street.Category4.Arrow.Color"], "CountryBoundary.Color": ["interpolate", ["linear"], ["zoom"], 0, "#f0cbd999", 4, "#d9a3b9b3", 5, "#e7becb80", 6, "#e7becb96"], "CountryBoundary.Outline.Color": ["interpolate", ["linear"], ["zoom"], 5, "#c72f7519", 7, "#c72f7525", 10, "#c72f7519", 15, "#c72f7532"], "CountryBoundary.Width": ["interpolate", ["linear"], ["zoom"], 2, 0, 2, 0.4, 4, 1, 7, 1.2, 14, 1.5, 15, 2.5, 20, 4], "CountryBoundary.Disputed.Width": ["ref", "CountryBoundary.Width"], "CountryBoundary.Outline.Width": ["interpolate", ["linear"], ["zoom"], 3, 0, 5, 4.5, 7, 5, 8, 5.5, 10, 5.8, 11, 6.3, 15, 6.7, 20, 10], "CountryBoundary.Disputed.Color": ["ref", "CountryBoundary.Color"], "CountryBoundary.Disputed.Outline.Color": ["ref", "CountryBoundary.Outline.Color"], "StateBoundary.Color": ["interpolate", ["linear"], ["zoom"], 0, "#f0c3d580", 4, "#d99cb580", 5, "#f1a7be99", 8, "#f3a8bf75", 12, "#e7becb80", 16, "#f6becf96"], "StateBoundary.Outline.Color": ["interpolate", ["linear"], ["zoom"], 5, "#c72f7507", 7, "#c72f7514", 8, "#da1f7619", 10, "#ff007719", 15, "#f01c7f25"], "StateBoundary.Width": ["interpolate", ["linear"], ["zoom"], 3, 0, 3, 0.8, 8, 0.8, 8, 1.5, 14, 1.5, 15, 2, 20, 3], "StateBoundary.Outline.Width": ["interpolate", ["linear"], ["zoom"], 4, 0, 4, 2.5, 7, 3.5, 8, 4, 10, 4, 11, 4, 15, 5, 24, 8], "StateBoundary.Gap.Length": ["step", ["zoom"], 0, 8, 2, 10, 2, 15, 3], "StateBoundary.Dash.Length": ["step", ["zoom"], 0, 8, 2.5, 10, 2.5, 15, 4], "StateBoundary.Disputed.Color": ["ref", "StateBoundary.Color"], "StateBoundary.Disputed.Outline.Color": ["ref", "StateBoundary.Outline.Color"], "Country.Label.Color": "#f7ccd8", "Country.Label.Outline.Color": "#4f2d3e", "State.Label.Color": "#f1cbd7", "State.Label.Outline.Color": "#563243", "Continent.Label.Color": "#cfcbcf", "Continent.Label.Outline.Color": "#190101", "CityCenter.Class1.Icon.Size": ["step", ["zoom"], 6, 10, 0], "CityCenter.Class2.Icon.Size": ["step", ["zoom"], 5, 10, 0], "CityCenter.Class3.Icon.Size": ["step", ["zoom"], 4, 10, 0], "CityCenter.Class4.Icon.Size": ["step", ["zoom"], 4, 10, 0], "CityCenter.Class5.Icon.Size": ["step", ["zoom"], 4, 10, 0], "CityCenter.Class1.Label.Size": ["interpolate", ["linear"], ["zoom"], 3, 0, 3, 15, 9, 24, 14, 32.5, 14, 0], "CityCenter.Class2.Label.Size": ["interpolate", ["linear"], ["zoom"], 3, 0, 3, 14.5, 9, 19, 15, 30, 15, 0], "CityCenter.Class3.Label.Size": ["interpolate", ["linear"], ["zoom"], 3, 0, 3, 14, 4, 14, 9, 17, 15, 27.5, 15, 0], "CityCenter.Class4.Label.Size": ["interpolate", ["linear"], ["zoom"], 3, 0, 3, 13.5, 5, 13.5, 9, 15, 15, 25, 15, 0], "CityCenter.Class5.Label.Size": ["interpolate", ["linear"], ["zoom"], 4, 0, 4, 13, 6, 13, 9, 14, 15, 23, 15, 0], "CityCenter.Class6.Label.Size": ["interpolate", ["linear"], ["zoom"], 5, 0, 5, 12.5, 7, 12.5, 9, 13, 15, 20.5, 15, 0], "CityCenter.Class7.Label.Size": ["interpolate", ["linear"], ["zoom"], 6, 0, 6, 12, 9, 12, 15, 18, 15, 0], "CityCenter.Hamlet.Label.Size": ["interpolate", ["linear"], ["zoom"], 7, 0, 7, 11.5, 9, 11.5, 16, 17, 16, 0], "Neighborhood.Label.Size": ["interpolate", ["linear"], ["zoom"], 7, 0, 7, 11, 9, 11, 16, 17, 16, 0], "CityCenter.Class1.Label.Outline.Width": ["interpolate", ["linear"], ["zoom"], 6, 1.5, 8, 1.8, 10, 1.8, 11, 2.4, 13, 2.7], "CityCenter.Class1.Label.Outline.Color": "#000000b3", "CityCenter.Class1.Label.Color": "#fef8f8", "CityCenter.Class2.Label.Outline.Width": ["interpolate", ["linear"], ["zoom"], 6, 1.5, 8, 1.8, 11, 1.8, 12, 2.1, 14, 2.7], "CityCenter.Class2.Label.Outline.Color": ["ref", "CityCenter.Class1.Label.Outline.Color"], "CityCenter.Class2.Label.Color": ["ref", "CityCenter.Class1.Label.Color"], "CityCenter.Class3.Label.Outline.Width": ["interpolate", ["linear"], ["zoom"], 9, 1.5, 10, 1.8, 12, 2.1, 13, 2.4, 14, 2.7], "CityCenter.Class3.Label.Outline.Color": ["ref", "CityCenter.Class1.Label.Outline.Color"], "CityCenter.Class3.Label.Color": ["ref", "CityCenter.Class1.Label.Color"], "CityCenter.Class4.Label.Outline.Width": ["interpolate", ["linear"], ["zoom"], 10, 1.5, 13, 1.8], "CityCenter.Class4.Label.Outline.Color": ["ref", "CityCenter.Class1.Label.Outline.Color"], "CityCenter.Class4.Label.Color": ["ref", "CityCenter.Class1.Label.Color"], "CityCenter.Class5.Label.Outline.Width": ["ref", "CityCenter.Class4.Label.Outline.Width"], "CityCenter.Class5.Label.Outline.Color": ["ref", "CityCenter.Class1.Label.Outline.Color"], "CityCenter.Class5.Label.Color": ["ref", "CityCenter.Class1.Label.Color"], "CityCenter.Class6.Label.Outline.Color": ["ref", "CityCenter.Class1.Label.Outline.Color"], "CityCenter.Class6.Label.Color": ["ref", "CityCenter.Class1.Label.Color"], "CityCenter.Class7.Label.Outline.Color": ["ref", "CityCenter.Class1.Label.Outline.Color"], "CityCenter.Class7.Label.Color": ["ref", "CityCenter.Class1.Label.Color"], "CityCenter.Hamlet.Label.Outline.Width": 1.5, "CityCenter.Hamlet.Label.Color": ["ref", "CityCenter.Class1.Label.Color"], "CityCenter.Hamlet.Label.Outline.Color": ["ref", "CityCenter.Class1.Label.Outline.Color"], "Neighborhood.Label.Outline.Width": 1.5, "Neighborhood.Label.Color": ["ref", "CityCenter.Class1.Label.Color"], "Neighborhood.Label.Outline.Color": ["ref", "CityCenter.Class1.Label.Outline.Color"], "POI.Label.Font": ["ref", "Default.Font"], "POI.Label.Outline.Width": 1.5, "POI.Label.Size": ["interpolate", ["linear"], ["zoom"], 5, 0, 5, 8.5, 8, 9.5, 12, 9.5, 13, 10, 15, 10, 16, 11, 17, 12, 20, 12, 24, 25], "POI.TransitStop.Label.Font": ["ref", "Default.Font"], "POI.TransitStop.Label.Outline.Width": ["ref", "POI.Label.Outline.Width"], "POI.Accomodation.Label.Color": "#ffffff", "POI.Accomodation.Label.Outline.Color": "#6246a4", "POI.Automotive.Label.Color": ["ref", "POI.Accomodation.Label.Color"], "POI.Automotive.Label.Outline.Color": "#0686d0", "POI.BusinessServicesAreas.Label.Color": ["ref", "POI.Accomodation.Label.Color"], "POI.BusinessServicesAreas.Label.Outline.Color": "#5b72a4", "POI.EatDrink.Label.Color": ["ref", "POI.Accomodation.Label.Color"], "POI.EatDrink.Label.Outline.Color": "#ba6517", "POI.Emergency.Label.Color": ["ref", "POI.Accomodation.Label.Color"], "POI.Emergency.Label.Outline.Color": "#bf173e", "POI.Entertainment.Label.Color": ["ref", "POI.Accomodation.Label.Color"], "POI.Entertainment.Label.Outline.Color": "#ba4a82", "POI.Facilities.Label.Color": ["ref", "POI.Accomodation.Label.Color"], "POI.Facilities.Label.Outline.Color": "#875147", "POI.LeisureOutdoor.Label.Color": ["ref", "POI.Accomodation.Label.Color"], "POI.LeisureOutdoor.Label.Outline.Color": "#1b8862", "POI.Shopping.Label.Color": ["ref", "POI.Accomodation.Label.Color"], "POI.Shopping.Label.Outline.Color": "#97215e", "POI.SightsMuseum.Label.Color": ["ref", "POI.Accomodation.Label.Color"], "POI.SightsMuseum.Label.Outline.Color": "#853a92", "POI.TransitStop.Label.Color": ["ref", "POI.Accomodation.Label.Color"], "POI.TransitStop.Label.Outline.Color": "#275caa", "POI.Generic.Label.Color": ["ref", "POI.Accomodation.Label.Color"], "POI.Generic.Label.Outline.Color": "#5f6d87", "Traffic.Icon.Brightness": 1, "Traffic.Flow.Free.Color": ["interpolate", ["linear"], ["zoom"], 11, "#75de99", 14, "#72da96"], "Traffic.Flow.Free.Outline.Color": ["interpolate", ["linear"], ["zoom"], 11, "#176c33", 14, "#12632c"], "Traffic.Flow.SlowMinor.Color": ["interpolate", ["linear"], ["zoom"], 11, "#fce52c", 14, "#e4cf4c"], "Traffic.Flow.SlowMinor.Outline.Color": ["interpolate", ["linear"], ["zoom"], 11, "#834947", 14, "#88403e"], "Traffic.Flow.StationaryQueuing.Color": ["interpolate", ["linear"], ["zoom"], 11, "#e12f4a", 14, "#e13c54"], "Traffic.Flow.StationaryQueuing.Outline.Color": "#790022", "Traffic.Flow.Blocking.Color": "#dcdcdc", "Traffic.Flow.Blocking.Second.Color": ["interpolate", ["linear"], ["zoom"], 11, "#e52b47", 14, "#e33a53"], "Traffic.Flow.Blocking.Outline.Color": ["interpolate", ["linear"], ["zoom"], 11, "#bc1b48", 14, "#ae0d3c"], "Traffic.Incident.Color": "#19191991", "Traffic.Incident.Outline.Color": "#c1cfd4", "Traffic.Category0.Ramp.Offset": ["interpolate", ["linear"], ["zoom"], 7, 0.6, 9, 0.6, 10, 1.25, 11, 1.85, 12, 2, 13, 3, 14, 2.5, 15, 2.5, 16, 3, 17, 3.5, 18, 4, 19, 6.2, 20, 6.2, 24, 92.95], "Traffic.Category1.Ramp.Offset": ["interpolate", ["linear"], ["zoom"], 10, 1.25, 11, 1.85, 12, 2.15, 13, 2.15, 14, 2.15, 15, 2.8, 16, 3.1, 17, 3.7, 18, 4.5, 19, 6.2, 20, 9.3, 24, 61.95], "Traffic.Category2.Offset": ["interpolate", ["linear"], ["zoom"], 13, 1.25, 14, 1.85, 15, 3.1, 16, 3.7, 17, 3.7, 18, 7.1, 19, 7.45, 20, 13.65, 24, 86.75], "Traffic.Category3.Offset": ["interpolate", ["linear"], ["zoom"], 14, 1.55, 15, 2.45, 16, 3.1, 17, 3.7, 18, 6.2, 19, 7.45, 20, 13, 24, 68.15], "Street.SimpleLine.ZoomLevelSpan": ["case", ["any", ["ref", "Is.Street.Pedestrian"], ["ref", "Is.Street.Walkway"]], 1, 0], "Street.Category4.SimpleLine.ZoomLevelSpan": 0, "Global.Polygon.Opacity": 0, "Truck.Category0.Width": ["interpolate", ["linear"], ["zoom"], 8, 0.5, 9, 0.5, 10, 0.8, 11, 1.3, 13, 1.7, 15, 2.3, 17, 3, 19, 7, 20, 10, 24, 61.95], "Truck.Category1.Width": ["interpolate", ["linear"], ["zoom"], 9, 0.3, 10, 1, 11, 1.3, 13, 1.5, 15, 1.7, 17, 2.7, 18, 5, 19, 6.5, 20, 8.5, 24, 42.15], "Truck.Category2.Width": ["interpolate", ["linear"], ["zoom"], 11, 0.3, 13, 0.5, 15, 0.7, 17, 2.3, 18, 3.5, 19, 5.8, 20, 7.5, 24, 40.25], "Truck.Category3.Width": ["interpolate", ["linear"], ["zoom"], 13, 0.1, 14, 0.5, 15, 0.5, 17, 1.7, 18, 2.7, 19, 3.5, 20, 5.5, 24, 37.15], "Truck.Category4.Width": ["interpolate", ["linear"], ["zoom"], 15, 0.3, 16, 0.8, 17, 1, 18, 1.5, 19, 2, 20, 3.5, 24, 30.95], "Truck.Pedestrian.Width": ["interpolate", ["linear"], ["zoom"], 16, 0.3, 17, 0.3, 18, 0.5, 19, 0.7, 20, 1, 24, 4], "Truck.Category0.Outline.Width": ["interpolate", ["linear"], ["zoom"], 14, 0.5, 18, 1], "Truck.Category1.Outline.Width": ["interpolate", ["linear"], ["zoom"], 13, 0.2, 14, 0.5, 18, 1], "Truck.Category2.Outline.Width": ["interpolate", ["linear"], ["zoom"], 15, 0.3, 17, 0.5, 18, 1], "Truck.Category3.Outline.Width": ["interpolate", ["linear"], ["zoom"], 13, 0.1, 15, 0.5, 18, 1], "Truck.Category4.Outline.Width": ["interpolate", ["linear"], ["zoom"], 15, 0.1, 16, 0.3, 17, 0.5, 18, 1], "Truck.Pedestrian.Outline.Width": 0.3, "Truck.Icon.Brightness": 1, "Truck.Icon.Brightness.Inactive": 1, "Truck.Label.Color.Inactive": "#464d57", "Truck.Color": "#763bf5", "Truck.Outline.Color": ["interpolate", ["linear"], ["zoom"], 13, "#4b3182", 16, "#502e99"], "Truck.Color.Inactive": ["interpolate", ["linear"], ["zoom"], 13, "#9175d1", 16, "#7d62bd"], "Truck.Outline.Color.Inactive": ["interpolate", ["linear"], ["zoom"], 13, "#5d507a", 15, "#554773", 16, "#605182"], "RemainingRangeEV.Line.Color": "#7ae2e6", "RemainingRangeEV.Outline.Color": "#ffffff", "RemainingRangeEV.Outline.Width": ["ref", "RemainingRangeEV.Line.Width"], "RemainingRangeEV.OuterGradient.Color": ["interpolate", ["linear"], ["zoom"], 0, "#00bbc400", 3, "#00bbc491"], "RemainingRangeEV.InnerGradient.Color": "#00bbc400", "Chairlift.Line.Color": "#c5d5df", "Chairlift.Outline.Color": "#434e56", "Chairlift.Outline.Width": ["interpolate", ["linear"], ["zoom"], 14, 0.5, 18, 1], "Chairlift.Line.Width": ["interpolate", ["linear"], ["zoom"], 13, 1.25, 15, 1.85, 17, 2.45, 19, 3.1, 20, 3.1, 24, 3.7], "Chairlift.Label.Color": "#d4dbe5", "Chairlift.Label.Outline.Color": "#2e334f", "Chairlift.Label.Outline.Width": ["ref", "Street.Category2.Label.Outline.Width"], "SkiRun.Line.Color": "#fffdf44d", "SkiRun.Outline.Width": 0, "SkiRun.Label.Color": "#ebebee", "SkiRun.Label.Outline.Color": "#3f4660", "SkiRun.Label.Outline.Width": ["ref", "Street.Category2.Label.Outline.Width"], "SkiRun.Arrow.Color": ["interpolate", ["linear"], ["zoom"], 17, "#d5d8e500", 18, "#d5d8e5b3"], "EnvironmentalZone.Color": ["interpolate", ["linear"], ["zoom"], 9, "#00495180", 10, "#00495149", 11, "#00495140", 12, "#0049513b", 13, "#00495133", 20, "#00495103"], "EnvironmentalZone.Outline.Color": ["interpolate", ["linear"], ["zoom"], 12, "#1aacb9", 15, "#15acbccc"], "EnvironmentalZone.SecondOutline.Color": ["interpolate", ["linear"], ["zoom"], 12, "#4eddf826", 15, "#49c8e233"], "EnvironmentalZone.Outline.Width": ["interpolate", ["linear"], ["zoom"], 11, 1.25, 14, 2, 15, 2, 16, 3, 20, 3], "EnvironmentalZone.Label.Color": ["interpolate", ["linear"], ["zoom"], 12, "#c4e9e3", 15, "#bcf1f7"], "EnvironmentalZone.Label.Outline.Color": ["interpolate", ["linear"], ["zoom"], 12, "#0c4f55b3", 13, "#083539bf"], "CongestionZone.Color": ["interpolate", ["linear"], ["zoom"], 9, "#a50aa580", 10, "#a50aa549", 11, "#a50aa540", 12, "#a50aa533", 13, "#a50aa51a", 20, "#a50aa503"], "CongestionZone.Outline.Color": ["interpolate", ["linear"], ["zoom"], 12, "#c847c8", 15, "#e557e6cc"], "CongestionZone.SecondOutline.Color": ["interpolate", ["linear"], ["zoom"], 12, "#ff7aff26", 15, "#ff64ff33"], "CongestionZone.Label.Color": "#e5d1d1", "CongestionZone.Label.Outline.Color": "#5f205fcc", "Internal.BuildingAddress.Label.Size": ["ref", "BuildingAddress.Label.Size"], "Internal.Building.Label.Size": ["ref", "Building.Label.Size"], "Internal.Parcel.Label.Size": ["ref", "Parcel.Label.Size"], "Northpole.Color": ["interpolate", ["linear"], ["zoom"], 0, "#072537", 2, "#0d2637", 3, "#0d2437", 4, "#0d2637", 5, "#0d2537", 5.5, "#0d2237", 6, "#12222d"], "Southpole.Color": ["interpolate", ["linear"], ["zoom"], 11, "#999999", 12, "#9ea6ad", 13, "#b9b9c6", 14, "#b2bcc6", 15, "#b9b9c6", 16, "#b2bcc6"], "LandParcelBoundary.Width": 0, "POI.TransitAccess.MiniIcon.MaxZoomLevel": 0, "ExitInfo.Number.Label.Color": "#20242b", "Transit.HighSpeed.Outline.Width": ["interpolate", ["linear"], ["zoom"], 5, 0, 5, 0.5, 8, 1, 10, 1.3, 12, 1.5, 18, 2, 20, 2.5, 24, 3.5], "Transit.Intercity.Outline.Width": ["interpolate", ["linear"], ["zoom"], 6, 0, 6, 0.6, 8, 1, 10, 1.3, 12, 1.5, 18, 2, 20, 2.5, 24, 3.5], "Transit.Regional.Outline.Width": ["interpolate", ["linear"], ["zoom"], 8, 0, 8, 1, 10, 1.3, 12, 1.5, 18, 2, 20, 2.5, 24, 3.5], "Transit.Suburban.Outline.Width": ["interpolate", ["linear"], ["zoom"], 10, 0, 10, 1.3, 12, 1.5, 18, 2, 20, 2.5, 24, 3.5], "Transit.Subway.Outline.Width": ["interpolate", ["linear"], ["zoom"], 12, 0, 12, 1, 14, 1.5, 16, 1.8, 18, 2, 20, 2.5, 24, 3.5], "Transit.Tram.Outline.Width": ["interpolate", ["linear"], ["zoom"], 14, 0, 14, 1, 16, 1.3, 18, 1.7, 20, 2.2, 24, 3.2], "Transit.Aerial.Outline.Width": ["interpolate", ["linear"], ["zoom"], 15, 0, 15, 1.3, 16, 1.3, 18, 1.7, 20, 2.2, 24, 3.2], "Transit.Outline.Color": ["interpolate", ["linear"], ["zoom"], 12, "#4f4f4f", 13, "#353535"], "Transit.Label.Color": "#ebebff", "Transit.HighSpeed.Line.Color": "#5781e6", "Transit.Suburban.Line.Color": "#06a654", "Transit.Ferry.Line.Color": "#387c96", "Transit.Regional.Label.Outline.Width": ["interpolate", ["linear"], ["zoom"], 14, 1.6, 16, 2, 24, 3], "Transit.Suburban.Label.Outline.Width": ["interpolate", ["linear"], ["zoom"], 14, 1.6, 16, 2, 24, 3], "Transit.Subway.Label.Outline.Width": ["interpolate", ["linear"], ["zoom"], 14, 1.6, 16, 2, 24, 3], "Transit.Ferry.Label.Outline.Width": ["interpolate", ["linear"], ["zoom"], 16, 1.6, 24, 2.6], "Transit.Train.Label.Outline.Width": ["ref", "Transit.Suburban.Label.Outline.Width"], "Transit.Tram.Label.Outline.Width": ["interpolate", ["linear"], ["zoom"], 14, 1.3, 16, 1.6, 24, 2.6], "Transit.Aerial.Label.Outline.Width": ["interpolate", ["linear"], ["zoom"], 16, 1.6, 24, 2.6], "Transit.Line.Color.Darken": -0.05, "Transit.Label.Outline.Color.Darken": 0.15, "Transit.Fallback.Label.Outline.Color.Darken": ["ref", "Transit.Label.Outline.Color.Darken"], "Transit.HighSpeed.Label.Outline.Color.Darken": ["ref", "Transit.Fallback.Label.Outline.Color.Darken"], "Transit.Intercity.Label.Outline.Color.Darken": ["ref", "Transit.Fallback.Label.Outline.Color.Darken"], "Transit.Regional.Label.Outline.Color.Darken": ["ref", "Transit.Fallback.Label.Outline.Color.Darken"], "Transit.Train.Label.Outline.Color.Darken": ["ref", "Transit.Fallback.Label.Outline.Color.Darken"], "Transit.Suburban.Label.Outline.Color.Darken": ["ref", "Transit.Fallback.Label.Outline.Color.Darken"], "Transit.Ferry.Label.Outline.Color.Darken": ["ref", "Transit.Fallback.Label.Outline.Color.Darken"], "PTFeature.POI.TransitStop.Label.Color": "#ffffff", "PTFeature.POI.TransitStop.Label.Outline.Color": "#275caa", "PTFeature.Street.Category0.Label.Outline.Color": ["interpolate", ["linear"], ["zoom"], 12, "#182237", 14, "#090c15"], "PTFeature.Street.Category1.Label.Outline.Color": ["ref", "PTFeature.Street.Category0.Label.Outline.Color"], "PTFeature.Street.Category2.Label.Outline.Color": ["ref", "PTFeature.Street.Category0.Label.Outline.Color"], "PTFeature.Street.Category3.Label.Outline.Color": ["ref", "PTFeature.Street.Category0.Label.Outline.Color"], "PTFeature.Street.Category4.Label.Outline.Color": ["interpolate", ["linear"], ["zoom"], 14, "#182237", 17, "#090c15"]}}