{"definitions": {"Woodland.Color": ["ref", "Park.Color"], "Woodland.Label.Color": ["ref", "Park.Label.Color"], "Woodland.Label.Outline.Color": ["ref", "Park.Label.Outline.Color"], "Street.Category0.Color": ["interpolate", ["linear"], ["zoom"], 5, "#a9bcd1", 10, "#92a2b4", 13, "#858d99", 16, "#767f8ba6", 18, "#5e667266", 19, "#5e66724d"], "Street.Category0.Outline.Color": ["interpolate", ["linear"], ["zoom"], 8, "#2f4353", 10, "#2f4353", 14, "#17232c", 16, "#11202800"], "Street.Category0.Centerline.Width": 0, "Street.Category1.Color": ["ref", "Street.Category0.Color"], "Street.Category2.Color": ["ref", "Street.Category0.Color"], "Street.Category3.Color": ["ref", "Street.Category0.Color"], "Street.Category4.Color": ["ref", "Street.Category0.Color"], "Street.Pedestrian.Color": ["ref", "Street.Category0.Color"], "Street.Walkway.Color": ["ref", "Street.Category0.Color"], "Street.Category1.Outline.Color": ["ref", "Street.Category0.Outline.Color"], "Street.Category2.Outline.Color": ["ref", "Street.Category0.Outline.Color"], "Street.Category3.Outline.Color": ["ref", "Street.Category0.Outline.Color"], "Street.Category4.Outline.Color": ["ref", "Street.Category0.Outline.Color"], "Street.Pedestrian.Outline.Color": ["ref", "Street.Category0.Outline.Color"], "Street.Walkway.Outline.Color": ["ref", "Street.Category0.Outline.Color"], "Street.Arrow.Enabled": false, "Street.Category0.Tunnel.Color": ["ref", "Street.Category0.Color"], "Street.Category1.Tunnel.Color": ["ref", "Street.Category0.Tunnel.Color"], "Street.Category2.Tunnel.Color": ["ref", "Street.Category0.Tunnel.Color"], "Street.Category3.Tunnel.Color": ["ref", "Street.Category0.Tunnel.Color"], "Street.Category4.Tunnel.Color": ["ref", "Street.Category0.Tunnel.Color"], "Street.Category0.Tunnel.Outline.Color": ["interpolate", ["linear"], ["zoom"], 6, "#455b70", 8, "#455b70", 10, "#455b70", 13, "#2c4658", 15, "#2d465300"], "Street.Category1.Tunnel.Outline.Color": ["ref", "Street.Category0.Tunnel.Outline.Color"], "Street.Category2.Tunnel.Outline.Color": ["ref", "Street.Category0.Tunnel.Outline.Color"], "Street.Category3.Tunnel.Outline.Color": ["ref", "Street.Category0.Tunnel.Outline.Color"], "Street.Category4.Tunnel.Outline.Color": ["ref", "Street.Category0.Tunnel.Outline.Color"], "Street.Category0.TollTunnel.Color": ["ref", "Street.Category0.Tunnel.Color"], "Street.Category0.TollTunnel.Outline.Color": ["ref", "Street.Category0.Tunnel.Outline.Color"], "Street.Category1.TollTunnel.Outline.Color": ["ref", "Street.Category0.Tunnel.Outline.Color"], "Street.Category1.TollTunnel.Color": ["ref", "Street.Category0.Tunnel.Color"], "Street.Category2.TollTunnel.Outline.Color": ["ref", "Street.Category0.Tunnel.Outline.Color"], "Street.Category2.TollTunnel.Color": ["ref", "Street.Category0.Tunnel.Color"], "Street.Category3.TollTunnel.Outline.Color": ["ref", "Street.Category0.Tunnel.Outline.Color"], "Street.Category3.TollTunnel.Color": ["ref", "Street.Category0.Tunnel.Color"], "Street.Category4.TollTunnel.Outline.Color": ["ref", "Street.Category0.Tunnel.Outline.Color"], "Street.Category4.TollTunnel.Color": ["ref", "Street.Category0.Tunnel.Color"], "Street.Category0.Label.Color": ["interpolate", ["linear"], ["zoom"], 5, "#eceff5", 14, "#e9edf4"], "Street.Category1.Label.Color": ["ref", "Street.Category0.Label.Color"], "Street.Category2.Label.Color": ["ref", "Street.Category0.Label.Color"], "Street.Category3.Label.Color": ["ref", "Street.Category0.Label.Color"], "Street.Category4.Label.Color": ["ref", "Street.Category0.Label.Color"], "Street.Pedestrian.Label.Color": ["ref", "Street.Category0.Label.Color"], "Street.Walkway.Label.Color": ["ref", "Street.Category0.Label.Color"], "Street.Category0.Label.Outline.Color": ["interpolate", ["linear"], ["zoom"], 12, "#182237f2", 14, "#090c15e6"], "Street.Category1.Label.Outline.Color": ["ref", "Street.Category0.Label.Outline.Color"], "Street.Category2.Label.Outline.Color": ["ref", "Street.Category0.Label.Outline.Color"], "Street.Category3.Label.Outline.Color": ["ref", "Street.Category0.Label.Outline.Color"], "Street.Category4.Label.Outline.Color": ["ref", "Street.Category0.Label.Outline.Color"], "Street.Pedestrian.Label.Outline.Color": ["ref", "Street.Category0.Label.Outline.Color"], "Street.Walkway.Label.Outline.Color": ["ref", "Street.Category0.Label.Outline.Color"], "Street.Category4.ParkingLot.Width": ["interpolate", ["linear"], ["zoom"], 16, 0, 16, 1.5, 17, 2.5, 18, 5, 19, 6, 20, 10, 24, 60], "Street.Category4.ParkingLot.Outline.Width": ["ref", "Street.Category4.RestrictedAccess.Outline.Width"], "Street.Category4.ParkingLot.Outline.Color": ["ref", "Street.Category4.RestrictedAccess.Outline.Color"], "Street.Category4.ParkingLot.Color": ["ref", "Street.Category4.RestrictedAccess.Color"], "Street.Category4.RestrictedAccess.Width": ["interpolate", ["linear"], ["zoom"], 15, 0, 15, 0.7, 16, 1.5, 17, 2.5, 18, 5, 19, 6, 20, 10, 24, 60], "Street.Category4.RestrictedAccess.Outline.Width": 0, "Street.Category4.RestrictedAccess.Outline.Color": "#182c3700", "Street.Category4.RestrictedAccess.Color": ["interpolate", ["linear"], ["zoom"], 16, "#767f8ba6", 18, "#5e667266", 19, "#5e66724d"], "Street.Category0.Width": ["interpolate", ["linear"], ["zoom"], 5, 1.25, 6, 1.7, 8, 2, 9, 2.7, 10, 2.8, 11, 2.95, 12, 3.7, 13, 4, 14, 5.55, 15, 8, 16, 9.9, 17, 12.4, 18, 21.7, 19, 27.25, 20, 43.35, 24, 303.6], "Street.Category1.Width": ["interpolate", ["linear"], ["zoom"], 5, 0.75, 8, 1.25, 9, 1.6, 10, 2, 11, 2.4, 12, 2.8, 13, 3, 14, 3.9, 15, 5, 16, 6.8, 17, 9.3, 18, 18.6, 19, 21.05, 20, 34.05, 24, 238.55], "Street.Category2.Width": ["interpolate", ["linear"], ["zoom"], 0, 0.6, 8, 0.75, 10, 1.1, 11, 1.8, 12, 2.2, 13, 2.7, 14, 3.4, 15, 4, 16, 5.55, 17, 8.05, 18, 16.7, 19, 18.6, 20, 30.95, 24, 216.85], "Street.Category3.Width": ["interpolate", ["linear"], ["zoom"], 0, 0.5, 11, 0.75, 12, 1, 13, 1.5, 14, 2.6, 15, 2.8, 16, 4.35, 17, 6.8, 18, 14.85, 19, 16.1, 20, 27.9, 24, 195.15], "POI.Generic.Label.Color": "#ffffff", "POI.Generic.Label.Outline.Color": "#000412bf", "POI.Accomodation.Label.Color": ["ref", "POI.Generic.Label.Color"], "POI.Accomodation.Label.Outline.Color": ["ref", "POI.Generic.Label.Outline.Color"], "POI.Automotive.Label.Color": ["ref", "POI.Generic.Label.Color"], "POI.Automotive.Label.Outline.Color": ["ref", "POI.Generic.Label.Outline.Color"], "POI.BusinessServicesAreas.Label.Color": ["ref", "POI.Generic.Label.Color"], "POI.BusinessServicesAreas.Label.Outline.Color": ["ref", "POI.Generic.Label.Outline.Color"], "POI.EatDrink.Label.Color": ["ref", "POI.Generic.Label.Color"], "POI.EatDrink.Label.Outline.Color": ["ref", "POI.Generic.Label.Outline.Color"], "POI.Emergency.Label.Color": ["ref", "POI.Generic.Label.Color"], "POI.Emergency.Label.Outline.Color": ["ref", "POI.Generic.Label.Outline.Color"], "POI.Entertainment.Label.Color": ["ref", "POI.Generic.Label.Color"], "POI.Entertainment.Label.Outline.Color": ["ref", "POI.Generic.Label.Outline.Color"], "POI.Facilities.Label.Color": ["ref", "POI.Generic.Label.Color"], "POI.Facilities.Label.Outline.Color": ["ref", "POI.Generic.Label.Outline.Color"], "POI.LeisureOutdoor.Label.Color": ["ref", "POI.Generic.Label.Color"], "POI.LeisureOutdoor.Label.Outline.Color": ["ref", "POI.Generic.Label.Outline.Color"], "POI.Shopping.Label.Color": ["ref", "POI.Generic.Label.Color"], "POI.Shopping.Label.Outline.Color": ["ref", "POI.Generic.Label.Outline.Color"], "POI.SightsMuseum.Label.Color": ["ref", "POI.Generic.Label.Color"], "POI.SightsMuseum.Label.Outline.Color": ["ref", "POI.Generic.Label.Outline.Color"], "POI.TransitStop.Label.Color": ["ref", "POI.Generic.Label.Color"], "POI.TransitStop.Label.Outline.Color": ["ref", "POI.Generic.Label.Outline.Color"], "Chairlift.Line.Color": "#a2afb8", "Chairlift.Outline.Color": "#3f4951", "Chairlift.Label.Color": "#dbdfe6", "Chairlift.Label.Outline.Color": "#1d2032", "SkiRun.Label.Color": "#e0e0e2", "SkiRun.Label.Outline.Color": "#252938", "Traffic.Flow.Free.Color": ["interpolate", ["linear"], ["zoom"], 11, "#6bcb8c", 14, "#68c789"], "Traffic.Flow.Free.Outline.Color": ["interpolate", ["linear"], ["zoom"], 11, "#15632f", 14, "#105a28"], "Traffic.Flow.SlowMinor.Color": ["interpolate", ["linear"], ["zoom"], 11, "#e6d128", 14, "#d0bd45"], "Traffic.Flow.SlowMinor.Outline.Color": ["interpolate", ["linear"], ["zoom"], 11, "#784341", 14, "#7c3a39"], "Traffic.Flow.StationaryQueuing.Color": ["interpolate", ["linear"], ["zoom"], 11, "#c4374c", 14, "#c44154"], "Traffic.Flow.StationaryQueuing.Outline.Color": "#690924", "Traffic.Flow.Blocking.Color": "#c9c9c9", "Traffic.Flow.Blocking.Second.Color": ["interpolate", ["linear"], ["zoom"], 11, "#c8334a", 14, "#c64054"], "Traffic.Incident.Color": "#19191991", "Traffic.Incident.Outline.Color": "#b9c6cb", "ExitInfo.Number.Label.Color": "#1e1f21", "ExitInfo.Number.Label.AMER.Color": "#1e1f21", "PTFeature.Street.Category4.Label.Outline.Color": ["ref", "PTFeature.Street.Category0.Label.Outline.Color"]}}