{"definitions": {"Land.Color": ["interpolate", ["linear"], ["zoom"], 0, "#f8f8f8", 5, "#eeeeee", 16, "#ecedee"], "BuiltupArea.Color": ["interpolate", ["linear"], ["zoom"], 5, "#e2e6e8", 16, "#e4eaeb"], "Water.0m.Color": "#a6daf4", "Water.4000m.Color": "#9dd6f2", "Water.5000m.Color": "#95d1f0", "Water.6000m.Color": "#8ccded", "Water.Outline.Width": 0, "Water.SecondOutline.Width": 0, "Park.Color": ["interpolate", ["linear"], ["zoom"], 8, "#d5eee6", 14, "#c4ead8"], "Park.Label.Size": ["interpolate", ["linear"], ["zoom"], 13, 0, 13, 10, 15, 10, 16, 11, 20, 11, 24, 13.2], "Woodland.Color": ["ref", "Park.Color"], "Woodland.Label.Color": ["ref", "Park.Label.Color"], "Woodland.Label.Outline.Color": ["ref", "Park.Label.Outline.Color"], "Woodland.Label.Size": ["interpolate", ["linear"], ["zoom"], 13, 0, 13, 9, 13, 10, 15, 10, 16, 11, 20, 11, 24, 13.2], "Cemetery.Color": "#d5e8e6", "GolfCourse.Color": ["ref", "Cemetery.Color"], "GolfCourse.Label.Color": ["ref", "Cemetery.Label.Color"], "GolfCourse.Label.Outline.Color": ["ref", "Cemetery.Label.Outline.Color"], "GolfCourse.Label.Size": ["interpolate", ["linear"], ["zoom"], 14, 0, 14, 10, 15, 10, 16, 11, 20, 11, 24, 13.2], "IndustrialComplex.Color": "#dae4eb", "UniversityCampus.Color": "#efeadc", "HospitalCampus.Color": "#f1dee9", "Airport.Color": ["ref", "IndustrialComplex.Color"], "Airport.Label.Color": ["ref", "IndustrialComplex.Label.Color"], "Airport.Label.Outline.Color": ["ref", "IndustrialComplex.Label.Outline.Color"], "Runway.Color": "#d1dee8", "Runway.Outline.Color": ["interpolate", ["linear"], ["zoom"], 14.5, "#bac6cf80", 15, "#bac6cf"], "Beach.Color": ["interpolate", ["linear"], ["zoom"], 9, "#ececb5", 11, "#ececc4", 13, "#ececcb"], "NationalPark.Color": "#9ae1c741", "NationalPark.Outline.Color": ["interpolate", ["linear"], ["zoom"], 7, "#7cd6b54d", 15, "#6fd5ae4d"], "NationalPark.SecondOutline.Color": ["interpolate", ["linear"], ["zoom"], 10, "#b7ecd824", 15, "#acd4be24"], "NationalPark.Label.Size": ["interpolate", ["linear"], ["zoom"], 7, 0, 7, 10, 12, 10, 13, 11, 15, 11, 16, 12, 20, 12, 24, 14.4], "MilitaryBase.Color": ["interpolate", ["linear"], ["zoom"], 7, "#e1def04b", 13, "#e1def041", 16, "#e3e0f128"], "MilitaryBase.Outline.Color": ["interpolate", ["linear"], ["zoom"], 7, "#c9c5d94d", 15, "#c6c1da4d"], "MilitaryBase.SecondOutline.Color": ["interpolate", ["linear"], ["zoom"], 10, "#d5d1e724", 15, "#d3cee624"], "NativeReservation.Color": ["interpolate", ["linear"], ["zoom"], 8, "#fae8da00", 8, "#efded047", 13, "#fae8da3c", 16, "#fae9d828"], "NativeReservation.Outline.Color": ["interpolate", ["linear"], ["zoom"], 8, "#f2d9c600", 8, "#f2d7c366", 15, "#f2d0b666"], "NativeReservation.SecondOutline.Color": ["interpolate", ["linear"], ["zoom"], 10, "#dbc9bc24", 15, "#dcc8ba24"], "NativeReservation.Label.Size": ["interpolate", ["linear"], ["zoom"], 8, 0, 8, 10, 12, 10, 13, 11, 15, 11, 16, 12, 20, 12, 24, 14.4], "WaterPark.Color": ["interpolate", ["linear"], ["zoom"], 0, "#b2e1dc80", 9, "#b2e1dd59"], "WaterPark.Outline.Color": ["interpolate", ["linear"], ["zoom"], 7, "#45bfa94d", 16, "#47c1a94d"], "WaterPark.SecondOutline.Color": ["interpolate", ["linear"], ["zoom"], 10, "#79d3c424", 16, "#88bfba24"], "Desert.Color": ["interpolate", ["linear"], ["zoom"], 6, "#f2f1e6", 10, "#f0eee1", 16, "#f2f1e4"], "Desert.Label.Size": ["interpolate", ["linear"], ["zoom"], 8, 0, 8, 9, 12, 9, 13, 10, 15, 10, 16, 11, 20, 11, 24, 13.2], "UniversityCampus.Label.Size": ["ref", "GolfCourse.Label.Size"], "Beach.Label.Size": ["ref", "GolfCourse.Label.Size"], "HospitalCampus.Label.Size": ["ref", "GolfCourse.Label.Size"], "Cemetery.Label.Size": ["ref", "GolfCourse.Label.Size"], "SportsComplex.Label.Size": ["ref", "GolfCourse.Label.Size"], "AnimalPark.Label.Size": ["ref", "GolfCourse.Label.Size"], "AmusementPark.Label.Size": ["ref", "GolfCourse.Label.Size"], "IndustrialComplex.Label.Size": ["ref", "GolfCourse.Label.Size"], "ShoppingComplex.Label.Size": ["ref", "GolfCourse.Label.Size"], "PedestrianArea.Label.Size": ["ref", "GolfCourse.Label.Size"], "Rail.Label.Size": ["ref", "GolfCourse.Label.Size"], "Railyard.Label.Size": ["ref", "GolfCourse.Label.Size"], "HarborArea.Label.Size": ["ref", "GolfCourse.Label.Size"], "Street.Category0.Color": "#ffffff", "Street.Category1.Color": ["ref", "Street.Category0.Color"], "Street.Category2.Color": ["ref", "Street.Category0.Color"], "Street.Category2.RTS.Color": ["ref", "Street.Category0.Color"], "Street.Category3.Color": ["ref", "Street.Category0.Color"], "Street.Category3.RTS.Color": ["ref", "Street.Category0.Color"], "Street.Category4.Color": ["ref", "Street.Category0.Color"], "Street.Category4.RTS.Color": ["ref", "Street.Category0.Color"], "Street.Pedestrian.Color": ["ref", "Street.Category0.Color"], "Street.Pedestrian.Width": ["interpolate", ["linear"], ["zoom"], 14, 0, 14, 0.6, 15, 1, 16, 1.2, 17, 1.9, 18, 2.8, 19, 4.35, 20, 4.95, 24, 40], "Street.Pedestrian.RTS.Color": ["ref", "Street.Category0.Color"], "Street.Walkway.Color": "#ffffffa8", "Street.Walkway.RTS.Color": ["ref", "Street.Category0.Color"], "Street.Walkway.Width": ["interpolate", ["linear"], ["zoom"], 15, 0, 15, 0.5, 16, 0.5, 17, 1, 20, 2.5, 24, 6], "Street.Category0.Centerline.Width": 0, "Street.Category0.Outline.Color": ["interpolate", ["linear"], ["zoom"], 12, "#ffffff", 16, "#e3e9e9"], "Street.Category1.Width": ["interpolate", ["linear"], ["zoom"], 5, 0.5, 8, 0.75, 9, 1, 10, 1.25, 11, 1.7, 12, 1.85, 13, 2.15, 14, 3.1, 15, 4.35, 16, 6.8, 17, 9.3, 18, 18.6, 19, 21.05, 20, 34.05, 24, 238.55], "Street.Category1.Outline.Color": ["interpolate", ["linear"], ["zoom"], 13, "#ffffff", 16, "#e3e9e9"], "Street.Category2.Width": ["interpolate", ["linear"], ["zoom"], 8, 0.5, 10, 0.75, 11, 1.25, 12, 1.85, 13, 1.55, 14, 2.15, 15, 3.55, 16, 5.55, 17, 8.05, 18, 16.7, 19, 18.6, 20, 30.95, 24, 216.85], "Street.Category2.RTS.Width": ["interpolate", ["linear"], ["zoom"], 8, 0.5, 10, 0.75, 11, 1.25, 12, 1.85, 13, 2, 14, 2.15, 15, 3.55, 16, 5.55, 17, 8.05, 18, 16.7, 19, 18.6, 20, 30.95, 24, 216.85], "Street.Category2.RTS.Outline.Width": ["interpolate", ["linear"], ["zoom"], 12, 0, 13, 0.35, 20, 0.5, 24, 0.8], "Street.Category2.Outline.Color": ["interpolate", ["linear"], ["zoom"], 14, "#ffffff", 16, "#e3e9e9"], "Street.Category2.RTS.Outline.Color": ["interpolate", ["linear"], ["zoom"], 14, "#ffffff", 16, "#e3e9e9"], "Street.Category3.RTS.Width": ["interpolate", ["linear"], ["zoom"], 11, 0.75, 12, 1, 13, 1.75, 14, 2.3, 15, 2.85, 16, 4.35, 17, 6.8, 18, 14.85, 19, 16.1, 20, 27.9, 24, 195.15], "Street.Category3.Outline.Color": ["interpolate", ["linear"], ["zoom"], 14.5, "#ffffff", 16, "#e3e9e9"], "Street.Category3.RTS.Outline.Color": ["interpolate", ["linear"], ["zoom"], 14.5, "#ffffff", 16, "#e3e9e9"], "Street.Category4.Outline.Color": ["interpolate", ["linear"], ["zoom"], 15.5, "#ffffff", 17, "#e3e9e9"], "Street.Category4.RTS.Outline.Color": ["interpolate", ["linear"], ["zoom"], 15.5, "#ffffff", 17, "#e3e9e9"], "Street.Category4.RTS.Width": ["interpolate", ["linear"], ["zoom"], 13, 0.6, 14, 1.25, 15, 1.5, 16, 2.45, 17, 3.7, 18, 7.45, 19, 8.65, 20, 18.6, 24, 130.1], "Street.Pedestrian.Outline.Color": "#ffffff00", "Street.Category0.Bridge.Color": "#a0abb73c", "Street.Category1.Bridge.Color": ["ref", "Street.Category0.Bridge.Color"], "Street.Category2.Bridge.Color": ["ref", "Street.Category0.Bridge.Color"], "Street.Category3.Bridge.Color": ["ref", "Street.Category0.Bridge.Color"], "Street.Category4.Bridge.Color": ["ref", "Street.Category0.Bridge.Color"], "Street.Pedestrian.Bridge.Color": ["ref", "Street.Category0.Bridge.Color"], "Street.Walkway.Bridge.Color": ["ref", "Street.Category0.Bridge.Color"], "Street.Category0.Tunnel.Color": ["ref", "Street.Category0.Color"], "Street.Category1.Tunnel.Color": ["ref", "Street.Category0.Tunnel.Color"], "Street.Category2.Tunnel.Color": ["ref", "Street.Category0.Tunnel.Color"], "Street.Category3.Tunnel.Color": ["ref", "Street.Category0.Tunnel.Color"], "Street.Category4.Tunnel.Color": ["ref", "Street.Category0.Tunnel.Color"], "Street.Category0.Tunnel.Outline.Color": "#d6dbe1", "Street.Category1.Tunnel.Outline.Color": "#c0c5c9", "Street.Category2.Tunnel.Outline.Color": "#c1c6ca", "Street.Category3.Tunnel.Outline.Color": "#a8acb0", "Street.Category4.Tunnel.Outline.Color": "#9ca0a4", "Street.Category0.TollTunnel.Color": ["ref", "Street.Category0.Tunnel.Color"], "Street.Category0.TollTunnel.Outline.Color": ["ref", "Street.Category0.Tunnel.Outline.Color"], "Street.Category1.TollTunnel.Outline.Color": ["ref", "Street.Category0.Tunnel.Outline.Color"], "Street.Category1.TollTunnel.Color": ["ref", "Street.Category0.Tunnel.Color"], "Street.Category2.TollTunnel.Outline.Color": ["ref", "Street.Category0.Tunnel.Outline.Color"], "Street.Category2.TollTunnel.Color": ["ref", "Street.Category0.Tunnel.Color"], "Street.Category3.TollTunnel.Outline.Color": ["ref", "Street.Category0.Tunnel.Outline.Color"], "Street.Category3.TollTunnel.Color": ["ref", "Street.Category0.Tunnel.Color"], "Street.Category4.TollTunnel.Outline.Color": ["ref", "Street.Category0.Tunnel.Outline.Color"], "Street.Category4.TollTunnel.Color": ["ref", "Street.Category0.Tunnel.Color"], "Street.Arrow.Enabled": false, "Street.Category4.ParkingLot.Outline.Color": ["interpolate", ["linear"], ["zoom"], 16, "#ffffff", 17, "#e3e9e9"], "Street.Category4.ParkingLot.Width": ["interpolate", ["linear"], ["zoom"], 16, 0, 16, 1.3, 17, 2.3, 18, 4, 19, 6, 20, 10, 24, 60], "Street.Category4.ParkingLot.Outline.Width": ["ref", "Street.Category4.RestrictedAccess.Outline.Width"], "Street.Category4.RestrictedAccess.Width": ["interpolate", ["linear"], ["zoom"], 15, 0, 15, 0.4, 15.5, 1, 16, 1.3, 17, 2.3, 18, 4, 19, 6, 20, 10, 24, 60], "Street.Category4.RestrictedAccess.Outline.Width": ["interpolate", ["linear"], ["zoom"], 17, 0, 17, 0.21, 20, 0.25, 24, 0.3], "Street.Category4.RestrictedAccess.Outline.Color": ["ref", "Street.Category4.ParkingLot.Outline.Color"], "Street.Category4.RestrictedAccess.Color": ["ref", "Street.Category4.Color"], "Street.Category4.RestrictedAccessUnpaved.Outline.Color": ["ref", "Street.Category4.Outline.Color"], "Street.Category4.Unpaved.Color": ["ref", "Street.Category4.Color"], "Street.Category4.Unpaved.Outline.Color": ["ref", "Street.Category4.Outline.Color"], "Street.Category4.Label.Unpaved.Color": ["ref", "Street.Category4.Label.Color"], "Street.Category4.Label.Unpaved.Outline.Color": ["ref", "Street.Category4.Label.Outline.Color"], "Street.Category3.Unpaved.Color": ["ref", "Street.Category3.Color"], "Street.Category3.Unpaved.Outline.Color": ["ref", "Street.Category3.Outline.Color"], "Street.Category3.Label.Unpaved.Color": ["ref", "Street.Category3.Label.Color"], "Street.Category3.Label.Unpaved.Outline.Color": ["ref", "Street.Category3.Label.Outline.Color"], "Street.Category2.Unpaved.Color": ["ref", "Street.Category2.Color"], "Street.Category2.Unpaved.Outline.Color": ["ref", "Street.Category2.Outline.Color"], "Street.Category2.Label.Unpaved.Color": ["ref", "Street.Category2.Label.Color"], "Street.Category2.Label.Unpaved.Outline.Color": ["ref", "Street.Category2.Label.Outline.Color"], "Street.Category1.Unpaved.Color": ["ref", "Street.Category1.Color"], "Street.Category1.Unpaved.Outline.Color": ["ref", "Street.Category1.Outline.Color"], "Street.Category1.Label.Unpaved.Color": ["ref", "Street.Category1.Label.Color"], "Street.Category1.Label.Unpaved.Outline.Color": ["ref", "Street.Category1.Label.Outline.Color"], "Street.Category0.Unpaved.Color": ["ref", "Street.Category0.Color"], "Street.Category0.Unpaved.Outline.Color": ["ref", "Street.Category0.Outline.Color"], "Street.Category0.Label.Unpaved.Color": ["ref", "Street.Category0.Label.Color"], "Street.Category0.Label.Unpaved.Outline.Color": ["ref", "Street.Category0.Label.Outline.Color"], "Street.Pedestrian.Unpaved.Color": ["ref", "Street.Pedestrian.Color"], "Street.Pedestrian.Unpaved.Outline.Color": ["ref", "Street.Pedestrian.Outline.Color"], "Street.Pedestrian.Unpaved.Width": ["ref", "Street.Pedestrian.Width"], "Street.Pedestrian.Label.Unpaved.Color": ["ref", "Street.Pedestrian.Label.Color"], "Street.Pedestrian.Label.Unpaved.Outline.Color": ["ref", "Street.Pedestrian.Label.Outline.Color"], "Street.Category0.Label.Color": "#5d6d87", "Street.Category1.Label.Color": ["ref", "Street.Category0.Label.Color"], "Street.Category2.Label.Color": ["ref", "Street.Category0.Label.Color"], "Street.Category3.Label.Color": ["ref", "Street.Category0.Label.Color"], "Street.Category4.Label.Color": ["ref", "Street.Category0.Label.Color"], "Street.Pedestrian.Label.Color": ["ref", "Street.Category0.Label.Color"], "Street.Walkway.Label.Color": ["ref", "Street.Category0.Label.Color"], "PolygonalRoads.Category0.Color": ["ref", "Street.Category0.Color"], "PolygonalRoads.Category1.Color": ["ref", "Street.Category1.Color"], "PolygonalRoads.Category2.Color": ["ref", "Street.Category2.Color"], "PolygonalRoads.Category3.Color": ["ref", "Street.Category3.Color"], "PolygonalRoads.Category4.Color": ["ref", "Street.Category4.Color"], "PolygonalRoads.Category0.Unpaved.Color": ["ref", "Street.Category0.Color"], "PolygonalRoads.Category1.Unpaved.Color": ["ref", "Street.Category1.Color"], "PolygonalRoads.Category2.Unpaved.Color": ["ref", "Street.Category2.Color"], "PolygonalRoads.Category3.Unpaved.Color": ["ref", "Street.Category3.Color"], "PolygonalRoads.Category4.Unpaved.Color": ["ref", "Street.Category4.Color"], "PolygonalRoads.Category0.Tunnel.Color": ["interpolate", ["linear"], ["zoom"], 17, "#ffffff", 18, "#ffffff99"], "PolygonalRoads.Category1.Tunnel.Color": ["ref", "PolygonalRoads.Category0.Tunnel.Color"], "PolygonalRoads.Category2.Tunnel.Color": ["ref", "PolygonalRoads.Category0.Tunnel.Color"], "PolygonalRoads.Category3.Tunnel.Color": ["ref", "PolygonalRoads.Category0.Tunnel.Color"], "PolygonalRoads.Category4.Tunnel.Color": ["ref", "PolygonalRoads.Category0.Tunnel.Color"], "PolygonalRoads.Category0.Outline.Color": "#d5dbe0", "PolygonalRoads.Category1.Outline.Color": ["ref", "PolygonalRoads.Category0.Outline.Color"], "PolygonalRoads.Category2.Outline.Color": ["ref", "PolygonalRoads.Category0.Outline.Color"], "PolygonalRoads.Category3.Outline.Color": ["ref", "PolygonalRoads.Category0.Outline.Color"], "PolygonalRoads.Category4.Outline.Color": ["ref", "PolygonalRoads.Category0.Outline.Color"], "PolygonalRoads.Category0.Unpaved.Outline.Color": ["ref", "PolygonalRoads.Category0.Outline.Color"], "PolygonalRoads.Category1.Unpaved.Outline.Color": ["ref", "PolygonalRoads.Category0.Outline.Color"], "PolygonalRoads.Category2.Unpaved.Outline.Color": ["ref", "PolygonalRoads.Category0.Outline.Color"], "PolygonalRoads.Category3.Unpaved.Outline.Color": ["ref", "PolygonalRoads.Category0.Outline.Color"], "PolygonalRoads.Category4.Unpaved.Outline.Color": ["ref", "PolygonalRoads.Category0.Outline.Color"], "PolygonalRoads.Category0.Tunnel.Outline.Color": ["interpolate", ["linear"], ["zoom"], 17, "#d5dbe0", 18, "#d5dbe099"], "PolygonalRoads.Category1.Tunnel.Outline.Color": ["ref", "PolygonalRoads.Category0.Tunnel.Outline.Color"], "PolygonalRoads.Category2.Tunnel.Outline.Color": ["ref", "PolygonalRoads.Category0.Tunnel.Outline.Color"], "PolygonalRoads.Category3.Tunnel.Outline.Color": ["ref", "PolygonalRoads.Category0.Tunnel.Outline.Color"], "PolygonalRoads.Category4.Tunnel.Outline.Color": ["ref", "PolygonalRoads.Category0.Tunnel.Outline.Color"], "PolygonalRoads.BikeLane.Color": "#ffffff00", "PolygonalRoads.BikeLane.Tunnel.Color": ["ref", "PolygonalRoads.BikeLane.Color"], "PolygonalRoads.HOVLane.Color": "#ffffff00", "PolygonalRoads.HOVLane.Tunnel.Color": ["ref", "PolygonalRoads.HOVLane.Color"], "PolygonalRoads.LaneMarking.White.Color": ["interpolate", ["linear"], ["zoom"], 17.75, "#e6e6e600", 18, "#e6e6e6"], "PolygonalRoads.LaneMarking.White.Tunnel.Color": ["interpolate", ["linear"], ["zoom"], 17.75, "#e6e6e600", 18, "#e6e6e6ee"], "PolygonalRoads.LaneMarking.Yellow.Color": ["ref", "PolygonalRoads.LaneMarking.White.Color"], "PolygonalRoads.LaneMarking.Yellow.Tunnel.Color": ["ref", "PolygonalRoads.LaneMarking.White.Color"], "PolygonalRoads.LaneMarking.Orange.Color": ["ref", "PolygonalRoads.LaneMarking.White.Color"], "PolygonalRoads.LaneMarking.Orange.Tunnel.Color": ["ref", "PolygonalRoads.LaneMarking.White.Color"], "PolygonalRoads.LaneMarking.Red.Color": ["ref", "PolygonalRoads.LaneMarking.White.Color"], "PolygonalRoads.LaneMarking.Red.Tunnel.Color": ["ref", "PolygonalRoads.LaneMarking.White.Color"], "ExtrudedBuilding.Color": "#e4e5e8b3", "Building.Color": "#f6f8fab3", "Building.Outline.Color": "#dbdfe8", "Rail.Line.Color": "#d6dde0", "TruckFeature.Rail.Line.Color": "#d6dde0", "PTFeature.Rail.Line.Color": "#d6dde0", "Rail.Outline.Color": ["ref", "Rail.Line.Color"], "Rail.SecondLine.Color": "#b6c1c6", "Rail.Label.Color": "#7f828a", "Chairlift.Line.Color": ["interpolate", ["linear"], ["zoom"], 13, "#999eb9", 15, "#717795"], "Chairlift.Label.Color": "#ffffff", "Chairlift.Label.Outline.Color": "#4f588c", "SkiRun.Label.Color": "#4e5478", "SkiRun.Label.Outline.Color": ["interpolate", ["linear"], ["zoom"], 11, "#fffffff2", 12, "#fffffff2", 14, "#ffffffd9", 17, "#ffffffcc"], "SkiRun.Arrow.Color": ["interpolate", ["linear"], ["zoom"], 17, "#cccfe100", 18, "#cccfe1"], "SkiRun.Line.Color": "#f1f6ff", "SkiRun.Outline.Color": "#c2d2e8", "StateBoundary.Outline.Color": "#fcd7e01a", "POI.MountainPeak.Label.Size": ["interpolate", ["linear"], ["zoom"], 9, 0, 9, 9, 12, 9, 13, 10, 15, 10, 16, 11, 20, 11, 24, 13.2], "POI.MountainPeak.Icon.Size": ["interpolate", ["linear"], ["zoom"], 9, 0, 9, 8, 11, 9, 12, 10, 13, 10, 20, 10, 24, 12], "POI.Generic.Label.Color": "#686b71", "POI.Accomodation.Label.Color": ["ref", "POI.Generic.Label.Color"], "POI.Automotive.Label.Color": ["ref", "POI.Generic.Label.Color"], "POI.BusinessServicesAreas.Label.Color": ["ref", "POI.Generic.Label.Color"], "POI.EatDrink.Label.Color": ["ref", "POI.Generic.Label.Color"], "POI.Emergency.Label.Color": ["ref", "POI.Generic.Label.Color"], "POI.Entertainment.Label.Color": ["ref", "POI.Generic.Label.Color"], "POI.Facilities.Label.Color": ["ref", "POI.Generic.Label.Color"], "POI.LeisureOutdoor.Label.Color": ["ref", "POI.Generic.Label.Color"], "POI.Shopping.Label.Color": ["ref", "POI.Generic.Label.Color"], "POI.SightsMuseum.Label.Color": ["ref", "POI.Generic.Label.Color"], "POI.TransitStop.Label.Color": ["ref", "POI.Generic.Label.Color"], "Traffic.Flow.Free.Color": "#8eeaad", "Traffic.Flow.Free.Outline.Color": "#57bb76", "Traffic.Flow.SlowMinor.Color": "#fcee81", "Traffic.Flow.SlowMinor.Outline.Color": "#e58094", "Traffic.Flow.StationaryQueuing.Color": "#ff889a", "Traffic.Flow.StationaryQueuing.Outline.Color": "#dd003f", "Traffic.Flow.Blocking.Color": "#fafafa", "Traffic.Flow.Blocking.Second.Color": "#f35077", "Traffic.Flow.Blocking.Outline.Color": "#ff889a", "Traffic.Incident.Color": "#21213166", "Traffic.Incident.Outline.Color": "#d3e6ec", "LandParcelBoundary.Color": "#c0c6cc64", "ExitInfo.Number.Label.Color": "#8796af", "ExitInfo.Number.Label.AMER.Color": "#8796af"}}