{"definitions": {"Land.Color": "#0b1923", "BuiltupArea.Color": ["interpolate", ["linear"], ["zoom"], 5, "#182937", 13, "#111e29"], "Woodland.Color": "#04252a", "NationalPark.Color": "#0f353033", "NationalPark.Outline.Color": ["interpolate", ["linear"], ["zoom"], 7, "#0b1d224d", 15, "#0d22284d"], "NationalPark.SecondOutline.Color": ["interpolate", ["linear"], ["zoom"], 10, "#152e3624", 15, "#17333d24"], "Glacier.Color": "#0e2130", "Desert.Color": "#151b20", "IndustrialComplex.Color": "#142531", "Park.Color": ["ref", "Woodland.Color"], "Park.Label.Color": ["ref", "Woodland.Label.Color"], "Park.Label.Outline.Color": ["ref", "Woodland.Label.Outline.Color"], "UniversityCampus.Color": "#222520", "UniversityCampus.Label.Color": "#636647", "UniversityCampus.Label.Outline.Color": "#0d0d09", "HospitalCampus.Color": "#241d24", "HospitalCampus.Label.Color": "#755a67", "HospitalCampus.Label.Outline.Color": "#120c0f", "Airport.Color": ["ref", "IndustrialComplex.Color"], "Airport.Label.Color": ["ref", "IndustrialComplex.Label.Color"], "Airport.Label.Outline.Color": ["ref", "IndustrialComplex.Label.Outline.Color"], "Runway.Color": "#12202a", "Runway.Outline.Color": ["interpolate", ["linear"], ["zoom"], 14.5, "#0c151cb3", 15, "#0c151c"], "NativeReservation.Color": ["interpolate", ["linear"], ["zoom"], 7, "#261b1880", 13, "#281c1966"], "Street.Category0.Color": ["interpolate", ["linear"], ["zoom"], 15, "#010408", 18, "#040c17"], "Street.Category1.Color": ["ref", "Street.Category0.Color"], "Street.Category2.Color": ["ref", "Street.Category0.Color"], "Street.Category2.RTS.Color": ["ref", "Street.Category0.Color"], "Street.Category3.Color": ["ref", "Street.Category0.Color"], "Street.Category3.RTS.Color": ["ref", "Street.Category0.Color"], "Street.Category4.Color": ["ref", "Street.Category0.Color"], "Street.Category4.RTS.Color": ["ref", "Street.Category0.Color"], "Street.Pedestrian.Color": ["ref", "Street.Category0.Color"], "Street.Pedestrian.Width": ["interpolate", ["linear"], ["zoom"], 14, 0, 14, 0.6, 15, 1, 16, 1.2, 17, 1.9, 18, 2.8, 19, 4.35, 20, 4.95, 24, 40], "Street.Pedestrian.RTS.Color": ["ref", "Street.Category0.Color"], "Street.Walkway.Color": ["interpolate", ["linear"], ["zoom"], 15, "#010408a8", 18, "#040c17a8"], "Street.Walkway.RTS.Color": ["interpolate", ["linear"], ["zoom"], 15, "#010408a8", 18, "#040c17a8"], "Street.Category0.Outline.Color": ["interpolate", ["linear"], ["zoom"], 12, "#030508", 16, "#182938"], "Street.Category0.Outline.Width": ["interpolate", ["linear"], ["zoom"], 12, 0, 14, 0.5, 18, 0.7, 20, 0.9, 24, 1.8], "Street.Category1.Outline.Color": ["ref", "Street.Category0.Outline.Color"], "Street.Category1.Width": ["interpolate", ["linear"], ["zoom"], 5, 0.5, 8, 0.75, 9, 1.6, 10, 2.45, 11, 2.8, 12, 2.8, 13, 3.1, 14, 4, 15, 5.25, 16, 7.75, 17, 10.2, 18, 19.8, 19, 22.3, 20, 35.6, 24, 240.05], "Street.Category1.Outline.Width": ["interpolate", ["linear"], ["zoom"], 13, 0, 14, 0.5, 20, 0.5, 24, 1.1], "Street.Category2.Outline.Color": ["ref", "Street.Category0.Outline.Color"], "Street.Category2.RTS.Outline.Color": ["ref", "Street.Category0.Outline.Color"], "Street.Category2.Width": ["interpolate", ["linear"], ["zoom"], 8, 0.5, 10, 0.75, 11, 1.25, 12, 1.55, 13, 2.8, 14, 3.1, 15, 4.65, 16, 6.5, 17, 9.3, 18, 18.25, 19, 20.45, 20, 32.85, 24, 218.7], "Street.Category2.RTS.Width": ["interpolate", ["linear"], ["zoom"], 8, 0.5, 10, 0.75, 11, 1.25, 12, 1.85, 13, 2.3, 14, 3.1, 15, 4.65, 16, 6.5, 17, 9.3, 18, 18.25, 19, 20.45, 20, 32.85, 24, 218.7], "Street.Category2.Outline.Width": ["interpolate", ["linear"], ["zoom"], 14, 0, 15, 0.4, 20, 0.5, 24, 0.8], "Street.Category2.RTS.Outline.Width": ["interpolate", ["linear"], ["zoom"], 14, 0, 15, 0.4, 20, 0.5], "Street.Category3.Outline.Color": ["ref", "Street.Category0.Outline.Color"], "Street.Category3.RTS.Outline.Color": ["ref", "Street.Category0.Outline.Color"], "Street.Category3.RTS.Width": ["interpolate", ["linear"], ["zoom"], 11, 0.75, 12, 1, 13, 1.75, 14, 2.5, 15, 3.55, 16, 5.4, 17, 7.75, 18, 16.1, 19, 17.95, 20, 29.75], "Street.Category3.Outline.Width": ["interpolate", ["linear"], ["zoom"], 14.5, 0, 15.5, 0.3, 20, 0.3, 24, 0.5], "Street.Category3.RTS.Outline.Width": ["interpolate", ["linear"], ["zoom"], 14.5, 0, 15.5, 0.3, 20, 0.3], "Street.Category4.Outline.Color": ["ref", "Street.Category0.Outline.Color"], "Street.Category4.RTS.Outline.Color": ["ref", "Street.Category0.Outline.Color"], "Street.Category4.RTS.Width": ["interpolate", ["linear"], ["zoom"], 13, 0.6, 14, 1.25, 15, 1.75, 16, 3.1, 17, 4.35, 18, 8.65, 19, 10.55, 20, 20.45], "Street.Category4.Outline.Width": ["interpolate", ["linear"], ["zoom"], 15.5, 0, 16.5, 0.3, 20, 0.3, 24, 0.4], "Street.Category4.RTS.Outline.Width": ["interpolate", ["linear"], ["zoom"], 15.5, 0, 16.5, 0.3, 20, 0.3], "Street.Pedestrian.Outline.Color": ["interpolate", ["linear"], ["zoom"], 15, "#01040800", 18, "#040c1700"], "Street.Category4.ParkingLot.Width": ["interpolate", ["linear"], ["zoom"], 16, 0, 16, 0.8, 17, 2, 18, 4, 19, 6, 20, 10, 24, 60], "Street.Category4.ParkingLot.Outline.Width": ["interpolate", ["linear"], ["zoom"], 16, 0, 16, 0.1, 20, 0.1, 24, 0.2], "Street.Category4.ParkingLot.Outline.Color": ["ref", "Street.Category0.Outline.Color"], "Street.Category4.RestrictedAccess.Width": ["interpolate", ["linear"], ["zoom"], 15, 0, 15, 0.2, 15.5, 0.3, 16, 0.7, 17, 2, 18, 4, 19, 6, 20, 10, 24, 60], "Street.Category4.RestrictedAccess.Outline.Width": ["interpolate", ["linear"], ["zoom"], 15.5, 0, 15.5, 0.1, 20, 0.1, 24, 0.2], "Street.Category4.RestrictedAccess.Outline.Color": ["ref", "Street.Category4.ParkingLot.Outline.Color"], "Street.Category4.RestrictedAccess.Color": ["ref", "Street.Category0.Color"], "Street.Walkway.Width": ["interpolate", ["linear"], ["zoom"], 15, 0, 15, 0.5, 17, 1, 20, 2.5, 24, 6], "Street.Category0.Bridge.Color": "#25314459", "Street.Category1.Bridge.Color": ["ref", "Street.Category0.Bridge.Color"], "Street.Category2.Bridge.Color": ["ref", "Street.Category0.Bridge.Color"], "Street.Category3.Bridge.Color": ["ref", "Street.Category0.Bridge.Color"], "Street.Category4.Bridge.Color": ["ref", "Street.Category0.Bridge.Color"], "Street.Pedestrian.Bridge.Color": ["ref", "Street.Category0.Bridge.Color"], "Street.Walkway.Bridge.Color": ["ref", "Street.Category0.Bridge.Color"], "Street.Category0.Tunnel.Color": ["ref", "Street.Category0.Color"], "Street.Category1.Tunnel.Color": ["ref", "Street.Category0.Tunnel.Color"], "Street.Category2.Tunnel.Color": ["ref", "Street.Category0.Tunnel.Color"], "Street.Category3.Tunnel.Color": ["ref", "Street.Category0.Tunnel.Color"], "Street.Category4.Tunnel.Color": ["ref", "Street.Category0.Tunnel.Color"], "Street.Category0.Tunnel.Outline.Color": "#1b2b3a", "Street.Category1.Tunnel.Outline.Color": "#203242", "Street.Category2.Tunnel.Outline.Color": "#26394a", "Street.Category3.Tunnel.Outline.Color": "#2c4153", "Street.Category4.Tunnel.Outline.Color": "#2d4254", "Street.Category0.TollTunnel.Color": ["ref", "Street.Category0.Tunnel.Color"], "Street.Category0.TollTunnel.Outline.Color": ["ref", "Street.Category0.Tunnel.Outline.Color"], "Street.Category1.TollTunnel.Outline.Color": ["ref", "Street.Category0.Tunnel.Outline.Color"], "Street.Category1.TollTunnel.Color": ["ref", "Street.Category0.Tunnel.Color"], "Street.Category2.TollTunnel.Outline.Color": ["ref", "Street.Category0.Tunnel.Outline.Color"], "Street.Category2.TollTunnel.Color": ["ref", "Street.Category0.Tunnel.Color"], "Street.Category3.TollTunnel.Outline.Color": ["ref", "Street.Category0.Tunnel.Outline.Color"], "Street.Category3.TollTunnel.Color": ["ref", "Street.Category0.Tunnel.Color"], "Street.Category4.TollTunnel.Outline.Color": ["ref", "Street.Category0.Tunnel.Outline.Color"], "Street.Category4.TollTunnel.Color": ["ref", "Street.Category0.Tunnel.Color"], "Street.Category4.Unpaved.Color": ["ref", "Street.Category4.Color"], "Street.Category4.Unpaved.Outline.Color": ["ref", "Street.Category4.Outline.Color"], "Street.Category4.Label.Unpaved.Color": ["ref", "Street.Category4.Label.Color"], "Street.Category4.Label.Unpaved.Outline.Color": ["ref", "Street.Category4.Label.Outline.Color"], "Street.Category4.RestrictedAccessUnpaved.Outline.Color": ["ref", "Street.Category4.Outline.Color"], "Street.Category3.Unpaved.Color": ["ref", "Street.Category3.Color"], "Street.Category3.Unpaved.Outline.Color": ["ref", "Street.Category3.Outline.Color"], "Street.Category3.Label.Unpaved.Color": ["ref", "Street.Category3.Label.Color"], "Street.Category3.Label.Unpaved.Outline.Color": ["ref", "Street.Category3.Label.Outline.Color"], "Street.Category2.Unpaved.Color": ["ref", "Street.Category2.Color"], "Street.Category2.Unpaved.Outline.Color": ["ref", "Street.Category2.Outline.Color"], "Street.Category2.Label.Unpaved.Color": ["ref", "Street.Category2.Label.Color"], "Street.Category2.Label.Unpaved.Outline.Color": ["ref", "Street.Category2.Label.Outline.Color"], "Street.Category1.Unpaved.Color": ["ref", "Street.Category1.Color"], "Street.Category1.Unpaved.Outline.Color": ["ref", "Street.Category1.Outline.Color"], "Street.Category1.Label.Unpaved.Color": ["ref", "Street.Category1.Label.Color"], "Street.Category1.Label.Unpaved.Outline.Color": ["ref", "Street.Category1.Label.Outline.Color"], "Street.Category0.Unpaved.Color": ["ref", "Street.Category0.Color"], "Street.Category0.Unpaved.Outline.Color": ["ref", "Street.Category0.Outline.Color"], "Street.Category0.Label.Unpaved.Color": ["ref", "Street.Category0.Label.Color"], "Street.Category0.Label.Unpaved.Outline.Color": ["ref", "Street.Category0.Label.Outline.Color"], "Street.Pedestrian.Unpaved.Color": ["ref", "Street.Pedestrian.Color"], "Street.Pedestrian.Unpaved.Outline.Color": ["ref", "Street.Pedestrian.Outline.Color"], "Street.Pedestrian.Unpaved.Width": ["ref", "Street.Pedestrian.Width"], "Street.Pedestrian.Label.Unpaved.Color": ["ref", "Street.Pedestrian.Label.Color"], "Street.Pedestrian.Label.Unpaved.Outline.Color": ["ref", "Street.Pedestrian.Label.Outline.Color"], "Street.Category0.Label.Color": "#505960", "Street.Category1.Label.Color": ["ref", "Street.Category0.Label.Color"], "Street.Category2.Label.Color": ["ref", "Street.Category0.Label.Color"], "Street.Category3.Label.Color": ["ref", "Street.Category0.Label.Color"], "Street.Category4.Label.Color": ["ref", "Street.Category0.Label.Color"], "Street.Pedestrian.Label.Color": ["ref", "Street.Category0.Label.Color"], "Street.Walkway.Label.Color": ["ref", "Street.Category0.Label.Color"], "PolygonalRoads.Category0.Color": ["ref", "Street.Category0.Color"], "PolygonalRoads.Category1.Color": ["ref", "Street.Category1.Color"], "PolygonalRoads.Category2.Color": ["ref", "Street.Category2.Color"], "PolygonalRoads.Category3.Color": ["ref", "Street.Category3.Color"], "PolygonalRoads.Category4.Color": ["ref", "Street.Category4.Color"], "PolygonalRoads.Category0.Unpaved.Color": ["ref", "Street.Category0.Color"], "PolygonalRoads.Category1.Unpaved.Color": ["ref", "Street.Category1.Color"], "PolygonalRoads.Category2.Unpaved.Color": ["ref", "Street.Category2.Color"], "PolygonalRoads.Category3.Unpaved.Color": ["ref", "Street.Category3.Color"], "PolygonalRoads.Category4.Unpaved.Color": ["ref", "Street.Category4.Color"], "PolygonalRoads.Category0.Tunnel.Color": ["interpolate", ["linear"], ["zoom"], 17, "#040c17", 18, "#040c1799"], "PolygonalRoads.Category1.Tunnel.Color": ["ref", "PolygonalRoads.Category0.Tunnel.Color"], "PolygonalRoads.Category2.Tunnel.Color": ["ref", "PolygonalRoads.Category0.Tunnel.Color"], "PolygonalRoads.Category3.Tunnel.Color": ["ref", "PolygonalRoads.Category0.Tunnel.Color"], "PolygonalRoads.Category4.Tunnel.Color": ["ref", "PolygonalRoads.Category0.Tunnel.Color"], "PolygonalRoads.Category0.Outline.Color": "#000000", "PolygonalRoads.Category1.Outline.Color": ["ref", "PolygonalRoads.Category0.Outline.Color"], "PolygonalRoads.Category2.Outline.Color": ["ref", "PolygonalRoads.Category0.Outline.Color"], "PolygonalRoads.Category3.Outline.Color": ["ref", "PolygonalRoads.Category0.Outline.Color"], "PolygonalRoads.Category4.Outline.Color": ["ref", "PolygonalRoads.Category0.Outline.Color"], "PolygonalRoads.Category0.Unpaved.Outline.Color": ["ref", "PolygonalRoads.Category0.Outline.Color"], "PolygonalRoads.Category1.Unpaved.Outline.Color": ["ref", "PolygonalRoads.Category0.Outline.Color"], "PolygonalRoads.Category2.Unpaved.Outline.Color": ["ref", "PolygonalRoads.Category0.Outline.Color"], "PolygonalRoads.Category3.Unpaved.Outline.Color": ["ref", "PolygonalRoads.Category0.Outline.Color"], "PolygonalRoads.Category4.Unpaved.Outline.Color": ["ref", "PolygonalRoads.Category0.Outline.Color"], "PolygonalRoads.Category0.Tunnel.Outline.Color": ["interpolate", ["linear"], ["zoom"], 17, "#000000", 18, "#00000099"], "PolygonalRoads.Category1.Tunnel.Outline.Color": ["ref", "PolygonalRoads.Category0.Tunnel.Outline.Color"], "PolygonalRoads.Category2.Tunnel.Outline.Color": ["ref", "PolygonalRoads.Category0.Tunnel.Outline.Color"], "PolygonalRoads.Category3.Tunnel.Outline.Color": ["ref", "PolygonalRoads.Category0.Tunnel.Outline.Color"], "PolygonalRoads.Category4.Tunnel.Outline.Color": ["ref", "PolygonalRoads.Category0.Tunnel.Outline.Color"], "PolygonalRoads.BikeLane.Color": "#040c1700", "PolygonalRoads.BikeLane.Tunnel.Color": ["ref", "PolygonalRoads.BikeLane.Color"], "PolygonalRoads.HOVLane.Color": "#040c1700", "PolygonalRoads.HOVLane.Tunnel.Color": ["ref", "PolygonalRoads.HOVLane.Color"], "PolygonalRoads.LaneMarking.White.Color": ["interpolate", ["linear"], ["zoom"], 17.75, "#33333300", 18, "#333333"], "PolygonalRoads.LaneMarking.White.Tunnel.Color": ["interpolate", ["linear"], ["zoom"], 17.75, "#33333300", 18, "#333333cc"], "PolygonalRoads.LaneMarking.Yellow.Color": ["ref", "PolygonalRoads.LaneMarking.White.Color"], "PolygonalRoads.LaneMarking.Yellow.Tunnel.Color": ["ref", "PolygonalRoads.LaneMarking.White.Color"], "PolygonalRoads.LaneMarking.Orange.Color": ["ref", "PolygonalRoads.LaneMarking.White.Color"], "PolygonalRoads.LaneMarking.Orange.Tunnel.Color": ["ref", "PolygonalRoads.LaneMarking.White.Color"], "PolygonalRoads.LaneMarking.Red.Color": ["ref", "PolygonalRoads.LaneMarking.White.Color"], "PolygonalRoads.LaneMarking.Red.Tunnel.Color": ["ref", "PolygonalRoads.LaneMarking.White.Color"], "CountryBoundary.Color": ["interpolate", ["linear"], ["zoom"], 0, "#332429", 4, "#40252b", 6, "#43292e", 11, "#48262e", 13, "#42232b"], "CountryBoundary.Outline.Color": ["interpolate", ["linear"], ["zoom"], 0, "#57293100", 4, "#5729311a", 6, "#5729312e"], "StateBoundary.Color": ["interpolate", ["linear"], ["zoom"], 8, "#3f2429", 8, "#482b32", 10, "#40262c", 15, "#3b2329"], "StateBoundary.Outline.Color": "#3c1e2733", "Country.Label.Color": "#996879cc", "State.Label.Color": "#664c59", "ExtrudedBuilding.Color": "#182836b3", "Building.Color": "#21324180", "Building.Label.Color": "#566175", "Building.Label.Outline.Color": "#0f0f0f", "BuildingAddress.Label.Color": "#455269", "BuildingAddress.Label.Outline.Color": "#161a21", "TruckFeature.Rail.Line.Color": "#36373b", "PTFeature.Rail.Line.Color": "#36373b", "Rail.Line.Color": "#101011", "Rail.Outline.Color": ["ref", "Rail.Line.Color"], "Rail.SecondLine.Color": "#38393d", "Rail.Label.Color": "#51545c", "Rail.Label.Outline.Color": "#0d1012", "POI.Generic.Label.Color": "#677185", "POI.Generic.Label.Outline.Color": "#070707", "POI.Accomodation.Label.Color": ["ref", "POI.Generic.Label.Color"], "POI.Accomodation.Label.Outline.Color": ["ref", "POI.Generic.Label.Outline.Color"], "POI.Automotive.Label.Color": ["ref", "POI.Generic.Label.Color"], "POI.Automotive.Label.Outline.Color": ["ref", "POI.Generic.Label.Outline.Color"], "POI.BusinessServicesAreas.Label.Color": ["ref", "POI.Generic.Label.Color"], "POI.BusinessServicesAreas.Label.Outline.Color": ["ref", "POI.Generic.Label.Outline.Color"], "POI.EatDrink.Label.Color": ["ref", "POI.Generic.Label.Color"], "POI.EatDrink.Label.Outline.Color": ["ref", "POI.Generic.Label.Outline.Color"], "POI.Emergency.Label.Color": ["ref", "POI.Generic.Label.Color"], "POI.Emergency.Label.Outline.Color": ["ref", "POI.Generic.Label.Outline.Color"], "POI.Entertainment.Label.Color": ["ref", "POI.Generic.Label.Color"], "POI.Entertainment.Label.Outline.Color": ["ref", "POI.Generic.Label.Outline.Color"], "POI.Facilities.Label.Color": ["ref", "POI.Generic.Label.Color"], "POI.Facilities.Label.Outline.Color": ["ref", "POI.Generic.Label.Outline.Color"], "POI.LeisureOutdoor.Label.Color": ["ref", "POI.Generic.Label.Color"], "POI.LeisureOutdoor.Label.Outline.Color": ["ref", "POI.Generic.Label.Outline.Color"], "POI.Shopping.Label.Color": ["ref", "POI.Generic.Label.Color"], "POI.Shopping.Label.Outline.Color": ["ref", "POI.Generic.Label.Outline.Color"], "POI.SightsMuseum.Label.Color": ["ref", "POI.Generic.Label.Color"], "POI.SightsMuseum.Label.Outline.Color": ["ref", "POI.Generic.Label.Outline.Color"], "POI.TransitStop.Label.Color": ["ref", "POI.Generic.Label.Color"], "POI.TransitStop.Label.Outline.Color": ["ref", "POI.Generic.Label.Outline.Color"], "Traffic.Flow.Free.Color": "#387850", "Traffic.Flow.Free.Outline.Color": "#1f4430", "Traffic.Flow.SlowMinor.Color": "#a7933d", "Traffic.Flow.SlowMinor.Outline.Color": "#531f33", "Traffic.Flow.StationaryQueuing.Color": "#b0353d", "Traffic.Flow.StationaryQueuing.Outline.Color": "#78141e", "Traffic.Flow.Blocking.Color": "#aba3a7", "Traffic.Flow.Blocking.Second.Color": "#b23438", "Traffic.Flow.Blocking.Outline.Color": "#7b1721", "Traffic.Incident.Color": "#0000008c", "Traffic.Incident.Outline.Color": "#86949c", "LandParcelBoundary.Color": "#303a4564", "ExitInfo.Number.Label.Color": "#667381", "ExitInfo.Number.Label.AMER.Color": "#667381"}}