{"definitions": {"Is.Logistics": true, "Is.ExitInfo.Toll.Enabled": ["ref", "Is.ExitInfo.TruckToll"], "Toll.Class": "Truck", "HospitalCampus.Color": "#221a1a", "UniversityCampus.Color": "#202118", "IndustrialComplex.Color": ["interpolate", ["linear"], ["zoom"], 9, "#1d3140", 15, "#162631"], "IndustrialComplex.Label.Color": "#536c82", "IndustrialComplex.Label.Outline.Color": "#0e1b22", "Airport.Color": ["ref", "IndustrialComplex.Color"], "Runway.Color": ["interpolate", ["linear"], ["zoom"], 11, "#cdd0ec00", 11, "#293545"], "Runway.Outline.Color": ["interpolate", ["linear"], ["zoom"], 14.5, "#0d1827b3", 15, "#0d1827"], "Street.Category0.Outline.Width": ["interpolate", ["linear"], ["zoom"], 7, 0, 8, 0.5, 14, 0.65, 16, 0.95, 18, 1.1, 20, 1.1, 24, 2.05], "Street.Category0.Toll.Color": ["interpolate", ["linear"], ["zoom"], 5, "#42615e", 6, "#476965", 8, "#476865", 11, "#517774", 11, "#567f7b", 13, "#618f8b"], "Street.Category0.Toll.Outline.Color": ["interpolate", ["linear"], ["zoom"], 6, "#10241deb", 8, "#11261d", 11, "#11261d", 13, "#0f251b"], "Street.Category0.Toll.Centerline.Color": ["interpolate", ["linear"], ["zoom"], 11, "#42615e", 13, "#466764"], "Street.Category0.TollTunnel.Color": ["interpolate", ["linear"], ["zoom"], 8, "#395553", 11, "#3e5b59", 11, "#42625f", 13, "#4b6f6c"], "Street.Category0.TollTunnel.Outline.Color": ["interpolate", ["linear"], ["zoom"], 8, "#3d5a57", 11, "#4c706d", 13, "#567f7b"], "Street.Category0.TollTunnel.Centerline.Color": ["interpolate", ["linear"], ["zoom"], 11, "#2d4341", 13, "#44615f"], "Street.Category0.TollBridge.Color": "#202d2b80", "Street.Category0.Label.Toll.Color": ["interpolate", ["linear"], ["zoom"], 15, "#b4cfcc", 18, "#bfd7d4", 19, "#b4cfcc"], "Street.Category0.Label.Toll.Outline.Color": ["interpolate", ["linear"], ["zoom"], 12, "#0f1113f2", 14, "#0f1113d9", 17, "#0f1113cc"], "Street.Category0.Arrow.Toll.Color": ["interpolate", ["linear"], ["zoom"], 16.75, "#7f999700", 17, "#42615e80"], "Street.Category0.Arrow.TollTunnel.Color": ["interpolate", ["linear"], ["zoom"], 16.75, "#7f999700", 17, "#3a565480"], "Street.Category1.Toll.Color": ["interpolate", ["linear"], ["zoom"], 5, "#38514f", 6, "#3b5755", 8, "#344c4a", 10, "#3d5754", 11, "#517774", 11, "#567f7b", 13, "#618f8b"], "Street.Category1.Toll.Outline.Color": ["ref", "Street.Category0.Toll.Outline.Color"], "Street.Category1.TollTunnel.Color": ["ref", "Street.Category0.TollTunnel.Color"], "Street.Category1.TollTunnel.Outline.Color": ["ref", "Street.Category0.TollTunnel.Outline.Color"], "Street.Category1.TollBridge.Color": ["ref", "Street.Category0.TollBridge.Color"], "Street.Category1.Label.Toll.Color": ["ref", "Street.Category0.Label.Toll.Color"], "Street.Category1.Label.Toll.Outline.Color": ["ref", "Street.Category0.Label.Toll.Outline.Color"], "Street.Category1.Arrow.Toll.Color": ["ref", "Street.Category0.Arrow.Toll.Color"], "Street.Category1.Arrow.TollTunnel.Color": ["ref", "Street.Category0.Arrow.TollTunnel.Color"], "Street.Category2.Toll.Color": ["interpolate", ["linear"], ["zoom"], 8, "#38514f", 11, "#517774", 11, "#567f7b", 13, "#618f8b"], "Street.Category2.Toll.Outline.Color": ["ref", "Street.Category0.Toll.Outline.Color"], "Street.Category2.TollTunnel.Color": ["ref", "Street.Category0.TollTunnel.Color"], "Street.Category2.TollTunnel.Outline.Color": ["ref", "Street.Category0.TollTunnel.Outline.Color"], "Street.Category2.TollBridge.Color": ["ref", "Street.Category0.TollBridge.Color"], "Street.Category2.Label.Toll.Color": ["ref", "Street.Category0.Label.Toll.Color"], "Street.Category2.Label.Toll.Outline.Color": ["ref", "Street.Category0.Label.Toll.Outline.Color"], "Street.Category2.Arrow.Toll.Color": ["ref", "Street.Category0.Arrow.Toll.Color"], "Street.Category2.Arrow.TollTunnel.Color": ["ref", "Street.Category0.Arrow.TollTunnel.Color"], "Street.Category3.Toll.Color": ["interpolate", ["linear"], ["zoom"], 11, "#3f5c5a", 13, "#618f8b"], "Street.Category3.Toll.Outline.Color": ["ref", "Street.Category0.Toll.Outline.Color"], "Street.Category3.TollTunnel.Color": ["ref", "Street.Category0.TollTunnel.Color"], "Street.Category3.TollTunnel.Outline.Color": ["ref", "Street.Category0.TollTunnel.Outline.Color"], "Street.Category3.TollBridge.Color": ["ref", "Street.Category0.TollBridge.Color"], "Street.Category3.Label.Toll.Color": ["ref", "Street.Category0.Label.Toll.Color"], "Street.Category3.Label.Toll.Outline.Color": ["ref", "Street.Category0.Label.Toll.Outline.Color"], "Street.Category3.Arrow.Toll.Color": ["ref", "Street.Category0.Arrow.Toll.Color"], "Street.Category3.Arrow.TollTunnel.Color": ["ref", "Street.Category0.Arrow.TollTunnel.Color"], "Street.Category4.Toll.Color": ["interpolate", ["linear"], ["zoom"], 13, "#314746", 15, "#38514f", 16, "#618f8b"], "Street.Category4.Toll.Outline.Color": ["ref", "Street.Category0.Toll.Outline.Color"], "Street.Category4.TollTunnel.Color": ["ref", "Street.Category0.TollTunnel.Color"], "Street.Category4.TollTunnel.Outline.Color": ["ref", "Street.Category0.TollTunnel.Outline.Color"], "Street.Category4.TollBridge.Color": ["ref", "Street.Category0.TollBridge.Color"], "Street.Category4.Label.Toll.Color": ["ref", "Street.Category0.Label.Toll.Color"], "Street.Category4.Label.Toll.Outline.Color": ["interpolate", ["linear"], ["zoom"], 15, "#0f1113e6", 18, "#0f1113d9", 19, "#0f1113cc"], "Street.Category4.Arrow.Toll.Color": ["ref", "Street.Category0.Arrow.Toll.Color"], "Street.Category4.Arrow.TollTunnel.Color": ["ref", "Street.Category0.Arrow.TollTunnel.Color"], "POI.Logistics.Label.Color": "#c6cad0", "POI.Logistics.Label.Outline.Color": "#191b1e", "PTFeature.Street.Category0.Label.Toll.Outline.Color": "#0f1113e6"}}