{"definitions": {"Is.Logistics": true, "Is.ExitInfo.Toll.Enabled": ["ref", "Is.ExitInfo.TruckToll"], "Toll.Class": "Truck", "Cemetery.Color": "#e1eded", "Park.Color": "#ccf0e0", "HospitalCampus.Color": "#f5e4ed", "UniversityCampus.Color": "#f5f0e1", "Woodland.Color": ["interpolate", ["linear"], ["zoom"], 8, "#daf9ea", 15, "#d5f2e5"], "BuiltupArea.Color": ["interpolate", ["linear"], ["zoom"], 5, "#d2dfe7", 10, "#edf2f5"], "IndustrialComplex.Color": ["interpolate", ["linear"], ["zoom"], 9, "#d8dee7", 15, "#dae1ed"], "IndustrialComplex.Label.Color": "#4d6270", "IndustrialComplex.Label.Category": "logistics-industrial-complex-labels", "IndustrialComplex.Label.Size": ["interpolate", ["linear"], ["zoom"], 10, 0, 10, 10, 15, 10, 16, 11, 20, 11, 24, 13.2], "Airport.Color": ["ref", "IndustrialComplex.Color"], "Runway.Color": ["interpolate", ["linear"], ["zoom"], 11, "#cdd0ec00", 11, "#c1ccdf"], "Runway.Outline.Color": ["interpolate", ["linear"], ["zoom"], 14.5, "#8ea0bf80", 15, "#8ea0bf"], "NationalPark.Label.Size": ["interpolate", ["linear"], ["zoom"], 9, 0, 9, 10, 12, 10, 13, 11, 15, 11, 16, 12, 20, 12, 24, 14.4], "NativeReservation.Label.Size": ["ref", "NationalPark.Label.Size"], "Desert.Label.Size": ["ref", "NationalPark.Label.Size"], "HospitalCampus.Label.Size": ["interpolate", ["linear"], ["zoom"], 12, 0, 12, 10, 15, 10, 16, 11, 20, 11, 24, 13.2], "SportsComplex.Label.Size": ["ref", "HospitalCampus.Label.Size"], "AnimalPark.Label.Size": ["ref", "HospitalCampus.Label.Size"], "AmusementPark.Label.Size": ["ref", "HospitalCampus.Label.Size"], "ShoppingComplex.Label.Size": ["ref", "HospitalCampus.Label.Size"], "PedestrianArea.Label.Size": ["ref", "HospitalCampus.Label.Size"], "Rail.Label.Size": ["ref", "HospitalCampus.Label.Size"], "Railyard.Label.Size": ["ref", "HospitalCampus.Label.Size"], "HarborArea.Label.Size": ["ref", "HospitalCampus.Label.Size"], "Park.Label.Size": ["interpolate", ["linear"], ["zoom"], 13, 0, 13, 10, 15, 10, 16, 11, 20, 11, 24, 13.2], "GolfCourse.Label.Size": ["interpolate", ["linear"], ["zoom"], 15, 0, 15, 10, 15, 10, 16, 11, 20, 11, 24, 13.2], "Cemetery.Label.Size": ["ref", "GolfCourse.Label.Size"], "Beach.Label.Size": ["ref", "GolfCourse.Label.Size"], "POI.MountainPeak.Label.Size": ["interpolate", ["linear"], ["zoom"], 9, 0, 9, 9, 12, 9, 13, 10, 15, 10, 16, 11, 20, 11, 24, 13.2], "POI.MountainPeak.Icon.Size": ["interpolate", ["linear"], ["zoom"], 9, 0, 9, 8, 11, 9, 12, 10, 13, 10, 20, 10, 24, 12], "Street.Category0.Width": ["interpolate", ["linear"], ["zoom"], 0, 1.35, 5, 1.35, 6, 1.7, 6.5, 1.9, 7, 1.9, 8, 1.55, 9, 1.9, 10, 2.8, 11, 3, 12, 3.8, 13, 4.15, 14, 4.95, 15, 7.45, 16, 9.9, 17, 12.4, 18, 21.7, 19, 27.25, 20, 43.35, 24, 303.6], "Street.Category1.Width": ["interpolate", ["linear"], ["zoom"], 5, 1.2, 8, 1.5, 9, 1.85, 10, 1.5, 11, 2.05, 12, 2.2, 13, 2.6, 14, 3.1, 15, 4.35, 16, 6.8, 17, 9.3, 18, 18.6, 19, 21.05, 20, 34.05, 24, 238.55], "Street.Category2.Width": ["interpolate", ["linear"], ["zoom"], 0, 0.85, 8, 0.9, 10, 1.05, 11, 1.5, 12, 2.2, 13, 1.85, 14, 2.15, 15, 3.55, 16, 5.55, 17, 8.05, 18, 16.7, 19, 18.6, 20, 30.95, 24, 216.85], "Street.Category3.Width": ["interpolate", ["linear"], ["zoom"], 12, 0.6, 13, 1, 14, 2.3, 15, 2.45, 16, 4.35, 17, 6.8, 18, 14.85, 19, 16.1, 20, 27.9, 24, 195.15], "Street.Category0.Outline.Width": ["interpolate", ["linear"], ["zoom"], 7, 0, 7, 0.5, 8, 0.5, 14, 0.65, 16, 0.95, 18, 1.1, 20, 1.1, 24, 2], "Street.Category0.Outline.Color": ["interpolate", ["linear"], ["zoom"], 6, "#8493afeb", 8, "#70819b", 10, "#687a92", 13, "#5c6e8a", 16, "#5c6e8a"], "Street.Category0.Toll.Color": ["interpolate", ["linear"], ["zoom"], 5, "#75bca9", 6, "#78bdaa", 8, "#89c9b2", 11, "#8ccbb3", 11, "#90cfb8", 13, "#88c8b1"], "Street.Category0.Toll.Outline.Color": ["interpolate", ["linear"], ["zoom"], 6, "#508671eb", 8, "#538d73", 11, "#508d73", 13, "#4b876d"], "Street.Category0.Toll.Centerline.Color": ["interpolate", ["linear"], ["zoom"], 11, "#73b196", 13, "#6ca990"], "Street.Category0.TollTunnel.Color": ["interpolate", ["linear"], ["zoom"], 5, "#88c5b8", 6, "#8bc6b8", 8, "#9bd0be", 11, "#9dd2bf", 11, "#a0d5c3", 13, "#9fd2c1"], "Street.Category0.TollTunnel.Outline.Color": ["interpolate", ["linear"], ["zoom"], 7, "#7ba798", 8, "#80ae9c", 11, "#7dae9b", 13, "#79ab97"], "Street.Category0.TollTunnel.Centerline.Color": ["interpolate", ["linear"], ["zoom"], 11, "#95c7b4", 13, "#8ec1af"], "Street.Category0.TollBridge.Color": "#6f948d3c", "Street.Category0.Label.Toll.Color": ["interpolate", ["linear"], ["zoom"], 10, "#003226", 12, "#003226", 15, "#003a2b"], "Street.Category0.Label.Toll.Outline.Color": ["interpolate", ["linear"], ["zoom"], 11, "#fafffff2", 12, "#fafffff2", 14, "#faffffd9", 17, "#faffffcc"], "Street.Category0.Arrow.Toll.Color": ["interpolate", ["linear"], ["zoom"], 16.75, "#7f999700", 17, "#7f999780"], "Street.Category0.Arrow.TollTunnel.Color": ["interpolate", ["linear"], ["zoom"], 16.75, "#7f999700", 17, "#83ad9f80"], "Street.Category1.Toll.Color": ["interpolate", ["linear"], ["zoom"], 5, "#75b8ac", 6, "#93cebc", 8, "#8cc8b5", 11, "#8fc9b7", 11, "#93cebc", 13, "#8bc5b4"], "Street.Category1.Toll.Outline.Color": ["ref", "Street.Category0.Toll.Outline.Color"], "Street.Category1.TollTunnel.Color": ["ref", "Street.Category0.TollTunnel.Color"], "Street.Category1.TollTunnel.Outline.Color": ["interpolate", ["linear"], ["zoom"], 7, "#618b7c", 8, "#679582", 11, "#639581", 13, "#60907e"], "Street.Category1.TollBridge.Color": ["ref", "Street.Category0.TollBridge.Color"], "Street.Category1.Label.Toll.Color": ["ref", "Street.Category0.Label.Toll.Color"], "Street.Category1.Label.Toll.Outline.Color": ["ref", "Street.Category0.Label.Toll.Outline.Color"], "Street.Category1.Arrow.Toll.Color": ["ref", "Street.Category0.Arrow.Toll.Color"], "Street.Category1.Arrow.TollTunnel.Color": ["ref", "Street.Category1.Arrow.Toll.Color"], "Street.Category2.Toll.Color": ["ref", "Street.Category0.Toll.Color"], "Street.Category2.Toll.Outline.Color": ["ref", "Street.Category0.Toll.Outline.Color"], "Street.Category2.TollTunnel.Color": ["ref", "Street.Category0.TollTunnel.Color"], "Street.Category2.TollTunnel.Outline.Color": ["interpolate", ["linear"], ["zoom"], 7, "#5b8577", 8, "#618d7c", 11, "#5e8d7b", 13, "#5a8977"], "Street.Category2.TollBridge.Color": ["ref", "Street.Category0.TollBridge.Color"], "Street.Category2.Label.Toll.Color": ["ref", "Street.Category0.Label.Toll.Color"], "Street.Category2.Label.Toll.Outline.Color": ["ref", "Street.Category0.Label.Toll.Outline.Color"], "Street.Category2.Arrow.Toll.Color": ["interpolate", ["linear"], ["zoom"], 17, "#7f999700", 17.25, "#7f999780"], "Street.Category2.Arrow.TollTunnel.Color": ["ref", "Street.Category2.Arrow.Toll.Color"], "Street.Category3.Toll.Color": ["ref", "Street.Category0.Toll.Color"], "Street.Category3.Toll.Outline.Color": ["ref", "Street.Category0.Toll.Outline.Color"], "Street.Category3.TollTunnel.Color": ["ref", "Street.Category0.TollTunnel.Color"], "Street.Category3.TollTunnel.Outline.Color": ["interpolate", ["linear"], ["zoom"], 7, "#577e70", 8, "#5c8775", 11, "#598774", 13, "#568372"], "Street.Category3.TollBridge.Color": ["ref", "Street.Category0.TollBridge.Color"], "Street.Category3.Label.Toll.Color": ["ref", "Street.Category0.Label.Toll.Color"], "Street.Category3.Label.Toll.Outline.Color": ["ref", "Street.Category0.Label.Toll.Outline.Color"], "Street.Category3.Arrow.Toll.Color": ["ref", "Street.Category2.Arrow.Toll.Color"], "Street.Category3.Arrow.TollTunnel.Color": ["ref", "Street.Category3.Arrow.Toll.Color"], "Street.Category4.Toll.Color": ["ref", "Street.Category0.Toll.Color"], "Street.Category4.Toll.Outline.Color": ["ref", "Street.Category0.Toll.Outline.Color"], "Street.Category4.TollTunnel.Color": ["ref", "Street.Category0.TollTunnel.Color"], "Street.Category4.TollTunnel.Outline.Color": ["interpolate", ["linear"], ["zoom"], 7, "#517869", 8, "#587f6f", 11, "#547f6d", 13, "#517c6b"], "Street.Category4.TollBridge.Color": ["ref", "Street.Category0.TollBridge.Color"], "Street.Category4.Label.Toll.Color": ["ref", "Street.Category0.Label.Toll.Color"], "Street.Category4.Label.Toll.Outline.Color": ["ref", "Street.Category0.Label.Toll.Outline.Color"], "Street.Category4.Arrow.Toll.Color": ["interpolate", ["linear"], ["zoom"], 17.25, "#7f999700", 17.5, "#7f999780"], "Street.Category4.Arrow.TollTunnel.Color": ["ref", "Street.Category4.Arrow.Toll.Color"], "Street.Category4.RestrictedAccess.Color": ["interpolate", ["linear"], ["zoom"], 15, "#c6d0e0bf", 16, "#d5dff0", 17, "#dbe6f7"], "Street.Category4.Unpaved.Color": ["interpolate", ["linear"], ["zoom"], 13, "#cbd0d4bf", 15, "#d0d4d7bf", 15.5, "#d3d6d9bf", 15.5, "#e6ecef", 16, "#e5ebee", 18, "#e8eced"], "POI.Logistics.Label.Color": "#474d55", "POI.Logistics.Label.Outline.Color": "#ffffffbf", "PTFeature.Street.Category0.Label.Toll.Outline.Color": "#faffff", "PTFeature.Street.Category1.Label.Toll.Outline.Color": ["ref", "PTFeature.Street.Category0.Label.Toll.Outline.Color"], "PTFeature.Street.Category2.Label.Toll.Outline.Color": ["ref", "PTFeature.Street.Category0.Label.Toll.Outline.Color"], "PTFeature.Street.Category3.Label.Toll.Outline.Color": ["ref", "PTFeature.Street.Category0.Label.Toll.Outline.Color"], "PTFeature.Street.Category4.Label.Toll.Outline.Color": ["ref", "PTFeature.Street.Category0.Label.Toll.Outline.Color"], "RoadShield.Margin": ["step", ["zoom"], 60, 8, 60, 9, 50, 11, 50, 12, 80], "RoadShield.Margin.RTS": ["step", ["zoom"], 30, 8, 40, 12, 70], "Traffic.Category0.Offset": ["interpolate", ["linear"], ["zoom"], 7, 1.5, 8, 1.5, 9, 1.9, 10, 1.9, 11, 2.25, 12, 3, 13, 3.7, 14, 3.7, 15, 4.35, 16, 5.55, 17, 4.95, 18, 9.3, 19, 13, 20, 21.05, 24, 123.9], "Traffic.Category1.Offset": ["interpolate", ["linear"], ["zoom"], 10, 1.5, 13, 2.25, 14, 2.45, 15, 2.45, 16, 2.8, 17, 3.7, 18, 8.05, 19, 9.3, 20, 15.5, 24, 108.4], "Traffic.Category2.Offset": ["interpolate", ["linear"], ["zoom"], 13, 2.25, 14, 2.15, 15, 3.1, 16, 3.7, 17, 3.7, 18, 6.8, 19, 7.45, 20, 13.65, 24, 86.75]}}