{"definitions": {"Is.Logistics": true, "Is.ExitInfo.Toll.Enabled": ["ref", "Is.ExitInfo.TruckToll"], "Toll.Class": "Truck", "IndustrialComplex.Label.Color": "#c6dde2", "IndustrialComplex.Label.Outline.Color": "#19222b", "IndustrialComplex.Label.Category": "logistics-industrial-complex-labels", "IndustrialComplex.Label.Size": ["interpolate", ["linear"], ["zoom"], 10, 0, 10, 10, 15, 11, 16, 12.5, 20, 13, 24, 15.5], "NationalPark.Label.Size": ["interpolate", ["linear"], ["zoom"], 9, 0, 9, 11, 12, 11, 13, 12, 15, 12, 16, 13, 20, 13, 24, 16], "NativeReservation.Label.Size": ["ref", "NationalPark.Label.Size"], "Desert.Label.Size": ["ref", "NationalPark.Label.Size"], "HospitalCampus.Label.Size": ["interpolate", ["linear"], ["zoom"], 12, 0, 12, 10, 15, 10, 16, 11, 20, 11, 24, 13.2], "SportsComplex.Label.Size": ["ref", "HospitalCampus.Label.Size"], "AnimalPark.Label.Size": ["ref", "HospitalCampus.Label.Size"], "AmusementPark.Label.Size": ["ref", "HospitalCampus.Label.Size"], "ShoppingComplex.Label.Size": ["ref", "HospitalCampus.Label.Size"], "PedestrianArea.Label.Size": ["ref", "HospitalCampus.Label.Size"], "Rail.Label.Size": ["ref", "HospitalCampus.Label.Size"], "Railyard.Label.Size": ["ref", "HospitalCampus.Label.Size"], "HarborArea.Label.Size": ["ref", "HospitalCampus.Label.Size"], "Park.Label.Size": ["interpolate", ["linear"], ["zoom"], 13, 0, 13, 10, 15, 10, 16, 11, 20, 11, 24, 13.2], "GolfCourse.Label.Size": ["interpolate", ["linear"], ["zoom"], 15, 0, 15, 10, 15, 10, 16, 11, 20, 11, 24, 13.2], "Cemetery.Label.Size": ["ref", "GolfCourse.Label.Size"], "Beach.Label.Size": ["ref", "GolfCourse.Label.Size"], "POI.MountainPeak.Label.Size": ["interpolate", ["linear"], ["zoom"], 9, 0, 9, 10, 12, 10, 15, 11, 16, 12, 20, 12, 24, 14.5], "POI.MountainPeak.Icon.Size": ["interpolate", ["linear"], ["zoom"], 9, 0, 9, 8, 11, 10, 12, 11, 20, 11, 24, 13], "Street.Category0.Width": ["interpolate", ["linear"], ["zoom"], 5, 1.1, 6, 1.5, 7, 1.6, 8, 2.1, 9, 2.3, 10, 2.8, 11, 3, 12, 3.8, 13, 4.5, 14, 4.95, 15, 7.45, 16, 9.9, 17, 12.4, 18, 21.7, 19, 27.25, 20, 43.35, 24, 303.6], "Street.Category1.Width": ["interpolate", ["linear"], ["zoom"], 5, 1, 8, 1.4, 9, 1.6, 10, 1.7, 11, 2.05, 12, 2.4, 13, 2.6, 14, 3.55, 15, 4.8, 16, 6.8, 17, 9.3, 18, 18.6, 19, 21.05, 20, 34.05, 24, 238.55], "Street.Category2.Width": ["interpolate", ["linear"], ["zoom"], 0, 0.85, 8, 0.9, 10, 1.05, 11, 1.4, 12, 1.8, 13, 1.85, 14, 2.5, 15, 3.85, 16, 5.55, 17, 8.05, 18, 16.7, 19, 18.6, 20, 30.95, 24, 216.85], "Street.Category3.Width": ["interpolate", ["linear"], ["zoom"], 0, 0.6, 10, 0.75, 11, 0.9, 12, 1.1, 13, 1.2, 14, 2.3, 15, 2.45, 16, 4.35, 17, 6.8, 18, 14.85, 19, 16.1, 20, 27.9, 24, 195.15], "Street.Category0.Toll.Color": ["interpolate", ["linear"], ["zoom"], 6, "#6fc5a8", 8, "#76c5ab", 11, "#7ec5ad", 11, "#84c8b1", 13, "#8ac5b2", 16, "#8ac3b0b3", 18, "#98cdbb73", 19, "#8dc6b44d"], "Street.Category0.Toll.Outline.Color": ["interpolate", ["linear"], ["zoom"], 7, "#233939", 8, "#26403b", 11, "#1d322d", 13, "#1b2e29", 16, "#34564f00"], "Street.Category0.Toll.Centerline.Color": ["interpolate", ["linear"], ["zoom"], 11, "#63a093", 13, "#5a978c", 16, "#4f8d82e6", 18, "#98cdbb73", 19, "#8dc6b44d"], "Street.Category0.TollTunnel.Color": ["interpolate", ["linear"], ["zoom"], 6, "#5ba28a", 8, "#61a28d", 11, "#68a28e", 11, "#6da592", 13, "#72a293", 15, "#72a19173", 18, "#7da99a1a", 19, "#74a3940d"], "Street.Category0.TollTunnel.Outline.Color": ["interpolate", ["linear"], ["zoom"], 6, "#344b48", 8, "#37504d", 11, "#3e5b57", 13, "#1c2e2a", 15, "#2f444100"], "Street.Category0.TollTunnel.Centerline.Color": ["interpolate", ["linear"], ["zoom"], 11, "#6d9f98", 13, "#65948d", 16, "#5d888373", 18, "#5d88831a", 19, "#5d88830d"], "Street.Category0.TollBridge.Color": "#6f948d00", "Street.Category0.Label.Toll.Color": ["interpolate", ["linear"], ["zoom"], 5, "#b2dbd5", 17, "#b6ddd7"], "Street.Category0.Label.Toll.Outline.Color": ["interpolate", ["linear"], ["zoom"], 12, "#203226f2", 14, "#091e0ee6"], "Street.Category0.Arrow.Toll.Color": ["interpolate", ["linear"], ["zoom"], 16.75, "#879ba800", 17, "#8aaa9d", 20, "#87a89b73", 24, "#93b8a973"], "Street.Category0.Arrow.TollTunnel.Color": ["interpolate", ["linear"], ["zoom"], 16.75, "#87a89b00", 17, "#87a89b33", 18, "#87a89b1a", 24, "#93b8a900"], "Street.Category1.Toll.Color": ["interpolate", ["linear"], ["zoom"], 7, "#5ba28a", 8, "#61a28d", 9, "#77b29f", 10, "#84bba9", 11, "#7fb8a6", 13, "#8ac5b2", 16, "#8ac3b0a6", 18, "#98cdbb66", 19, "#8dc6b44d"], "Street.Category1.Toll.Outline.Color": ["ref", "Street.Category0.Toll.Outline.Color"], "Street.Category1.TollTunnel.Color": ["ref", "Street.Category0.TollTunnel.Color"], "Street.Category1.TollTunnel.Outline.Color": ["ref", "Street.Category0.TollTunnel.Outline.Color"], "Street.Category1.TollBridge.Color": ["ref", "Street.Category0.TollBridge.Color"], "Street.Category1.Label.Toll.Color": ["ref", "Street.Category0.Label.Toll.Color"], "Street.Category1.Label.Toll.Outline.Color": ["ref", "Street.Category0.Label.Toll.Outline.Color"], "Street.Category1.Arrow.Toll.Color": ["interpolate", ["linear"], ["zoom"], 16.75, "#77889400", 17, "#7a968b", 20, "#61786f66", 24, "#596e6666"], "Street.Category1.Arrow.TollTunnel.Color": ["interpolate", ["linear"], ["zoom"], 16.75, "#61786f00", 17, "#61786f33", 20, "#61786f0d", 24, "#93b8a900"], "Street.Category2.Toll.Color": ["interpolate", ["linear"], ["zoom"], 8, "#5b9885", 10, "#70a896", 11, "#70a292", 12, "#77a798", 13, "#8ac5b2", 16, "#8ac3b0a6", 18, "#98cdbb66", 19, "#8dc6b44d"], "Street.Category2.Toll.Outline.Color": ["ref", "Street.Category0.Toll.Outline.Color"], "Street.Category2.TollTunnel.Color": ["ref", "Street.Category0.TollTunnel.Color"], "Street.Category2.TollTunnel.Outline.Color": ["ref", "Street.Category0.TollTunnel.Outline.Color"], "Street.Category2.TollBridge.Color": ["ref", "Street.Category0.TollBridge.Color"], "Street.Category2.Label.Toll.Color": ["ref", "Street.Category0.Label.Toll.Color"], "Street.Category2.Label.Toll.Outline.Color": ["ref", "Street.Category0.Label.Toll.Outline.Color"], "Street.Category2.Arrow.Toll.Color": ["interpolate", ["linear"], ["zoom"], 17, "#7a968b00", 17.25, "#7a968b", 20, "#61786f99", 24, "#596e6699"], "Street.Category2.Arrow.TollTunnel.Color": ["interpolate", ["linear"], ["zoom"], 17, "#7a968b00", 17.25, "#7a968b33", 20, "#61786f0d", 24, "#596e6600"], "Street.Category3.Toll.Color": ["interpolate", ["linear"], ["zoom"], 11, "#638f81", 13, "#72a293", 16, "#8ac3b099", 18, "#98cdbb59", 19, "#8dc6b44d"], "Street.Category3.Toll.Outline.Color": ["ref", "Street.Category0.Toll.Outline.Color"], "Street.Category3.TollTunnel.Color": ["ref", "Street.Category0.TollTunnel.Color"], "Street.Category3.TollTunnel.Outline.Color": ["ref", "Street.Category0.TollTunnel.Outline.Color"], "Street.Category3.TollBridge.Color": ["ref", "Street.Category0.TollBridge.Color"], "Street.Category3.Label.Toll.Color": ["ref", "Street.Category0.Label.Toll.Color"], "Street.Category3.Label.Toll.Outline.Color": ["ref", "Street.Category0.Label.Toll.Outline.Color"], "Street.Category3.Arrow.Toll.Color": ["interpolate", ["linear"], ["zoom"], 17, "#7a968b00", 17.25, "#7a968b", 20, "#61786f80", 24, "#596e6680"], "Street.Category3.Arrow.TollTunnel.Color": ["interpolate", ["linear"], ["zoom"], 17, "#5d736a00", 17.25, "#5d736a33", 20, "#5d736a80", 24, "#566a6200"], "Street.Category4.Toll.Color": ["interpolate", ["linear"], ["zoom"], 14, "#65948d", 16, "#7faea880", 18, "#7faea84d", 20, "#7faea80d"], "Street.Category4.Toll.Outline.Color": ["ref", "Street.Category0.Toll.Outline.Color"], "Street.Category4.TollTunnel.Color": ["ref", "Street.Category0.TollTunnel.Color"], "Street.Category4.TollTunnel.Outline.Color": ["ref", "Street.Category0.Toll.Outline.Color"], "Street.Category4.TollBridge.Color": ["ref", "Street.Category0.TollBridge.Color"], "Street.Category4.Label.Toll.Color": ["ref", "Street.Category0.Label.Toll.Color"], "Street.Category4.Label.Toll.Outline.Color": ["ref", "Street.Category0.Label.Toll.Outline.Color"], "Street.Category4.Arrow.Toll.Color": ["interpolate", ["linear"], ["zoom"], 17.25, "#647c7200", 17.5, "#5d736a", 20, "#5d736a4d", 24, "#5d736a4d"], "Street.Category4.Arrow.TollTunnel.Color": ["interpolate", ["linear"], ["zoom"], 17.25, "#5d736a00", 17.5, "#5d736a33", 20, "#5d736a0d", 24, "#566a6200"], "POI.Logistics.Label.Color": "#f0f1f4", "POI.Logistics.Label.Outline.Color": "#000412", "PTFeature.Street.Category0.Label.Toll.Outline.Color": "#09150ee6", "PTFeature.Street.Category1.Label.Toll.Outline.Color": ["ref", "PTFeature.Street.Category0.Label.Toll.Outline.Color"], "PTFeature.Street.Category2.Label.Toll.Outline.Color": ["ref", "PTFeature.Street.Category0.Label.Toll.Outline.Color"], "PTFeature.Street.Category3.Label.Toll.Outline.Color": ["ref", "PTFeature.Street.Category0.Label.Toll.Outline.Color"], "PTFeature.Street.Category4.Label.Toll.Outline.Color": ["ref", "PTFeature.Street.Category0.Label.Toll.Outline.Color"], "RoadShield.Margin": ["step", ["zoom"], 60, 8, 60, 9, 50, 11, 50, 12, 80], "RoadShield.Margin.RTS": ["step", ["zoom"], 30, 8, 40, 12, 70]}}