{"definitions": {"Land.Color": "#09151e", "BuiltupArea.Color": ["interpolate", ["linear"], ["zoom"], 5, "#152532", 13, "#0e1b25"], "Woodland.Color": "#042124", "Woodland.Label.Color": "#286368", "Woodland.Label.Outline.Color": "#041314", "NationalPark.Color": "#0d312c33", "NationalPark.Outline.Color": ["interpolate", ["linear"], ["zoom"], 7, "#0714184d", 15, "#09191e4d"], "NationalPark.SecondOutline.Color": ["interpolate", ["linear"], ["zoom"], 10, "#10262d24", 15, "#122b3424"], "NationalPark.Label.Color": "#315f61", "NationalPark.Label.Outline.Color": "#071114", "WaterPark.Color": ["interpolate", ["linear"], ["zoom"], 0, "#09243280", 9, "#09243266"], "WaterPark.Outline.Color": ["interpolate", ["linear"], ["zoom"], 7, "#0618234d", 15, "#081f2c4d"], "WaterPark.SecondOutline.Color": ["interpolate", ["linear"], ["zoom"], 10, "#061d2324", 15, "#08232b24"], "WaterPark.Label.Color": "#2b6066", "WaterPark.Label.Outline.Color": "#081618", "Park.Color": "#042429", "Park.Label.Color": "#2d666b", "Park.Label.Outline.Color": "#041213", "Beach.Color": "#21211c", "Beach.Label.Color": "#606051", "Beach.Label.Outline.Color": "#0e0e0b", "MilitaryBase.Color": ["interpolate", ["linear"], ["zoom"], 7, "#27273d4b", 13, "#27273d41", 16, "#27273d28"], "MilitaryBase.Outline.Color": ["interpolate", ["linear"], ["zoom"], 7, "#2c2c3f4d", 15, "#3030454d"], "MilitaryBase.SecondOutline.Color": ["interpolate", ["linear"], ["zoom"], 10, "#39363a24", 15, "#312e3324"], "MilitaryBase.Label.Color": "#515e77", "MilitaryBase.Label.Outline.Color": "#0b121a", "NativeReservation.Color": ["interpolate", ["linear"], ["zoom"], 7, "#281c1980", 13, "#281c1966"], "NativeReservation.Outline.Color": ["interpolate", ["linear"], ["zoom"], 7, "#44342f4d", 15, "#2619154d"], "NativeReservation.SecondOutline.Color": ["interpolate", ["linear"], ["zoom"], 10, "#35262224", 15, "#34262224"], "NativeReservation.Label.Color": "#605c62", "NativeReservation.Label.Outline.Color": "#0f0f10", "Island.Label.Color": "#406880", "Island.Label.Outline.Color": "#13140d", "Desert.Color": "#13191e", "Desert.Label.Color": "#535b58", "Desert.Label.Outline.Color": "#0e0e12", "Glacier.Color": "#0d1f2d", "Glacier.Label.Color": "#48677f", "Glacier.Label.Outline.Color": "#060e14", "HospitalCampus.Color": "#2a1d1e", "HospitalCampus.Label.Color": "#765b5e", "HospitalCampus.Label.Outline.Color": "#140e0e", "UniversityCampus.Color": "#292a1b", "UniversityCampus.Label.Color": "#5d6848", "UniversityCampus.Label.Outline.Color": "#13120d", "Cemetery.Color": "#09202a", "Cemetery.Label.Color": "#3e6570", "Cemetery.Label.Outline.Color": "#081316", "Allotment.Color": ["ref", "Cemetery.Color"], "Allotment.Label.Color": ["ref", "Cemetery.Label.Color"], "Allotment.Label.Outline.Color": ["ref", "Cemetery.Label.Outline.Color"], "SportsComplex.Color": ["ref", "Cemetery.Color"], "SportsComplex.Label.Color": ["ref", "Cemetery.Label.Color"], "SportsComplex.Label.Outline.Color": ["ref", "Cemetery.Label.Outline.Color"], "AnimalPark.Color": ["ref", "Cemetery.Color"], "AnimalPark.Label.Color": ["ref", "Cemetery.Label.Color"], "AnimalPark.Label.Outline.Color": ["ref", "Cemetery.Label.Outline.Color"], "AmusementPark.Color": ["ref", "Cemetery.Color"], "AmusementPark.Label.Color": ["ref", "Cemetery.Label.Color"], "AmusementPark.Label.Outline.Color": ["ref", "Cemetery.Label.Outline.Color"], "GolfCourse.Color": ["ref", "Cemetery.Color"], "GolfCourse.Label.Color": ["ref", "Cemetery.Label.Color"], "GolfCourse.Label.Outline.Color": ["ref", "Cemetery.Label.Outline.Color"], "IndustrialComplex.Color": "#13232f", "IndustrialComplex.Label.Color": "#50697f", "IndustrialComplex.Label.Outline.Color": "#091217", "Airport.Color": "#1a1f2b", "Airport.Label.Color": "#5e6679", "Airport.Label.Outline.Color": "#0c0d13", "Runway.Color": "#242937", "Runway.Outline.Color": ["interpolate", ["linear"], ["zoom"], 14.5, "#1d202fb3", 15, "#10151c"], "Runway.Outline.Width": ["interpolate", ["linear"], ["zoom"], 13, 0, 14, 0.1, 15, 0.15], "ShoppingComplex.Color": ["ref", "IndustrialComplex.Color"], "ShoppingComplex.Label.Color": ["ref", "IndustrialComplex.Label.Color"], "ShoppingComplex.Label.Outline.Color": ["ref", "IndustrialComplex.Label.Outline.Color"], "PedestrianArea.Color": ["ref", "IndustrialComplex.Color"], "PedestrianArea.Label.Color": ["ref", "IndustrialComplex.Label.Color"], "PedestrianArea.Label.Outline.Color": ["ref", "IndustrialComplex.Label.Outline.Color"], "Railyard.Color": ["ref", "IndustrialComplex.Color"], "Railyard.Label.Color": ["ref", "IndustrialComplex.Label.Color"], "Railyard.Label.Outline.Color": ["ref", "IndustrialComplex.Label.Outline.Color"], "HarborArea.Color": ["ref", "IndustrialComplex.Color"], "HarborArea.Label.Color": ["ref", "IndustrialComplex.Label.Color"], "HarborArea.Label.Outline.Color": ["ref", "IndustrialComplex.Label.Outline.Color"], "Rail.Line.Color": "#3f4044", "TruckFeature.Rail.Line.Color": "#3f4044", "PTFeature.Rail.Line.Color": "#3f4044", "Rail.Outline.Color": ["ref", "Rail.Line.Color"], "Rail.SecondLine.Color": "#2c2d2e", "Rail.Label.Color": "#595c65", "Rail.Label.Outline.Color": "#121719", "Ferry.Line.Color": "#253b52", "Ferry.SecondLine.Color": "#253b5219", "Ferry.Label.Color": "#36485e", "Water.0m.Color": ["interpolate", ["linear"], ["zoom"], 0, "#0a2a44", 6, "#0b2c48"], "Water.4000m.Color": "#082740", "Water.5000m.Color": "#06233b", "Water.6000m.Color": "#052036", "Water.Outline.Color": "#11304c", "Water.SecondOutline.Color": "#11304c70", "CanalWaterChannel.Color": ["ref", "Water.0m.Color"], "River.Color": ["ref", "Water.0m.Color"], "IntermittentRiver.Color": ["ref", "Water.0m.Color"], "Lake.Label.Color": ["interpolate", ["linear"], ["zoom"], 0, "#446a97", 10, "#3c6390"], "Lake.Label.Outline.Color": ["interpolate", ["linear"], ["zoom"], 0, "#011823", 10, "#00131c"], "POI.MountainPeak.Label.Color": "#6f6769", "POI.MountainPeak.Label.Outline.Color": "#181818", "MountainRange.Label.Color": "#6a6264", "MountainRange.Label.Outline.Color": "#191919", "Street.Category4.Color": ["interpolate", ["linear"], ["zoom"], 15.5, "#273342", 17, "#32414e"], "Street.Category4.Outline.Color": ["interpolate", ["linear"], ["zoom"], 15.5, "#1a1a1a", 16, "#000000"], "Street.Category4.RTS.Color": ["interpolate", ["linear"], ["zoom"], 13, "#1a2b39", 14, "#283341", 15, "#2d3a47", 17, "#32414e"], "Street.Category4.RTS.Outline.Color": "#000000", "Street.Category4.ParkingLot.Outline.Color": ["ref", "Street.Category4.RestrictedAccess.Outline.Color"], "Street.Category4.ParkingLot.Color": ["ref", "Street.Category4.RestrictedAccess.Color"], "Street.Category4.RestrictedAccess.Outline.Color": ["interpolate", ["linear"], ["zoom"], 15, "#1a1a1a00", 15.5, "#1a1a1a", 17, "#000000"], "Street.Category4.RestrictedAccess.Color": ["interpolate", ["linear"], ["zoom"], 15, "#222c3a", 15.5, "#273242", 16, "#2e3b49", 17, "#32414e"], "Street.Category4.ParkingLot.Width": ["interpolate", ["linear"], ["zoom"], 16, 0, 16, 0.7, 17, 2, 18, 4, 19, 6, 20, 10, 24, 60], "Street.Category4.ParkingLot.Outline.Width": ["interpolate", ["linear"], ["zoom"], 16, 0, 16, 0.05, 20, 0.05, 24, 0.1], "Street.Category4.RestrictedAccess.Width": ["interpolate", ["linear"], ["zoom"], 15, 0, 15, 0.2, 16, 0.7, 17, 2, 18, 4, 19, 6, 20, 10, 24, 60], "Street.Category4.RestrictedAccess.Outline.Width": ["interpolate", ["linear"], ["zoom"], 15, 0, 15, 0.01, 16, 0.05, 20, 0.05, 24, 0.1], "Street.Category4.Width": ["interpolate", ["linear"], ["zoom"], 14.5, 0.5, 15, 0.9, 15.5, 1.85, 16, 3.1, 17, 4.35, 18, 8.65, 19, 10.55, 20, 20.45, 24, 131.95], "Street.Category4.Ramp.Width": ["interpolate", ["linear"], ["zoom"], 14, 0.45, 15, 0.6, 16, 1.5, 17, 3.5, 18, 6, 19, 7.8, 20, 13, 24, 70], "Street.Category4.RTS.Width": ["interpolate", ["linear"], ["zoom"], 0, 0.6, 13, 0.6, 14, 0.9, 15, 2.15, 16, 3.1, 17, 4.35, 18, 8.65, 19, 10.55, 20, 20.45], "Street.Category4.Label.Color": "#8592a0", "Street.Category4.Label.Outline.Color": ["interpolate", ["linear"], ["zoom"], 12, "#0d1011f2", 14, "#0d1011d9", 17, "#0d1011cc"], "Street.Category3.Color": ["interpolate", ["linear"], ["zoom"], 11, "#384554", 11.9, "#3d4a5a", 12, "#323c4b", 13, "#2c3846", 14, "#2f3b4a", 17, "#32414e"], "Street.Category3.Outline.Color": "#000000", "Street.Category3.RTS.Color": ["interpolate", ["linear"], ["zoom"], 11, "#272f3e", 12, "#2d3545", 13, "#333b4c", 17, "#32414e"], "Street.Category3.RTS.Outline.Color": "#000000", "Street.Category3.Width": ["interpolate", ["linear"], ["zoom"], 12, 0.5, 13, 1, 14, 2, 15, 3.1, 16, 5.4, 17, 7.75, 18, 16.1, 19, 17.95, 20, 29.75, 24, 197], "Street.Category3.Ramp.Width": ["interpolate", ["linear"], ["zoom"], 14, 1, 15, 1.5, 16, 2.7, 17, 3.9, 18, 8.05, 19, 9, 20, 14.9, 24, 98.5], "Street.Category3.RTS.Width": ["interpolate", ["linear"], ["zoom"], 10, 0, 10, 0.75, 13, 1.55, 14, 2.45, 15, 3.55, 16, 5.4, 17, 7.75, 18, 16.1, 19, 17.95, 20, 29.75], "Street.Category3.Label.Color": "#97a4b1", "Street.Category3.Label.Outline.Color": ["ref", "Street.Category2.Label.Outline.Color"], "Street.Category2.Color": ["interpolate", ["linear"], ["zoom"], 8, "#232937", 10, "#2d3743", 12, "#414d60", 13, "#3c4857", 16, "#485869"], "Street.Category2.Outline.Color": "#000000", "Street.Category2.RTS.Color": ["interpolate", ["linear"], ["zoom"], 8, "#262e38", 10, "#333d4c", 12, "#3b4756", 13, "#3c4857", 16, "#485869"], "Street.Category2.RTS.Outline.Color": "#000000", "Street.Category2.Width": ["interpolate", ["linear"], ["zoom"], 0, 0.6, 8, 0.75, 10, 0.9, 11, 1.25, 12, 1.55, 13, 2.8, 14, 3.1, 15, 4.65, 16, 6.5, 17, 9.3, 18, 18.25, 19, 20.45, 20, 32.85, 24, 218.7], "Street.Category2.Ramp.Width": ["interpolate", ["linear"], ["zoom"], 14, 1.5, 15, 2.3, 16, 3.2, 17, 4.65, 18, 9.1, 19, 10.2, 20, 16.4, 24, 109.3], "Street.Category2.RTS.Width": ["interpolate", ["linear"], ["zoom"], 0, 0.6, 8, 0.75, 9, 0.9, 10, 0.9, 11, 1.25, 12, 1.55, 13, 2.8, 14, 3.1, 15, 4.65, 16, 6.5, 17, 9.3, 18, 18.25, 19, 20.45, 20, 32.85], "Street.Category2.Label.Color": "#96a9b0", "Street.Category2.Label.Outline.Color": ["interpolate", ["linear"], ["zoom"], 12, "#131618f2", 14, "#131618d9", 17, "#131618cc"], "Street.Category1.Color": ["interpolate", ["linear"], ["zoom"], 5, "#313d48", 8, "#35414e", 10, "#44525e", 11, "#4c5b6b", 13, "#5a6d7d", 16, "#69798a"], "Street.Category1.Outline.Color": "#000000", "Street.Category1.Width": ["interpolate", ["linear"], ["zoom"], 0, 0.75, 5, 0.75, 8, 1.25, 9, 1.55, 10, 2.45, 11, 2.8, 12, 2.8, 13, 3.1, 14, 4, 15, 5.25, 16, 7.75, 17, 10.2, 18, 19.8, 19, 22.3, 20, 35.6, 24, 240.05], "Street.Category1.Ramp.Width": ["interpolate", ["linear"], ["zoom"], 13, 1.5, 14, 2, 15, 2.6, 16, 3.9, 17, 5.1, 18, 9.9, 19, 11.15, 20, 17.8, 24, 120], "Street.Category1.Label.Color": "#9bacb2", "Street.Category1.Label.Outline.Color": ["ref", "Street.Category0.Label.Outline.Color"], "Street.Category0.Color": ["interpolate", ["linear"], ["zoom"], 5, "#4a5c6e", 6, "#506274", 7, "#516577", 8, "#516577", 10, "#586b7b", 11, "#718596", 13, "#758ca1", 16, "#7d95a6"], "Street.Category0.Outline.Color": "#000000", "Street.Category0.Centerline.Color": ["interpolate", ["linear"], ["zoom"], 6, "#30414a", 8, "#30424c", 11, "#405967", 13, "#4c6a79", 16, "#4d6570"], "Street.Category0.Width": ["interpolate", ["linear"], ["zoom"], 0, 1.1, 5, 1.1, 6, 1.4, 7, 1.55, 8, 2, 9, 2.65, 10, 2.95, 11, 3.4, 12, 4.35, 13, 4.7, 14, 5.9, 15, 8.65, 16, 11.15, 17, 13.65, 18, 22.9, 19, 28.5, 20, 44.6, 24, 304.8], "Street.Category0.Ramp.Width": ["interpolate", ["linear"], ["zoom"], 13, 2, 14, 2.9, 15, 4.3, 16, 5.5, 17, 6.8, 18, 11.45, 19, 14.25, 20, 22.3, 24, 152.4], "Street.Category0.Label.Color": "#b1c5cb", "Street.Category0.Label.Outline.Color": ["interpolate", ["linear"], ["zoom"], 12, "#0f1113f2", 14, "#0f1113d9", 17, "#0f1113cc"], "Street.Category4.Toll.Color": ["ref", "Street.Category4.Color"], "Street.Category4.Toll.Outline.Color": ["ref", "Street.Category4.Outline.Color"], "Street.Category4.Tunnel.Color": ["interpolate", ["linear"], ["zoom"], 13, "#232f3e", 14.5, "#283342", 14.5, "#1b2633", 15.5, "#19212c", 17, "#232f39"], "Street.Category4.Tunnel.Outline.Color": ["interpolate", ["linear"], ["zoom"], 13, "#5b687a", 14.5, "#5e6c7b", 14.5, "#556375", 15.5, "#545f72", 17, "#5c6a77"], "Street.Category4.Unpaved.Color": ["interpolate", ["linear"], ["zoom"], 13, "#2b3033", 15, "#2e343a"], "Street.Category4.Unpaved.Outline.Color": ["ref", "Street.Category4.Outline.Color"], "Street.Category4.RestrictedAccessUnpaved.Outline.Color": ["interpolate", ["linear"], ["zoom"], 17, "#27272700", 18, "#272727", 19, "#000000"], "Street.Category4.Bridge.Color": "#16161659", "Street.Category4.Label.Toll.Outline.Color": ["ref", "Street.Category4.Label.Outline.Color"], "Street.Category4.Label.Unpaved.Color": "#707478", "Street.Category4.Label.Unpaved.Outline.Color": ["ref", "Street.Category4.Label.Outline.Color"], "Street.Category3.Toll.Color": ["ref", "Street.Category3.Color"], "Street.Category3.Toll.Outline.Color": ["ref", "Street.Category3.Outline.Color"], "Street.Category3.Tunnel.Color": ["interpolate", ["linear"], ["zoom"], 11, "#2c3846", 11.9, "#303c4a", 12, "#303c4a", 13, "#283342", 14, "#283342", 17, "#232f39"], "Street.Category3.Tunnel.Outline.Color": ["interpolate", ["linear"], ["zoom"], 11.9, "#6b7785", 12, "#6e7888", 13, "#667484", 17, "#5c6a77"], "Street.Category3.Unpaved.Color": ["interpolate", ["linear"], ["zoom"], 9, "#2c3034", 15, "#2e343a"], "Street.Category3.Unpaved.Outline.Color": ["ref", "Street.Category3.Outline.Color"], "Street.Category3.Bridge.Color": "#16161659", "Street.Category3.Label.Toll.Outline.Color": ["ref", "Street.Category3.Label.Outline.Color"], "Street.Category3.Label.Unpaved.Color": ["ref", "Street.Category4.Label.Unpaved.Color"], "Street.Category3.Label.Unpaved.Outline.Color": ["ref", "Street.Category3.Label.Outline.Color"], "Street.Category2.Toll.Color": ["ref", "Street.Category2.Color"], "Street.Category2.Toll.Outline.Color": ["ref", "Street.Category2.Outline.Color"], "Street.Category2.Tunnel.Color": ["interpolate", ["linear"], ["zoom"], 8, "#1d232d", 10, "#1f2731", 12, "#2d3746", 13, "#2a3340", 16, "#323f4c"], "Street.Category2.Tunnel.Outline.Color": ["interpolate", ["linear"], ["zoom"], 8, "#596370", 10, "#5b6672", 12, "#616c7c", 13, "#626c7a", 16, "#65727f"], "Street.Category2.Unpaved.Color": ["interpolate", ["linear"], ["zoom"], 9, "#32302f", 14, "#37393e"], "Street.Category2.Unpaved.Outline.Color": ["ref", "Street.Category2.Outline.Color"], "Street.Category2.Bridge.Color": "#16161659", "Street.Category2.Label.Toll.Outline.Color": ["ref", "Street.Category2.Label.Outline.Color"], "Street.Category2.Label.Unpaved.Color": "#7c8385", "Street.Category2.Label.Unpaved.Outline.Color": ["ref", "Street.Category2.Label.Outline.Color"], "Street.Category1.Toll.Color": ["ref", "Street.Category1.Color"], "Street.Category1.Toll.Outline.Color": ["ref", "Street.Category1.Outline.Color"], "Street.Category1.Tunnel.Color": ["interpolate", ["linear"], ["zoom"], 5, "#26323c", 8, "#27323c", 10, "#2f3b45", 11, "#35414e", 13, "#3f4e5b", 16, "#495765"], "Street.Category1.Tunnel.Outline.Color": ["interpolate", ["linear"], ["zoom"], 5, "#4e5d6a", 8, "#505d6a", 10, "#596571", 11, "#5d6b78", 13, "#667583", 16, "#717e8b"], "Street.Category1.Unpaved.Color": ["interpolate", ["linear"], ["zoom"], 9, "#3a3837", 12, "#3e4045"], "Street.Category1.Unpaved.Outline.Color": ["ref", "Street.Category1.Outline.Color"], "Street.Category1.Bridge.Color": "#16161659", "Street.Category1.Label.Toll.Outline.Color": ["ref", "Street.Category1.Label.Outline.Color"], "Street.Category1.Label.Unpaved.Color": "#868c8d", "Street.Category1.Label.Unpaved.Outline.Color": ["ref", "Street.Category1.Label.Outline.Color"], "Street.Category0.Toll.Color": ["ref", "Street.Category0.Color"], "Street.Category0.Toll.Outline.Color": ["ref", "Street.Category0.Outline.Color"], "Street.Category0.Tunnel.Color": ["interpolate", ["linear"], ["zoom"], 5, "#344150", 6, "#374655", 7, "#384857", 10, "#3d4d5a", 11, "#4e5f6e", 13, "#516475", 16, "#576b79"], "Street.Category0.Tunnel.Outline.Color": ["interpolate", ["linear"], ["zoom"], 5, "#485564", 6, "#4b5969", 8, "#4c5b69", 10, "#62717e", 13, "#657685", 16, "#6a7c88"], "Street.Category0.Unpaved.Color": ["ref", "Street.Category1.Unpaved.Color"], "Street.Category0.Unpaved.Outline.Color": ["ref", "Street.Category1.Unpaved.Outline.Color"], "Street.Category0.Toll.Centerline.Color": ["ref", "Street.Category0.Centerline.Color"], "Street.Category0.Tunnel.Centerline.Color": ["interpolate", ["linear"], ["zoom"], 6, "#2c3640", 8, "#2f3b46", 13, "#44525e", 16, "#44525e"], "Street.Category0.Bridge.Color": "#16161659", "Street.Category0.Label.Toll.Outline.Color": ["ref", "Street.Category0.Label.Outline.Color"], "Street.Category0.Label.Unpaved.Color": ["ref", "Street.Category1.Label.Unpaved.Color"], "Street.Category0.Label.Unpaved.Outline.Color": ["ref", "Street.Category1.Label.Unpaved.Outline.Color"], "Street.Walkway.Color": ["interpolate", ["linear"], ["zoom"], 14, "#0a2d31", 15, "#09282c", 16, "#0a2d31", 17, "#0b3237"], "Street.Walkway.RTS.Color": ["interpolate", ["linear"], ["zoom"], 15, "#0a292e", 16, "#0b2d32", 17, "#0b2f35"], "Street.Walkway.Bridge.Color": "#020b0da6", "Street.Walkway.Bridge.Baseline.Color": "#11202c", "Street.Walkway.Outline.Color": "#0101017d", "Street.Walkway.Unpaved.Color": ["ref", "Street.Walkway.Color"], "Street.Walkway.Unpaved.Outline.Color": ["ref", "Street.Walkway.Outline.Color"], "Street.Walkway.Label.Color": "#5e6672", "Street.Walkway.Label.Outline.Color": "#0c0f10cc", "Street.Walkway.Label.Unpaved.Outline.Color": ["ref", "Street.Walkway.Label.Outline.Color"], "Street.Pedestrian.Color": ["interpolate", ["linear"], ["zoom"], 14, "#2d414c", 15, "#2c404b", 16, "#303e48"], "Street.Pedestrian.RTS.Color": ["interpolate", ["linear"], ["zoom"], 15, "#2c404b", 16, "#303e48"], "Street.Pedestrian.Outline.Color": ["interpolate", ["linear"], ["zoom"], 16, "#2f3537", 17, "#080809"], "Street.Pedestrian.Bridge.Color": ["ref", "Street.Walkway.Bridge.Color"], "Street.Pedestrian.Bridge.Baseline.Color": ["ref", "Street.Walkway.Bridge.Baseline.Color"], "Street.Pedestrian.Tunnel.Color": ["ref", "Street.Pedestrian.Color"], "Street.Pedestrian.Unpaved.Color": "#2f3537", "Street.Pedestrian.Unpaved.Outline.Color": ["ref", "Street.Pedestrian.Outline.Color"], "Street.Pedestrian.Label.Color": "#707d8a", "Street.Pedestrian.Label.Outline.Color": ["interpolate", ["linear"], ["zoom"], 12, "#0c0c0df2", 14, "#0c0c0dd9", 17, "#0c0c0dcc"], "Street.Pedestrian.Label.Unpaved.Color": "#6b6e73", "Street.Pedestrian.Label.Unpaved.Outline.Color": ["ref", "Street.Pedestrian.Label.Outline.Color"], "Street.Category0.Arrow.Color": ["interpolate", ["linear"], ["zoom"], 16, "#4f6a7900", 16.5, "#4f6a79", 18, "#5f7a89"], "Street.Category0.Arrow.Toll.Color": ["ref", "Street.Category0.Arrow.Color"], "Street.Category0.Arrow.Tunnel.Color": ["interpolate", ["linear"], ["zoom"], 16.75, "#4f5e6d00", 17, "#4f5e6d", 20, "#4f5e6d", 24, "#556570"], "Street.Category0.Arrow.TollTunnel.Color": ["ref", "Street.Category0.Arrow.Tunnel.Color"], "Street.Category0.Arrow.Unpaved.Color": ["ref", "Street.Category1.Arrow.Unpaved.Color"], "Street.Category1.Arrow.Color": ["interpolate", ["linear"], ["zoom"], 16, "#4f5c6f00", 16.5, "#4f5c6f", 18, "#576477"], "Street.Category1.Arrow.Toll.Color": ["ref", "Street.Category1.Arrow.Color"], "Street.Category1.Arrow.Tunnel.Color": ["interpolate", ["linear"], ["zoom"], 16.75, "#3d495500", 17, "#3d4955", 20, "#3d4955", 24, "#47525e"], "Street.Category1.Arrow.TollTunnel.Color": ["ref", "Street.Category1.Arrow.Tunnel.Color"], "Street.Category1.Arrow.Unpaved.Color": ["interpolate", ["linear"], ["zoom"], 16, "#383e4600", 16.5, "#383e46"], "Street.Category2.Arrow.Color": ["interpolate", ["linear"], ["zoom"], 16.5, "#303e4a00", 17, "#303e4a", 18, "#384855"], "Street.Category2.Arrow.Toll.Color": ["ref", "Street.Category2.Arrow.Color"], "Street.Category2.Arrow.Tunnel.Color": ["interpolate", ["linear"], ["zoom"], 17, "#1c222900", 17.25, "#1c2229", 20, "#1c2229", 24, "#222931"], "Street.Category2.Arrow.TollTunnel.Color": ["ref", "Street.Category2.Arrow.Tunnel.Color"], "Street.Category2.Arrow.Unpaved.Color": ["interpolate", ["linear"], ["zoom"], 16.5, "#2a313700", 17, "#2a3137"], "Street.Category3.Arrow.Color": ["interpolate", ["linear"], ["zoom"], 16.5, "#232e3700", 17, "#232e37", 18, "#26323c"], "Street.Category3.Arrow.Toll.Color": ["ref", "Street.Category3.Arrow.Color"], "Street.Category3.Arrow.Tunnel.Color": ["interpolate", ["linear"], ["zoom"], 17, "#1a222a00", 17.25, "#1a222a", 20, "#1a222a", 24, "#171e24"], "Street.Category3.Arrow.TollTunnel.Color": ["ref", "Street.Category3.Arrow.Tunnel.Color"], "Street.Category3.Arrow.Unpaved.Color": ["interpolate", ["linear"], ["zoom"], 16.5, "#23282c00", 17, "#23282c"], "Street.Category4.Arrow.Color": ["interpolate", ["linear"], ["zoom"], 17, "#232e3700", 17.5, "#232e37", 18.5, "#26323c"], "Street.Category4.Arrow.RestrictedAccess.Color": ["interpolate", ["linear"], ["zoom"], 18, "#232e3700", 18.25, "#232e37", 18.5, "#26323c"], "Street.Category4.Arrow.Toll.Color": ["ref", "Street.Category4.Arrow.Color"], "Street.Category4.Arrow.Tunnel.Color": ["interpolate", ["linear"], ["zoom"], 17.25, "#11151c00", 17.5, "#11151c", 20, "#11151c", 24, "#171e24"], "Street.Category4.Arrow.TollTunnel.Color": ["ref", "Street.Category4.Arrow.Tunnel.Color"], "Street.Category4.Arrow.Unpaved.Color": ["interpolate", ["linear"], ["zoom"], 17, "#23282c00", 17.5, "#23282c"], "PolygonalRoads.Category0.Color": ["interpolate", ["linear"], ["zoom"], 17, "#7d95a6", 18, "#637284"], "PolygonalRoads.Category1.Color": ["interpolate", ["linear"], ["zoom"], 17, "#69798a", 18, "#485869"], "PolygonalRoads.Category2.Color": "#485869", "PolygonalRoads.Category3.Color": ["interpolate", ["linear"], ["zoom"], 17, "#32414e", 18, "#485869"], "PolygonalRoads.Category4.Color": ["interpolate", ["linear"], ["zoom"], 17, "#32414e", 18, "#485869"], "PolygonalRoads.Category0.Unpaved.Color": ["ref", "PolygonalRoads.Category1.Unpaved.Color"], "PolygonalRoads.Category1.Unpaved.Color": "#404247", "PolygonalRoads.Category2.Unpaved.Color": ["interpolate", ["linear"], ["zoom"], 17, "#37393e", 18, "#404247"], "PolygonalRoads.Category3.Unpaved.Color": ["interpolate", ["linear"], ["zoom"], 17, "#2e343a", 18, "#404247"], "PolygonalRoads.Category4.Unpaved.Color": ["interpolate", ["linear"], ["zoom"], 17, "#2e343a", 18, "#404247"], "PolygonalRoads.Category0.Tunnel.Color": ["interpolate", ["linear"], ["zoom"], 17, "#576b79", 18, "#63728480"], "PolygonalRoads.Category1.Tunnel.Color": ["interpolate", ["linear"], ["zoom"], 17, "#495765", 18, "#48586980"], "PolygonalRoads.Category2.Tunnel.Color": ["interpolate", ["linear"], ["zoom"], 17, "#323f4c", 17, "#48586980"], "PolygonalRoads.Category3.Tunnel.Color": ["interpolate", ["linear"], ["zoom"], 17, "#232f39", 18, "#48586980"], "PolygonalRoads.Category4.Tunnel.Color": ["interpolate", ["linear"], ["zoom"], 17, "#232f39", 18, "#48586980"], "PolygonalRoads.Category0.Outline.Color": "#36404d", "PolygonalRoads.Category1.Outline.Color": ["ref", "PolygonalRoads.Category0.Outline.Color"], "PolygonalRoads.Category2.Outline.Color": ["ref", "PolygonalRoads.Category0.Outline.Color"], "PolygonalRoads.Category3.Outline.Color": ["ref", "PolygonalRoads.Category0.Outline.Color"], "PolygonalRoads.Category4.Outline.Color": ["ref", "PolygonalRoads.Category0.Outline.Color"], "PolygonalRoads.Category0.Unpaved.Outline.Color": "#27282b", "PolygonalRoads.Category1.Unpaved.Outline.Color": ["ref", "PolygonalRoads.Category0.Unpaved.Outline.Color"], "PolygonalRoads.Category2.Unpaved.Outline.Color": ["ref", "PolygonalRoads.Category0.Unpaved.Outline.Color"], "PolygonalRoads.Category3.Unpaved.Outline.Color": ["ref", "PolygonalRoads.Category0.Unpaved.Outline.Color"], "PolygonalRoads.Category4.Unpaved.Outline.Color": ["ref", "PolygonalRoads.Category0.Unpaved.Outline.Color"], "PolygonalRoads.Category0.Tunnel.Outline.Color": ["interpolate", ["linear"], ["zoom"], 17, "#6a7c88", 18, "#6a7c884d"], "PolygonalRoads.Category1.Tunnel.Outline.Color": ["ref", "PolygonalRoads.Category0.Tunnel.Outline.Color"], "PolygonalRoads.Category2.Tunnel.Outline.Color": ["ref", "PolygonalRoads.Category0.Tunnel.Outline.Color"], "PolygonalRoads.Category3.Tunnel.Outline.Color": ["ref", "PolygonalRoads.Category0.Tunnel.Outline.Color"], "PolygonalRoads.Category4.Tunnel.Outline.Color": ["ref", "PolygonalRoads.Category0.Tunnel.Outline.Color"], "PolygonalRoads.BikeLane.Color": ["interpolate", ["linear"], ["zoom"], 17.75, "#404f6100", 18, "#404f61"], "PolygonalRoads.BikeLane.Tunnel.Color": ["interpolate", ["linear"], ["zoom"], 17.75, "#404f6100", 18, "#404f6170"], "PolygonalRoads.HOVLane.Color": ["interpolate", ["linear"], ["zoom"], 17.75, "#36405100", 18, "#36405130"], "PolygonalRoads.HOVLane.Tunnel.Color": ["interpolate", ["linear"], ["zoom"], 17.75, "#36405100", 18, "#36405170"], "PolygonalRoads.LaneMarking.White.Color": ["interpolate", ["linear"], ["zoom"], 17.75, "#b8c1cc00", 18, "#b8c1cc80"], "PolygonalRoads.LaneMarking.White.Tunnel.Color": ["interpolate", ["linear"], ["zoom"], 17.75, "#b8c1cc00", 18, "#b8c1cc4d"], "PolygonalRoads.LaneMarking.Yellow.Color": ["interpolate", ["linear"], ["zoom"], 17.75, "#d1c46200", 18, "#d1c46280"], "PolygonalRoads.LaneMarking.Yellow.Tunnel.Color": ["interpolate", ["linear"], ["zoom"], 17.75, "#d1c46200", 18, "#d1c4624d"], "PolygonalRoads.LaneMarking.Orange.Color": ["interpolate", ["linear"], ["zoom"], 17.75, "#e6995e00", 18, "#e6995e80"], "PolygonalRoads.LaneMarking.Orange.Tunnel.Color": ["interpolate", ["linear"], ["zoom"], 17.75, "#e6995e00", 18, "#e6995e4d"], "PolygonalRoads.LaneMarking.Red.Color": ["interpolate", ["linear"], ["zoom"], 17.75, "#e34f6400", 18, "#e34f6480"], "PolygonalRoads.LaneMarking.Red.Tunnel.Color": ["interpolate", ["linear"], ["zoom"], 17.75, "#e34f6400", 18, "#e34f644d"], "CountryBoundary.Color": ["interpolate", ["linear"], ["zoom"], 0, "#332429", 4, "#40252b", 6, "#532c33", 11, "#572833", 13, "#502630"], "CountryBoundary.Outline.Color": ["interpolate", ["linear"], ["zoom"], 0, "#69293600", 4, "#6929361a", 6, "#6929362e"], "CountryBoundary.Disputed.Color": ["ref", "CountryBoundary.Color"], "CountryBoundary.Disputed.Outline.Color": ["ref", "CountryBoundary.Outline.Color"], "StateBoundary.Gap.Length": ["step", ["zoom"], 0, 8, 2, 10, 2, 15, 3], "StateBoundary.Dash.Length": ["step", ["zoom"], 0, 8, 2.5, 10, 2.5, 15, 4], "StateBoundary.Color": ["interpolate", ["linear"], ["zoom"], 8, "#311b20", 8, "#3d2329", 10, "#4b232c", 15, "#401f26"], "StateBoundary.Outline.Color": "#481f2b33", "StateBoundary.Disputed.Color": ["ref", "StateBoundary.Color"], "StateBoundary.Disputed.Outline.Color": ["ref", "StateBoundary.Outline.Color"], "Continent.Label.Color": "#88898acc", "Continent.Label.Outline.Color": "#25262699", "Country.Label.Color": "#a3677ccc", "Country.Label.Outline.Color": ["interpolate", ["linear"], ["zoom"], 5, "#24111766", 6, "#241117bf"], "State.Label.Color": "#694651", "State.Label.Outline.Color": "#180c10bf", "CityCenter.Class1.Label.Color": "#cec0c5", "CityCenter.Class1.Label.Outline.Color": "#050a14", "CityCenter.Class2.Label.Color": ["interpolate", ["linear"], ["zoom"], 4, "#a4999e", 5, "#c7b9bf"], "CityCenter.Class2.Label.Outline.Color": ["ref", "CityCenter.Class1.Label.Outline.Color"], "CityCenter.Class3.Label.Color": ["interpolate", ["linear"], ["zoom"], 5, "#a1969b", 8, "#aba0a6"], "CityCenter.Class3.Label.Outline.Color": ["ref", "CityCenter.Class1.Label.Outline.Color"], "CityCenter.Class4.Label.Color": ["interpolate", ["linear"], ["zoom"], 7, "#9b9195", 9, "#b0a4a9"], "CityCenter.Class4.Label.Outline.Color": ["ref", "CityCenter.Class1.Label.Outline.Color"], "CityCenter.Class5.Label.Color": ["interpolate", ["linear"], ["zoom"], 9, "#a19599", 11, "#b7a9ad"], "CityCenter.Class5.Label.Outline.Color": ["ref", "CityCenter.Class1.Label.Outline.Color"], "CityCenter.Class6.Label.Color": ["interpolate", ["linear"], ["zoom"], 11, "#9e9095", 13, "#b3a3a9"], "CityCenter.Class6.Label.Outline.Color": ["ref", "CityCenter.Class1.Label.Outline.Color"], "CityCenter.Class7.Label.Color": ["interpolate", ["linear"], ["zoom"], 12, "#9a8e92", 14, "#afa1a5"], "CityCenter.Class7.Label.Outline.Color": ["ref", "CityCenter.Class1.Label.Outline.Color"], "CityCenter.Hamlet.Label.Color": ["interpolate", ["linear"], ["zoom"], 14, "#9a9093", 15, "#a5999d"], "CityCenter.Hamlet.Label.Outline.Color": "#050a14", "Neighborhood.Label.Color": ["interpolate", ["linear"], ["zoom"], 14, "#9a9093", 15, "#a5999d"], "Neighborhood.Label.Outline.Color": "#080611b5", "POI.Accomodation.Label.Color": "#8e83ac", "POI.Accomodation.Label.Outline.Color": "#00001d", "POI.Automotive.Label.Color": "#5f8eb0", "POI.Automotive.Label.Outline.Color": "#00112b", "POI.BusinessServicesAreas.Label.Color": "#81899b", "POI.BusinessServicesAreas.Label.Outline.Color": "#010b1b", "POI.EatDrink.Label.Color": "#ab805d", "POI.EatDrink.Label.Outline.Color": "#290000", "POI.Emergency.Label.Color": "#bf7481", "POI.Emergency.Label.Outline.Color": "#2e0000", "POI.Entertainment.Label.Color": "#be7294", "POI.Entertainment.Label.Outline.Color": "#310016", "POI.Facilities.Label.Color": "#978581", "POI.Facilities.Label.Outline.Color": "#050000", "POI.LeisureOutdoor.Label.Color": "#609292", "POI.LeisureOutdoor.Label.Outline.Color": "#000000", "POI.Shopping.Label.Color": "#b972a2", "POI.Shopping.Label.Outline.Color": "#2e0020", "POI.SightsMuseum.Label.Color": "#9e7ea6", "POI.SightsMuseum.Label.Outline.Color": "#110017", "POI.TransitStop.Label.Color": "#718ab7", "POI.TransitStop.Label.Outline.Color": "#000026", "POI.Generic.Label.Color": "#828a8f", "POI.Generic.Label.Outline.Color": "#020d12", "POI.Label.Outline.Width": 1, "Terrain.Shading.Shadow.Color": "#00000033", "Terrain.Shading.Factor": 4, "Terrain.Shading.Highlight.Color": "#2b35401c", "Polygon.Ambient.Factor": 0.69, "Polygon.Diffuse.Factor": 1, "Land.PolygonLighting.Enabled": false, "Water.PolygonLighting.Enabled": false, "Shadow.Color": "#000817b2", "AmbientOcclusion.Intensity": ["interpolate", ["linear"], ["zoom"], 17, 0, 17.5, 0.5, 19, 0.5, 20, 0.6], "ExtrudedBuilding.Specular.Factor": 0, "ExtrudedBuilding.Roof.Shininess": 1, "ExtrudedBuilding.FakeAO.Height": 3, "ExtrudedBuilding.Color": "#192938b3", "ExtrudedBuilding.Outline.Color": ["interpolate", ["linear"], ["zoom"], 17.5, "#171b2edd", 18, "#13172add"], "Building.Color": "#1f324680", "Building.Outline.Color": ["interpolate", ["linear"], ["zoom"], 16, "#00000026", 20, "#0000004d"], "Building.Label.Color": "#5a667b", "Building.Label.Outline.Color": "#141414", "BuildingAddress.Label.Color": "#48566d", "BuildingAddress.Label.Outline.Color": "#191e26", "Landmark.Color": "#385066b3", "AdvancedBuilding.Color": "#26364640", "Advanced.Buildings.Textured": true, "Landmark.FakeAO.Color": "#162838dd", "Landmark.FakeAO.Height": 3, "Landmark.Gradient.Color": "#16283800", "Landmark.Darken": 0, "Landmark.Shininess": 70, "Chairlift.Line.Color": "#7d8a9e", "Chairlift.Label.Color": "#adbace", "Chairlift.Label.Outline.Color": "#1c1d1d", "Chairlift.Label.Outline.Width": 1, "SkiRun.Line.Color": "#3d474e", "SkiRun.Label.Color": "#8b9096", "SkiRun.Label.Outline.Color": "#1c1d21", "SkiRun.Outline.Width": 0, "SkiRun.Arrow.Color": ["interpolate", ["linear"], ["zoom"], 17, "#7c818200", 18, "#7c8182"], "Fog.Distance.Color": "#11141a", "Sky.Top.Color": "#000000", "Sky.Intermediate.Color": "#040a14", "Sky.Bottom.Color": ["interpolate", ["linear"], ["zoom"], 7, "#031426", 9, "#040b17"], "Halo.Horizon.Color": ["interpolate", ["linear"], ["zoom"], 0, "#093666", 2, "#082d54", 7, "#082d54", 8.5, "#031426"], "Halo.Sky.Color": "#000000", "Truck.Label.Color.Inactive": "#372f2f", "Truck.Color": "#4207b8", "Truck.Color.Inactive": "#57437a", "Street.TruckPreferred.Category0.Color": ["interpolate", ["linear"], ["zoom"], 8, "#992699cc", 10, "#99269999", 12, "#99269980", 14, "#99269973", 16, "#99269966", 18, "#99269959", 20, "#9926994d"], "Traffic.Flow.Free.Color": "#3d8358", "Traffic.Flow.Free.Outline.Color": "#224a35", "Traffic.Flow.SlowMinor.Color": "#b7a143", "Traffic.Flow.SlowMinor.Outline.Color": "#5b2238", "Traffic.Flow.StationaryQueuing.Color": "#aa1c25", "Traffic.Flow.StationaryQueuing.Outline.Color": "#831621", "Traffic.Flow.Blocking.Color": "#bcb1b7", "Traffic.Flow.Blocking.Second.Color": "#c8282f", "Traffic.Flow.Blocking.Outline.Color": "#8b1521", "Traffic.Incident.Color": "#0000008c", "Traffic.Incident.Outline.Color": "#9aaab3", "Traffic.Icon.Brightness": 1, "Traffic.OnRoute.Free.Color": "#2e543800", "Traffic.OnRoute.SlowMinor.Color": "#f5c08e", "Traffic.OnRoute.StationaryQueuing.Color": "#f03261", "Traffic.OnRoute.Blocking.Color": ["ref", "Traffic.OnRoute.StationaryQueuing.Color"], "Traffic.OnRoute.Outline.Color": "#ffffff00", "Route.Active.Color": "#3168ff", "Route.Active.Outline.Color": "#5096ff", "Route.Alternative1.Color": "#305393", "Route.Alternative1.Outline.Color": "#447ebc", "Route.Alternative2.Color": "#23396c", "Route.Alternative2.Outline.Color": "#275e9a", "Route.Traveled.Color": "#3d4866", "Route.Traveled.Outline.Color": "#67768e", "RoadShield.Icon.Lookup.FontColorLight": ["ref", "RoadShield.Icon.Lookup.FontColorDark"], "RemainingRangeEV.Line.Color": "#17adb3", "RemainingRangeEV.Outline.Color": "#ffffff", "RemainingRangeEV.Outline.Width": ["ref", "RemainingRangeEV.Line.Width"], "RemainingRangeEV.OuterGradient.Color": ["interpolate", ["linear"], ["zoom"], 0, "#00bbc400", 3, "#00bbc4b3"], "RemainingRangeEV.InnerGradient.Color": "#00bbc400", "EnvironmentalZone.Color": ["interpolate", ["linear"], ["zoom"], 0, "#13909f33", 9, "#13909f26", 10, "#13909f26", 11, "#13909f21", 12, "#13909f1a", 13, "#13909f0d", 20, "#13909f03"], "CongestionZone.Color": ["interpolate", ["linear"], ["zoom"], 0, "#73077333", 9, "#73077326", 10, "#73077326", 11, "#73077321", 12, "#7307731a", 13, "#7307730d", 20, "#73077303"], "EnvironmentalZone.Outline.Color": ["interpolate", ["linear"], ["zoom"], 12, "#0c636c", 15, "#03717dcc"], "EnvironmentalZone.SecondOutline.Color": ["interpolate", ["linear"], ["zoom"], 12, "#00536426", 15, "#00617733"], "CongestionZone.Outline.Color": ["interpolate", ["linear"], ["zoom"], 12, "#8b368b", 15, "#8b2e8dcc"], "CongestionZone.SecondOutline.Color": ["interpolate", ["linear"], ["zoom"], 12, "#a400a726", 15, "#a400a926"], "EnvironmentalZone.Label.Color": ["interpolate", ["linear"], ["zoom"], 12, "#65929c", 15, "#749fa4"], "CongestionZone.Label.Color": "#936895", "EnvironmentalZone.Label.Outline.Color": "#001d20", "CongestionZone.Label.Outline.Color": "#270028", "EnvironmentalZone.Label.Outline.Width": 1, "CongestionZone.Label.Outline.Width": 1, "LandParcelBoundary.Width": ["interpolate", ["linear"], ["zoom"], 16.5, 0, 16.5, 0.35, 20, 0.4, 24, 0.6], "LandParcelBoundary.Color": "#323d4764", "ExitInfo.Number.Label.Color": "#292e36", "ExitInfo.Number.Label.AMER.Color": "#e1e1e1", "Transit.Outline.Color": "#000000", "Transit.HighSpeed.Line.Color": "#495d8c", "Transit.Suburban.Line.Color": "#006b35", "Transit.Ferry.Line.Color": "#1d4a73", "Transit.Line.Color.Darken": 0.05, "Transit.Label.Outline.Color.Darken": 0.08, "Transit.Fallback.Label.Outline.Color.Darken": 0.03, "Transit.HighSpeed.Label.Outline.Color.Darken": ["ref", "Transit.Fallback.Label.Outline.Color.Darken"], "Transit.Intercity.Label.Outline.Color.Darken": ["ref", "Transit.Fallback.Label.Outline.Color.Darken"], "Transit.Regional.Label.Outline.Color.Darken": ["ref", "Transit.Fallback.Label.Outline.Color.Darken"], "Transit.Train.Label.Outline.Color.Darken": ["ref", "Transit.Fallback.Label.Outline.Color.Darken"], "Transit.Suburban.Label.Outline.Color.Darken": ["ref", "Transit.Fallback.Label.Outline.Color.Darken"], "Transit.Ferry.Label.Outline.Color.Darken": ["ref", "Transit.Fallback.Label.Outline.Color.Darken"], "PTFeature.POI.TransitStop.Label.Color": "#718ab7", "PTFeature.POI.TransitStop.Label.Outline.Color": "#000026", "PTFeature.Street.Category0.Label.Outline.Color": "#0f1113", "PTFeature.Street.Category1.Label.Outline.Color": ["ref", "PTFeature.Street.Category0.Label.Outline.Color"], "PTFeature.Street.Category2.Label.Outline.Color": "#131618", "PTFeature.Street.Category3.Label.Outline.Color": ["ref", "PTFeature.Street.Category2.Label.Outline.Color"], "PTFeature.Street.Category4.Label.Outline.Color": "#0d1011", "ContourLine.Counting.Color": ["interpolate", ["linear"], ["zoom"], 11, "#7b7b7b05", 12, "#7b7b7b26", 13, "#7b7b7b27", 15, "#7b7b7b28", 16, "#7b7b7b21"], "ContourLine.Color": ["interpolate", ["linear"], ["zoom"], 11, "#7b7b7b15", 12, "#7b7b7b16", 13, "#7b7b7b17", 15, "#7b7b7b14"], "ContourLine.Label.Color": ["interpolate", ["linear"], ["zoom"], 15, "#79797974", 17, "#7b7b7b73"], "ContourLine.Label.Outline.Color": "#0e1714b8"}}