{"definitions": {"Sky.Reference.Top": 0.85, "Sky.Top.Color": "#2271bf", "Sky.Intermediate.Color": ["interpolate", ["linear"], ["zoom"], 7, "#8ebced", 9, "#c7dbf1"], "Sky.Bottom.Color": ["interpolate", ["linear"], ["zoom"], 7, "#9ac2ed", 9, "#edf2f9"], "Sky.Intermediate.Percent": 15, "Sky.Horizon.BlendRange": ["interpolate", ["linear"], ["zoom"], 7, 0.4, 8, 0.3, 10, 0.15], "Sky.AltitudeFade.Start": 185000, "Sky.AltitudeFade.End": 400000, "Fog.Distance.Color": "#c8e1fa", "Fog.Density": 0, "Fog.GlobalHorizon.Density": ["interpolate", ["linear"], ["zoom"], 0, 2.5, 1, 2.25, 2, 1.4, 3, 0.9, 4, 0.6, 5, 0.5, 6, 0.6, 7, 1, 8, 3, 9, 0], "Fog.Global.Width": ["interpolate", ["linear"], ["zoom"], 0, 0.15, 1, 0.15, 2, 0.15, 3, 0.11, 4, 0.11, 5, 0.1, 6, 0.09, 7, 0.08, 8, 0.07, 9, 0], "Halo.LowOrbit.Size": ["interpolate", ["linear"], ["zoom"], 3, 1.07, 6, 1.08, 8, 1.1], "Halo.HighOrbit.Size": ["interpolate", ["linear"], ["zoom"], 0, 0.97, 1, 0.99, 2, 1], "Land.Color": ["interpolate", ["linear"], ["zoom"], 0, "#fbfbfb", 10, "#fbfdff", 16, "#f4f8fa"], "BuiltupArea.Color": ["interpolate", ["linear"], ["zoom"], 5, "#f0f4fa", 12, "#f1f6f9", 15, "#f1f6f9", 16, "#eef4f8"], "Woodland.Color": ["interpolate", ["linear"], ["zoom"], 8, "#daf9ea", 15, "#d0f8e5"], "Woodland.Label.Size": ["interpolate", ["linear"], ["zoom"], 12, 0, 12, 9, 13, 10, 15, 10, 16, 11, 20, 11, 24, 13.2], "Woodland.Label.Color": "#387e5a", "Woodland.Label.Outline.Color": "#f0f7f4e6", "Woodland.Label.Outline.Width": ["ref", "Park.Label.Outline.Width"], "Park.Label.Size": ["interpolate", ["linear"], ["zoom"], 12, 0, 12, 10, 15, 10, 16, 11, 20, 11, 24, 13.2], "NationalPark.Color": "#a4f0d541", "NationalPark.Outline.Color": ["interpolate", ["linear"], ["zoom"], 7, "#85e5c266", 15, "#77e4bc66"], "NationalPark.SecondOutline.Color": ["interpolate", ["linear"], ["zoom"], 10, "#bbf1dd33", 15, "#b8e3cc33"], "NationalPark.Outline.Width": ["interpolate", ["linear"], ["zoom"], 7, 0, 8, 0.6, 15, 0.75, 17, 1.05], "NationalPark.SecondOutline.Width": ["interpolate", ["linear"], ["zoom"], 10, 0, 20, 11.15], "NationalPark.Outline.Offset": ["interpolate", ["linear"], ["zoom"], 7, 0, 8, 0.3, 15, 0.4, 17, 0.5], "NationalPark.SecondOutline.Offset": ["interpolate", ["linear"], ["zoom"], 10, 0, 20, 5.55], "NationalPark.Label.Color": "#498a6f", "NationalPark.Label.Outline.Color": "#e6fbf4e6", "NationalPark.Label.Outline.Width": ["ref", "Park.Label.Outline.Width"], "NationalPark.Label.Size": ["interpolate", ["linear"], ["zoom"], 6, 0, 6, 10, 12, 10, 13, 11, 15, 11, 16, 12, 20, 12, 24, 14.4], "NationalPark.Label.Tracking": ["interpolate", ["linear"], ["zoom"], 10, 1, 14, 1, 14, 2], "NationalPark.Label.Leading": ["interpolate", ["linear"], ["zoom"], 10, 2, 14, 2, 14, 3], "WaterPark.Color": ["interpolate", ["linear"], ["zoom"], 0, "#bae8e380", 9, "#bae8e359"], "WaterPark.Outline.Color": ["interpolate", ["linear"], ["zoom"], 7, "#4ec6b14d", 16, "#4cc8b04d"], "WaterPark.SecondOutline.Color": ["interpolate", ["linear"], ["zoom"], 10, "#7fdacc24", 16, "#8fc6c124"], "WaterPark.Outline.Width": ["ref", "NationalPark.Outline.Width"], "WaterPark.SecondOutline.Width": ["ref", "NationalPark.SecondOutline.Width"], "WaterPark.Outline.Offset": ["ref", "NationalPark.Outline.Offset"], "WaterPark.SecondOutline.Offset": ["ref", "NationalPark.SecondOutline.Offset"], "WaterPark.Label.Size": ["ref", "NationalPark.Label.Size"], "WaterPark.Label.Color": "#378c82", "WaterPark.Label.Outline.Color": "#e1f6ffe6", "WaterPark.Label.Outline.Width": ["ref", "Park.Label.Outline.Width"], "Park.Color": ["interpolate", ["linear"], ["zoom"], 8, "#d2f4e7", 14, "#c0f3dc"], "Park.Label.Color": "#387e5c", "Park.Label.Outline.Color": "#e6f7efe6", "Park.Label.Outline.Width": 1.25, "Beach.Color": ["interpolate", ["linear"], ["zoom"], 9, "#f4f4a8", 11, "#f4f4c8", 13, "#f4f4ce"], "Beach.Label.Color": "#707031", "Beach.Label.Outline.Color": "#fbfbf6e6", "Beach.Label.Outline.Width": ["ref", "Park.Label.Outline.Width"], "MilitaryBase.Color": ["interpolate", ["linear"], ["zoom"], 7, "#eae6f94b", 13, "#eae6f941", 16, "#eae6f928"], "MilitaryBase.Outline.Color": ["interpolate", ["linear"], ["zoom"], 7, "#d9d4ea4d", 15, "#d5d0ea4d"], "MilitaryBase.SecondOutline.Color": ["interpolate", ["linear"], ["zoom"], 10, "#d8d4e924", 15, "#d4cfe724"], "MilitaryBase.Outline.Width": ["ref", "NationalPark.Outline.Width"], "MilitaryBase.SecondOutline.Width": ["ref", "NationalPark.SecondOutline.Width"], "MilitaryBase.Outline.Offset": ["ref", "NationalPark.Outline.Offset"], "MilitaryBase.SecondOutline.Offset": ["ref", "NationalPark.SecondOutline.Offset"], "MilitaryBase.Label.Color": "#73708b", "MilitaryBase.Label.Outline.Color": "#f5f7fce6", "MilitaryBase.Label.Outline.Width": ["ref", "Park.Label.Outline.Width"], "MilitaryBase.Label.Size": ["ref", "NationalPark.Label.Size"], "NativeReservation.Color": ["interpolate", ["linear"], ["zoom"], 7, "#fae8da4b", 13, "#fae8da3c", 16, "#fae9d828"], "NativeReservation.Outline.Color": ["interpolate", ["linear"], ["zoom"], 7, "#f2d9c666", 15, "#f2d0b666"], "NativeReservation.SecondOutline.Color": ["interpolate", ["linear"], ["zoom"], 10, "#e4d1c433", 15, "#e4d0c133"], "NativeReservation.Outline.Width": ["ref", "NationalPark.Outline.Width"], "NativeReservation.SecondOutline.Width": ["ref", "NationalPark.SecondOutline.Width"], "NativeReservation.Outline.Offset": ["ref", "NationalPark.Outline.Offset"], "NativeReservation.SecondOutline.Offset": ["ref", "NationalPark.SecondOutline.Offset"], "NativeReservation.Label.Color": "#88786d", "NativeReservation.Label.Outline.Color": "#fbf3ede6", "NativeReservation.Label.Outline.Width": 1.25, "NativeReservation.Label.Size": ["ref", "NationalPark.Label.Size"], "GolfCourse.Color": "#bcf0e4", "GolfCourse.Label.Color": "#367e6c", "GolfCourse.Label.Outline.Color": "#e4f5f3e6", "GolfCourse.Label.Outline.Width": ["ref", "Park.Label.Outline.Width"], "GolfCourse.Label.Size": ["ref", "Park.Label.Size"], "Desert.Color": ["interpolate", ["linear"], ["zoom"], 6, "#faf8f0", 10, "#fcfaf2"], "Desert.Label.Color": ["interpolate", ["linear"], ["zoom"], 0, "#978855", 10, "#978a5d"], "Desert.Label.Outline.Color": "#fbf9ede6", "Desert.Label.Outline.Width": ["ref", "Park.Label.Outline.Width"], "Desert.Label.Size": ["interpolate", ["linear"], ["zoom"], 6, 0, 6, 9, 12, 9, 13, 10, 15, 10, 16, 11, 20, 11, 24, 13.2], "Glacier.Color": ["interpolate", ["linear"], ["zoom"], 10, "#ecf7ff", 16, "#e8f4ff"], "Glacier.Label.Color": "#3c6581", "Glacier.Label.Outline.Color": "#f0f4f7e6", "Glacier.Label.Outline.Width": ["ref", "Park.Label.Outline.Width"], "Glacier.Label.Size": ["ref", "Desert.Label.Size"], "HospitalCampus.Color": "#fce6f2", "HospitalCampus.Label.Color": "#806678", "HospitalCampus.Label.Outline.Color": "#f7ecf3e6", "HospitalCampus.Label.Outline.Width": ["ref", "Park.Label.Outline.Width"], "HospitalCampus.Label.Size": ["ref", "Park.Label.Size"], "UniversityCampus.Color": "#f7f2e2", "UniversityCampus.Label.Size": ["ref", "Park.Label.Size"], "UniversityCampus.Label.Color": "#7e7666", "UniversityCampus.Label.Outline.Color": "#f7f3eae6", "UniversityCampus.Label.Outline.Width": ["ref", "Park.Label.Outline.Width"], "Cemetery.Color": "#ddf2f0", "Cemetery.Label.Color": "#5f7a76", "Cemetery.Label.Outline.Color": "#ecf7f6e6", "Cemetery.Label.Outline.Width": ["ref", "Park.Label.Outline.Width"], "Cemetery.Label.Size": ["ref", "Park.Label.Size"], "Allotment.Color": ["ref", "Cemetery.Color"], "Allotment.Label.Color": ["ref", "Cemetery.Label.Color"], "Allotment.Label.Outline.Color": ["ref", "Cemetery.Label.Outline.Color"], "Allotment.Label.Outline.Width": ["ref", "Park.Label.Outline.Width"], "Allotment.Label.Size": ["interpolate", ["linear"], ["zoom"], 15, 0, 15, 11, 16, 12, 20, 12, 24, 14.4], "SportsComplex.Color": ["ref", "Cemetery.Color"], "SportsComplex.Label.Color": ["ref", "Cemetery.Label.Color"], "SportsComplex.Label.Outline.Color": ["ref", "Cemetery.Label.Outline.Color"], "SportsComplex.Label.Outline.Width": ["ref", "Park.Label.Outline.Width"], "SportsComplex.Label.Size": ["ref", "Park.Label.Size"], "AnimalPark.Color": ["ref", "Cemetery.Color"], "AnimalPark.Label.Color": ["ref", "Cemetery.Label.Color"], "AnimalPark.Label.Outline.Color": ["ref", "Cemetery.Label.Outline.Color"], "AnimalPark.Label.Outline.Width": ["ref", "Park.Label.Outline.Width"], "AnimalPark.Label.Size": ["ref", "Park.Label.Size"], "AmusementPark.Color": ["ref", "Cemetery.Color"], "AmusementPark.Label.Color": ["ref", "Cemetery.Label.Color"], "AmusementPark.Label.Outline.Color": ["ref", "Cemetery.Label.Outline.Color"], "AmusementPark.Label.Outline.Width": ["ref", "Park.Label.Outline.Width"], "AmusementPark.Label.Size": ["ref", "Park.Label.Size"], "Beach.Label.Size": ["ref", "Park.Label.Size"], "IndustrialComplex.Color": ["interpolate", ["linear"], ["zoom"], 15, "#e7eff6", 16, "#e6f0f7"], "IndustrialComplex.Label.Size": ["ref", "Park.Label.Size"], "IndustrialComplex.Label.Color": "#63747f", "IndustrialComplex.Label.Outline.Color": "#f0f4f7e6", "IndustrialComplex.Label.Outline.Width": ["ref", "Park.Label.Outline.Width"], "Airport.Color": ["interpolate", ["linear"], ["zoom"], 9, "#e7e9fb", 13, "#eceefd"], "Airport.Label.Size": ["interpolate", ["linear"], ["zoom"], 12, 0, 12, 11, 15, 11, 16, 12, 20, 12, 24, 14.4], "Airport.Label.Color": "#676b83", "Airport.Label.Outline.Color": "#f1f2f7e6", "Airport.Label.Outline.Width": ["ref", "Park.Label.Outline.Width"], "Runway.Color": ["interpolate", ["linear"], ["zoom"], 11, "#dde2f7", 14, "#e4e6fa"], "Runway.Outline.Color": ["interpolate", ["linear"], ["zoom"], 14.5, "#cccee080", 15, "#cccee0"], "Runway.Outline.Width": ["interpolate", ["linear"], ["zoom"], 13, 0, 14, 0.1, 15, 0.15], "Runway.Outline.Offset": ["interpolate", ["linear"], ["zoom"], 13, 0, 14, 0.1, 15, 0.15], "ShoppingComplex.Color": ["ref", "IndustrialComplex.Color"], "ShoppingComplex.Label.Color": ["ref", "IndustrialComplex.Label.Color"], "ShoppingComplex.Label.Outline.Color": ["ref", "IndustrialComplex.Label.Outline.Color"], "ShoppingComplex.Label.Outline.Width": ["ref", "Park.Label.Outline.Width"], "ShoppingComplex.Label.Size": ["ref", "Park.Label.Size"], "PedestrianArea.Color": ["ref", "IndustrialComplex.Color"], "PedestrianArea.Label.Size": ["ref", "Park.Label.Size"], "PedestrianArea.Label.Color": ["ref", "IndustrialComplex.Label.Color"], "PedestrianArea.Label.Outline.Color": ["ref", "IndustrialComplex.Label.Outline.Color"], "PedestrianArea.Label.Outline.Width": ["ref", "Park.Label.Outline.Width"], "Rail.Label.Color": "#707380", "Rail.Label.Size": ["ref", "Park.Label.Size"], "Railyard.Color": ["ref", "IndustrialComplex.Color"], "Railyard.Label.Color": ["ref", "IndustrialComplex.Label.Color"], "Railyard.Label.Outline.Color": ["ref", "IndustrialComplex.Label.Outline.Color"], "Railyard.Label.Outline.Width": ["ref", "Park.Label.Outline.Width"], "Railyard.Label.Size": ["ref", "Park.Label.Size"], "HarborArea.Color": ["ref", "IndustrialComplex.Color"], "HarborArea.Label.Color": ["ref", "IndustrialComplex.Label.Color"], "HarborArea.Label.Outline.Color": ["ref", "IndustrialComplex.Label.Outline.Color"], "HarborArea.Label.Outline.Width": ["ref", "Park.Label.Outline.Width"], "HarborArea.Label.Size": ["ref", "Park.Label.Size"], "Island.Label.Color": "#308084", "Island.Label.Outline.Color": "#f5f5f5e6", "Island.Label.Outline.Width": ["ref", "Park.Label.Outline.Width"], "Island.Label.Size": ["interpolate", ["linear"], ["zoom"], 6, 0, 6, 9, 11, 10, 12, 11, 13, 11, 14, 12, 15, 12, 16, 13, 17, 13, 20, 13, 24, 15.6], "MountainRange.Label.Size": ["interpolate", ["linear"], ["zoom"], 0, 12, 10, 14, 12, 15, 13, 17, 13, 0, 24, 0], "MountainRange.Label.Outline.Width": 2, "MountainRange.Label.Color": "#826f6bd8", "MountainRange.Label.Outline.Color": ["interpolate", ["linear"], ["zoom"], 0, "#fafeff", 6, "#fafeffc3", 13, "#fafeff50"], "MountainRange.Label.Tracking": ["interpolate", ["linear"], ["zoom"], 0, 2, 20, 15], "POI.MountainPeak.Label.Size": ["interpolate", ["linear"], ["zoom"], 5, 8, 8, 9, 12, 9, 13, 10, 15, 10, 16, 11, 20, 11, 24, 13.2], "POI.MountainPeak.Label.Color": "#716561", "POI.MountainPeak.Label.Outline.Width": 1.5, "POI.MountainPeak.Label.Outline.Color": "#fafeff99", "POI.MountainPeak.Label.Leading": 3, "POI.MountainPeak.Icon.Size": ["interpolate", ["linear"], ["zoom"], 0, 8, 10, 8, 11, 9, 12, 10, 13, 10, 20, 10, 24, 12], "Rail.Line.Color": "#cdd6dc", "TruckFeature.Rail.Line.Color": "#cdd6dc", "PTFeature.Rail.Line.Color": "#cdd6dc", "Rail.Outline.Color": ["ref", "Rail.Line.Color"], "Rail.SecondLine.Color": "#acb8c1", "Rail.Line.Width": ["interpolate", ["linear"], ["zoom"], 10, 0, 10, 0.6, 13, 0.6, 14, 0.9, 16, 0.9, 18, 1.85, 20, 1.85, 24, 4.95], "Rail.Outline.Width": 0, "Rail.Line.Gap.Length": ["step", ["zoom"], 2.45, 15, 3.1, 16, 3.7, 17, 5.55, 18, 6.2, 19, 7.45, 20, 8.65, 21, 11.15, 22, 13.65, 23, 16.1, 24, 18.6], "Rail.Line.Dash.Length": ["step", ["zoom"], 2.45, 13, 3.7, 15, 4.95, 16, 6.2, 17, 9.3, 18, 12.4, 19, 15.5, 20, 18.6, 21, 21.7, 22, 24.8, 23, 27.9, 24, 30.95], "Ferry.Label.Offset": ["interpolate", ["linear"], ["zoom"], 12, -17.5, 16, -20, 20, -22.5, 24, -30], "Ferry.Line.Color": ["interpolate", ["linear"], ["zoom"], 12, "#77c4e9", 15, "#5cbcea"], "Ferry.SecondLine.Color": "#4bb1e319", "Ferry.Line.Width": ["interpolate", ["linear"], ["zoom"], 8, 0, 8, 0.7, 12, 0.9, 20, 0.9, 24, 3.1], "Ferry.Line.Gap.Length": ["step", ["zoom"], 0.6, 8, 1.85, 9, 2.45, 9.5, 2.15, 10, 2.8, 10.5, 2.45, 11, 3.4, 11.5, 2.45, 12, 3.7, 12.5, 2.45, 13, 3.7, 13.5, 3.1, 14, 4.35, 14.5, 3.1, 15, 4.35, 15.5, 3.1, 16, 4.95, 16.5, 3.4, 17, 4.95, 17.5, 3.4, 18, 4.35, 18.5, 3.7, 19, 4.95, 19.5, 3.7, 20, 4.35, 20.5, 3.7, 21, 6.2, 21.5, 4.95, 22, 7.45, 22.5, 6.2, 23, 8.65, 23.5, 8.05, 24, 9.9], "Ferry.Line.Dash.Length": ["step", ["zoom"], 0.6, 8, 1.85, 9, 2.45, 9.5, 3.1, 10, 4.35, 10.5, 3.7, 11, 4.65, 11.5, 4, 12, 5.25, 12.5, 4, 13, 4.95, 13.5, 4.35, 14, 6.2, 14.5, 4.95, 15, 6.8, 15.5, 4.95, 16, 6.8, 16.5, 5.55, 17, 7.45, 17.5, 5.55, 18, 7.45, 18.5, 6.2, 19, 7.45, 19.5, 6.2, 20, 7.45, 20.5, 6.8, 21, 8.65, 21.5, 8.05, 22, 12.4, 22.5, 8.65, 23, 15.5, 23.5, 10.55, 24, 18.6], "Ferry.Label.Color": ["interpolate", ["linear"], ["zoom"], 12, "#5aa2c7", 15, "#519dc3"], "Ferry.Label.Outline.Color": ["ref", "Water.0m.Color"], "Ferry.Label.Size": ["interpolate", ["linear"], ["zoom"], 12, 0, 12, 10, 14, 11, 15, 12, 16, 12, 17, 13, 20, 13, 24, 15.6], "Ferry.Label.Outline.Width": ["interpolate", ["linear"], ["zoom"], 12, 1.5, 15, 2], "Water.0m.Color": "#97dafe", "Water.4000m.Color": "#8ed4fa", "Water.5000m.Color": "#88d0f7", "Water.6000m.Color": "#82ccf5", "Water.Outline.Color": "#82cdf5", "Water.SecondOutline.Color": "#82cdf570", "CanalWaterChannel.Color": ["ref", "Water.0m.Color"], "CanalWaterChannel.Width": ["interpolate", ["linear"], ["zoom"], 11, 0, 11, 1, 13, 1, 14, 2, 15, 3, 16, 5, 17, 9, 18, 14, 19, 22, 20, 40, 24, 200], "River.Color": ["ref", "Water.0m.Color"], "River.Width": ["interpolate", ["linear"], ["zoom"], 6, 0, 6, 0.45, 12, 0.6, 14, 1.85, 15, 2.8, 18, 4.65, 19, 9.3, 20, 18.6, 24, 123.9], "River.Class1.Width": ["interpolate", ["linear"], ["zoom"], 6, 0, 6, 0.6, 9, 0.6, 10, 1.25, 11, 1.55, 12, 1.85, 13, 2.45, 14, 3.1, 15, 4.95, 16, 8.65, 17, 14.85, 18, 30.95, 19, 49.55, 20, 74.35, 24, 495.65], "CanalWaterChannel.Class1.Width": ["ref", "River.Class1.Width"], "IntermittentRiver.Class1.Width": ["ref", "River.Class1.Width"], "River.Class2.Width": ["interpolate", ["linear"], ["zoom"], 7, 0, 7, 0.6, 10, 1.25, 11, 1.4, 12, 1.7, 13, 2.15, 14, 2.45, 15, 3.7, 16, 6.2, 17, 9.9, 18, 17.95, 19, 30.95, 20, 55.75, 24, 247.8], "CanalWaterChannel.Class2.Width": ["ref", "River.Class2.Width"], "IntermittentRiver.Class2.Width": ["ref", "River.Class2.Width"], "River.Class3.Width": ["interpolate", ["linear"], ["zoom"], 7, 0, 7, 0.6, 9, 0.6, 10, 1.1, 11, 1.25, 12, 1.55, 13, 2, 14, 2.3, 15, 3.1, 16, 5.55, 17, 9.9, 18, 17.95, 19, 30.95, 20, 55.75, 24, 247.8], "CanalWaterChannel.Class3.Width": ["ref", "River.Class3.Width"], "IntermittentRiver.Class3.Width": ["ref", "River.Class3.Width"], "River.Class4.Width": ["interpolate", ["linear"], ["zoom"], 7, 0, 7, 0.6, 9, 0.6, 10, 0.9, 11, 1.1, 12, 1.4, 13, 1.85, 14, 2.15, 15, 2.45, 16, 4.95, 17, 9.9, 18, 17.95, 19, 30.95, 20, 55.75, 24, 247.8], "CanalWaterChannel.Class4.Width": ["ref", "River.Class4.Width"], "IntermittentRiver.Class4.Width": ["ref", "River.Class4.Width"], "River.Class5.Width": ["interpolate", ["linear"], ["zoom"], 10, 0, 10, 0.6, 11, 0.6, 12, 1.25, 13, 1.25, 14, 1.85, 15, 2.45, 16, 4.35, 17, 8.05, 18, 14.85, 19, 25.4, 20, 46.45, 24, 216.85], "CanalWaterChannel.Class5.Width": ["ref", "River.Class5.Width"], "IntermittentRiver.Class5.Width": ["ref", "River.Class5.Width"], "River.Class6.Width": ["interpolate", ["linear"], ["zoom"], 10, 0, 10, 0.6, 13, 0.6, 14, 1.25, 15, 1.85, 16, 3.7, 17, 6.8, 18, 12.4, 19, 22.3, 20, 39.65, 24, 154.9], "CanalWaterChannel.Class6.Width": ["ref", "River.Class6.Width"], "IntermittentRiver.Class6.Width": ["ref", "River.Class6.Width"], "River.Class7.Width": ["interpolate", ["linear"], ["zoom"], 11, 0, 11, 0.6, 14, 0.6, 15, 1.25, 16, 2.45, 17, 4.95, 18, 7.45, 19, 11.15, 20, 15.5, 24, 123.9], "CanalWaterChannel.Class7.Width": ["ref", "River.Class7.Width"], "IntermittentRiver.Class7.Width": ["ref", "River.Class7.Width"], "River.Class8.Width": ["interpolate", ["linear"], ["zoom"], 11, 0, 11, 0.6, 15, 0.6, 16, 1.25, 17, 2.45, 18, 3.7, 19, 5.55, 20, 9.3, 24, 61.95], "CanalWaterChannel.Class8.Width": ["ref", "River.Class8.Width"], "IntermittentRiver.Class8.Width": ["ref", "River.Class8.Width"], "IntermittentRiver.Color": ["ref", "Water.0m.Color"], "Lake.Label.Color": "#1d72a6", "Lake.Label.Size": ["interpolate", ["linear"], ["zoom"], 7, 0, 7, 9.5, 11, 10, 12, 11, 15, 11, 16, 12, 20, 12, 24, 14.4], "Lake.Class1.Label.Size": ["interpolate", ["linear"], ["zoom"], 5, 0, 5, 10, 11, 11, 12, 12, 15, 12, 16, 13, 20, 14, 24, 16.8], "Lake.Class2.Label.Size": ["interpolate", ["linear"], ["zoom"], 6, 0, 6, 10, 11, 11, 12, 12, 15, 12, 16, 13, 20, 14, 24, 16.8], "Lake.Class3.Label.Size": ["interpolate", ["linear"], ["zoom"], 7, 0, 7, 9.5, 11, 10, 12, 11, 15, 11, 16, 12, 20, 12, 24, 14.4], "Lake.Class4.Label.Size": ["interpolate", ["linear"], ["zoom"], 8, 0, 8, 9.5, 11, 10, 12, 11, 15, 11, 16, 12, 20, 12, 24, 14.4], "Lake.Class5.Label.Size": ["interpolate", ["linear"], ["zoom"], 9, 0, 9, 9.5, 11, 10, 12, 11, 15, 11, 16, 12, 20, 12, 24, 14.4], "Lake.Class6.Label.Size": ["interpolate", ["linear"], ["zoom"], 10, 0, 10, 8.5, 11, 9, 12, 10, 15, 10, 16, 11, 20, 11, 24, 13.2], "Lake.Class7.Label.Size": ["interpolate", ["linear"], ["zoom"], 11, 0, 11, 9, 12, 10, 15, 10, 16, 11, 20, 11, 24, 13.2], "Lake.Class8.Label.Size": ["interpolate", ["linear"], ["zoom"], 12, 0, 12, 10, 15, 10, 16, 11, 20, 11, 24, 13.2], "CanalWaterChannel.Label.Color": ["ref", "Lake.Label.Color"], "River.Label.Color": ["ref", "Lake.Label.Color"], "IntermittentRiver.Label.Size": ["ref", "River.Label.Size"], "IntermittentRiver.Label.Color": ["ref", "River.Label.Color"], "IntermittentRiver.Class1.Label.Size": ["ref", "River.Class1.Label.Size"], "IntermittentRiver.Class2.Label.Size": ["ref", "River.Class2.Label.Size"], "IntermittentRiver.Class3.Label.Size": ["ref", "River.Class3.Label.Size"], "IntermittentRiver.Class4.Label.Size": ["ref", "River.Class4.Label.Size"], "IntermittentRiver.Class5.Label.Size": ["ref", "River.Class5.Label.Size"], "IntermittentRiver.Class6.Label.Size": ["ref", "River.Class6.Label.Size"], "IntermittentRiver.Class7.Label.Size": ["ref", "River.Class7.Label.Size"], "IntermittentRiver.Class8.Label.Size": ["ref", "River.Class8.Label.Size"], "Sea.Label.Color": ["ref", "Lake.Label.Color"], "Ocean.Label.Color": ["ref", "Lake.Label.Color"], "BayHarbor.Label.Color": ["ref", "Lake.Label.Color"], "Fjord.Label.Color": ["ref", "Lake.Label.Color"], "Strait.Label.Color": ["ref", "Lake.Label.Color"], "Lake.Label.Outline.Color": "#eef4f74b", "CanalWaterChannel.Label.Outline.Color": ["ref", "Lake.Label.Outline.Color"], "CanalWaterChannel.Label.Size": ["ref", "River.Label.Size"], "CanalWaterChannel.Class1.Label.Size": ["ref", "River.Class1.Label.Size"], "CanalWaterChannel.Class2.Label.Size": ["ref", "River.Class2.Label.Size"], "CanalWaterChannel.Class3.Label.Size": ["ref", "River.Class3.Label.Size"], "CanalWaterChannel.Class4.Label.Size": ["ref", "River.Class4.Label.Size"], "CanalWaterChannel.Class5.Label.Size": ["ref", "River.Class5.Label.Size"], "CanalWaterChannel.Class6.Label.Size": ["ref", "River.Class6.Label.Size"], "CanalWaterChannel.Class7.Label.Size": ["ref", "River.Class7.Label.Size"], "CanalWaterChannel.Class8.Label.Size": ["ref", "River.Class8.Label.Size"], "River.Label.Size": ["ref", "Lake.Label.Size"], "River.Class1.Label.Size": ["ref", "Lake.Class1.Label.Size"], "River.Class2.Label.Size": ["ref", "Lake.Class2.Label.Size"], "River.Class3.Label.Size": ["ref", "Lake.Class3.Label.Size"], "River.Class4.Label.Size": ["ref", "Lake.Class4.Label.Size"], "River.Class5.Label.Size": ["ref", "Lake.Class5.Label.Size"], "River.Class6.Label.Size": ["ref", "Lake.Class6.Label.Size"], "River.Class7.Label.Size": ["ref", "Lake.Class7.Label.Size"], "River.Class8.Label.Size": ["ref", "Lake.Class8.Label.Size"], "River.Label.Outline.Color": ["ref", "Lake.Label.Outline.Color"], "IntermittentRiver.Label.Outline.Color": ["ref", "Lake.Label.Outline.Color"], "Sea.Label.Outline.Color": ["ref", "Lake.Label.Outline.Color"], "Ocean.Label.Outline.Color": ["ref", "Lake.Label.Outline.Color"], "Fjord.Label.Outline.Color": ["ref", "Lake.Label.Outline.Color"], "Strait.Label.Outline.Color": ["ref", "Lake.Label.Outline.Color"], "Sea.Label.Size": ["interpolate", ["linear"], ["zoom"], 2, 0, 2, 8, 3, 8, 4, 9, 5, 9.5, 6, 10, 8, 10, 20, 12, 24, 14.4], "Sea.Label.Outline.Width": 1, "Ocean.Label.Size": ["ref", "Sea.Label.Size"], "Ocean.Label.Outline.Width": ["ref", "Sea.Label.Outline.Width"], "Ocean.Label.Tracking": ["interpolate", ["linear"], ["zoom"], 8, 2, 9, 1], "Sea.Label.Tracking": ["ref", "Ocean.Label.Tracking"], "BayHarbor.Label.Outline.Color": ["ref", "Lake.Label.Outline.Color"], "BayHarbor.Label.Outline.Width": 1, "BayHarbor.Label.Tracking": ["ref", "Ocean.Label.Tracking"], "BayHarbor.Class1.Label.Size": ["interpolate", ["linear"], ["zoom"], 5, 0, 5, 9.5, 11, 10, 12, 11, 15, 11, 16, 12, 20, 13, 24, 16], "BayHarbor.Class2.Label.Size": ["interpolate", ["linear"], ["zoom"], 6, 0, 6, 9.5, 11, 10, 12, 11, 15, 11, 16, 12, 20, 13, 24, 16], "BayHarbor.Class3.Label.Size": ["interpolate", ["linear"], ["zoom"], 7, 0, 7, 9, 11, 9, 12, 10, 15, 10, 16, 11, 20, 11, 24, 13.5], "BayHarbor.Class4.Label.Size": ["interpolate", ["linear"], ["zoom"], 8, 0, 8, 9, 11, 9, 12, 10, 15, 10, 16, 11, 20, 11, 24, 13.5], "BayHarbor.Class5.Label.Size": ["interpolate", ["linear"], ["zoom"], 9, 0, 9, 9, 11, 9, 12, 10, 15, 10, 16, 11, 20, 11, 24, 13.5], "BayHarbor.Class6.Label.Size": ["interpolate", ["linear"], ["zoom"], 10, 0, 10, 8, 11, 8, 12, 9, 15, 9, 16, 10, 20, 10, 24, 12.5], "BayHarbor.Class7.Label.Size": ["interpolate", ["linear"], ["zoom"], 11, 0, 11, 8, 12, 9, 15, 9, 16, 10, 20, 10, 24, 12.5], "BayHarbor.Class8.Label.Size": ["interpolate", ["linear"], ["zoom"], 12, 0, 12, 9, 15, 9, 16, 10, 20, 10, 24, 12.5], "BayHarbor.Label.Size": ["ref", "BayHarbor.Class3.Label.Size"], "Fjord.Label.Tracking": ["ref", "Ocean.Label.Tracking"], "Strait.Label.Tracking": ["ref", "Ocean.Label.Tracking"], "Street.Category4.Color": ["interpolate", ["linear"], ["zoom"], 13, "#b6c7deb3", 14.5, "#b6c7deb3", 14.5, "#bccce3b3", 15.5, "#d1dbeb", 15.5, "#d9e4f5", 16, "#dbe6f7"], "Street.Category4.RTS.Color": ["interpolate", ["linear"], ["zoom"], 12, "#d2dce4a6", 13, "#c7d5dfb3", 14, "#becad3b3", 15, "#d2ddee", 16, "#dbe6f7"], "Street.Category4.Outline.Color": ["interpolate", ["linear"], ["zoom"], 14.5, "#afc7e5", 15, "#aac4e3", 16, "#7793be", 17, "#5b7eb5", 18, "#395a8c"], "Street.Category4.RTS.Outline.Color": ["interpolate", ["linear"], ["zoom"], 15, "#aac4e3", 16, "#7793be", 17, "#5b7eb5", 18, "#395a8c"], "Street.Category4.Width": ["interpolate", ["linear"], ["zoom"], 14.5, 0.5, 15, 1.25, 16, 2.45, 17, 3.7, 18, 7.45, 19, 8.65, 20, 18.6, 24, 130.1], "Street.Category4.Ramp.Width": ["interpolate", ["linear"], ["zoom"], 14, 0.4, 15, 0.6, 16, 1.2, 17, 3.5, 18, 6, 19, 7.8, 20, 13, 24, 70], "Street.Category4.Ramp.Outline.Width": ["interpolate", ["linear"], ["zoom"], 15.5, 0, 15.5, 0.25, 20, 0.25, 24, 0.3], "Street.Category4.RTS.Width": ["interpolate", ["linear"], ["zoom"], 0, 0.6, 13, 0.6, 14, 0.9, 15, 1.85, 16, 2.45, 17, 3.7, 18, 7.45, 19, 8.65, 20, 18.6], "Street.Category4.Unpaved.Width": ["ref", "Street.Category4.Width"], "Street.Category4.Outline.Width": ["interpolate", ["linear"], ["zoom"], 15.5, 0, 15.5, 0.3, 20, 0.3, 24, 0.4], "Street.Category4.RTS.Outline.Width": ["interpolate", ["linear"], ["zoom"], 15, 0, 15, 0.3], "Street.Category4.Label.Ramp.Size": ["ref", "Street.Category0.Label.Ramp.Size"], "Street.Category4.Label.Color": ["ref", "Street.Category3.Label.Color"], "Street.Category4.ParkingLot.Width": ["interpolate", ["linear"], ["zoom"], 16, 0, 16, 0.5, 17, 2, 18, 4, 19, 6, 20, 10, 24, 60], "Street.Category4.ParkingLot.Outline.Width": ["interpolate", ["linear"], ["zoom"], 16, 0, 16, 0.25, 20, 0.25, 24, 0.3], "Street.Category4.ParkingLot.Outline.Color": ["ref", "Street.Category4.RestrictedAccess.Outline.Color"], "Street.Category4.ParkingLot.Color": ["ref", "Street.Category4.RestrictedAccess.Color"], "Street.Category4.RestrictedAccess.Width": ["interpolate", ["linear"], ["zoom"], 15, 0, 15, 0.2, 16, 0.5, 17, 2, 18, 4, 19, 6, 20, 10, 24, 60], "Street.Category4.RestrictedAccess.Outline.Width": ["interpolate", ["linear"], ["zoom"], 15, 0, 15, 0.21, 16, 0.25, 20, 0.25, 24, 0.3], "Street.Category4.RestrictedAccess.Outline.Color": ["interpolate", ["linear"], ["zoom"], 15, "#728bb000", 16, "#728bb073", 17, "#627ca4b3", 18, "#6781a8"], "Street.Category4.RestrictedAccess.Color": ["interpolate", ["linear"], ["zoom"], 15, "#d2ddee", 15.5, "#d9e4f5", 16, "#dbe6f7"], "Street.Category4.Construction.Dash.Length": ["step", ["zoom"], 2, 15, 3.7, 16, 5.5, 17, 8.7, 18, 17.4, 19, 25, 20, 45, 21, 90, 22, 140, 23, 200, 24, 290], "Street.Category4.Construction.Gap.Length": ["step", ["zoom"], 2, 15, 3, 16, 4, 17, 6, 18, 11, 19, 13, 20, 25, 21, 45, 22, 75, 23, 110, 24, 170], "Street.Category3.Color": ["interpolate", ["linear"], ["zoom"], 10, "#ccd5e099", 12, "#bacadeb3", 13, "#bccfe6b3", 14.5, "#d5e3f7", 16, "#dbe6f7"], "Street.Category3.RTS.Color": ["interpolate", ["linear"], ["zoom"], 10, "#ccd5e099", 12, "#b9c4d3a6", 13, "#c7d2e4bf", 14, "#d1dced", 16, "#dbe6f7"], "Street.Category3.Outline.Color": ["interpolate", ["linear"], ["zoom"], 14, "#6986a9", 15, "#59789f", 17, "#375b8c", 18, "#395a8c"], "Street.Category3.RTS.Outline.Color": ["interpolate", ["linear"], ["zoom"], 10, "#bdd3ef", 13, "#a3c2e8", 14, "#80a3ce", 15, "#59789f", 17, "#375b8c", 18, "#395a8c"], "Street.Category3.Width": ["interpolate", ["linear"], ["zoom"], 10, 0.2, 12, 0.5, 13, 1, 14, 2.3, 15, 2.45, 16, 4.35, 17, 6.8, 18, 14.85, 19, 16.1, 20, 27.9, 24, 195.15], "Street.Category3.Ramp.Width": ["interpolate", ["linear"], ["zoom"], 14, 0.75, 15, 1.2, 16, 2.1, 17, 3.4, 18, 7.4, 19, 8, 20, 13.9, 24, 97.5], "Street.Category3.RTS.Width": ["interpolate", ["linear"], ["zoom"], 10, 0.5, 12, 1.25, 13, 1.85, 14, 2.15, 15, 2.45, 16, 4.35, 17, 6.8, 18, 14.85, 19, 16.1, 20, 27.9], "Street.Category3.Ramp.Outline.Width": ["interpolate", ["linear"], ["zoom"], 14.5, 0, 14.5, 0.25, 20, 0.25, 24, 0.35], "Street.Category3.Unpaved.Width": ["ref", "Street.Category3.Width"], "Street.Category3.Outline.Width": ["interpolate", ["linear"], ["zoom"], 14.5, 0, 14.5, 0.3, 20, 0.3, 24, 0.5], "Street.Category3.RTS.Outline.Width": ["interpolate", ["linear"], ["zoom"], 14, 0, 14, 0.3], "Street.Category3.Label.Ramp.Size": ["ref", "Street.Category0.Label.Ramp.Size"], "Street.Category3.Label.Color": "#17345b", "Street.Category3.Construction.Dash.Length": ["step", ["zoom"], 2, 13, 3.1, 14, 3.7, 15, 5, 16, 8, 17, 10, 18, 18, 19, 32, 20, 60, 21, 120, 22, 170, 23, 220, 24, 300], "Street.Category3.Construction.Gap.Length": ["step", ["zoom"], 2, 13, 2, 14, 2.5, 15, 3, 16, 4, 17, 6, 18, 11, 19, 13, 20, 25, 21, 45, 22, 75, 23, 110, 24, 170], "Street.Category2.Color": ["interpolate", ["linear"], ["zoom"], 10, "#b1c8e6a6", 12, "#cbd9f0", 13, "#d1dff9", 16, "#cbdbf3"], "Street.Category2.RTS.Color": ["interpolate", ["linear"], ["zoom"], 8, "#d7e5f7", 9, "#d3e0f2", 10, "#c9d9ef", 12, "#cbd9f0", 13, "#d1dff9", 16, "#cbdbf3"], "Street.Category2.Outline.Color": ["interpolate", ["linear"], ["zoom"], 12, "#98add9", 13.5, "#7d97c3", 14, "#738ab2", 16, "#5879a7"], "Street.Category2.RTS.Outline.Color": ["interpolate", ["linear"], ["zoom"], 12, "#93a8d3", 13, "#738ab2", 16, "#5879a7"], "Street.Category2.Width": ["interpolate", ["linear"], ["zoom"], 0, 0.7, 8, 0.75, 10, 0.9, 11, 1.25, 12, 1.85, 13, 1.55, 14, 2.15, 15, 3.55, 16, 5.55, 17, 8.05, 18, 16.7, 19, 18.6, 20, 30.95, 24, 216.85], "Street.Category2.Ramp.Width": ["interpolate", ["linear"], ["zoom"], 14, 0.75, 15, 1.7, 16, 2.7, 17, 4, 18, 8.35, 19, 9.3, 20, 15.5, 24, 108.5], "Street.Category2.Ramp.Outline.Width": ["interpolate", ["linear"], ["zoom"], 12, 0, 13, 0.3, 20, 0.35, 24, 0.5], "Street.Category2.RTS.Width": ["interpolate", ["linear"], ["zoom"], 0, 0.6, 8, 0.75, 9, 0.9, 10, 0.9, 11, 1.55, 12, 1.55, 13, 1.55, 14, 2.15, 15, 3.55, 16, 5.55, 17, 8.05, 18, 16.7, 19, 18.6, 20, 30.95], "Street.Category2.Unpaved.Width": ["ref", "Street.Category2.Width"], "Street.Category2.Outline.Width": ["interpolate", ["linear"], ["zoom"], 12, 0, 13, 0.35, 20, 0.5, 24, 0.8], "Street.Category2.RTS.Outline.Width": ["interpolate", ["linear"], ["zoom"], 12, 0, 12, 0.35, 20, 0.5], "Street.Category2.Label.Ramp.Size": ["ref", "Street.Category0.Label.Ramp.Size"], "Street.Category2.Label.Color": "#213e64", "Street.Category2.Construction.Dash.Length": ["step", ["zoom"], 2, 13, 3.7, 14, 5, 15, 6.2, 16, 9.9, 17, 16, 18, 25, 19, 37, 20, 70, 21, 137, 22, 190, 23, 250, 24, 320], "Street.Category2.Construction.Gap.Length": ["step", ["zoom"], 2, 13, 2, 14, 2.5, 15, 3, 16, 4, 17, 6, 18, 11, 19, 13, 20, 25, 21, 45, 22, 75, 23, 110, 24, 170], "Street.Category1.Color": ["interpolate", ["linear"], ["zoom"], 5, "#afc2e4bf", 6, "#b3c6e8bf", 7, "#a7bdd980", 8, "#a7bdd9a6", 10, "#ceddf8", 13, "#bdcfe7", 16, "#bccee5"], "Street.Category1.Outline.Color": ["interpolate", ["linear"], ["zoom"], 8, "#869dbc", 10, "#869dbc", 13, "#556b8f", 16, "#526d98"], "Street.Category1.Width": ["interpolate", ["linear"], ["zoom"], 5, 1, 8, 1.25, 9, 1.55, 10, 1.25, 11, 1.7, 12, 1.85, 13, 2.15, 14, 3.1, 15, 4.35, 16, 6.8, 17, 9.3, 18, 18.6, 19, 21.05, 20, 34.05, 24, 238.55], "Street.Category1.Ramp.Width": ["interpolate", ["linear"], ["zoom"], 13, 0.75, 14, 1.5, 15, 2.2, 16, 3.4, 17, 4.6, 18, 9.3, 19, 10.5, 20, 17.2, 24, 119.2], "Street.Category1.Ramp.Outline.Width": ["interpolate", ["linear"], ["zoom"], 9, 0, 10, 0.35, 20, 0.35, 24, 0.5], "Street.Category1.Unpaved.Width": ["ref", "Street.Category1.Width"], "Street.Category1.Outline.Width": ["interpolate", ["linear"], ["zoom"], 9, 0, 10, 0.5, 20, 0.5, 24, 1.1], "Street.Category1.Label.Ramp.Size": ["ref", "Street.Category0.Label.Ramp.Size"], "Street.Category1.Label.Color": "#243e61", "Street.Category1.Construction.Dash.Length": ["step", ["zoom"], 3, 10, 3.7, 11, 3.7, 12, 5.5, 13, 6.5, 14, 7, 15, 10, 16, 13, 17, 19, 18, 26, 19, 40, 20, 85, 21, 150, 22, 200, 23, 260, 24, 370], "Street.Category1.Construction.Gap.Length": ["step", ["zoom"], 2, 11, 2, 12, 3, 13, 4.5, 14, 5, 15, 6, 16, 6, 17, 6, 18, 11, 19, 13, 20, 25, 21, 45, 22, 75, 23, 110, 24, 170], "Street.Category0.Color": ["interpolate", ["linear"], ["zoom"], 5, "#a7b8d3", 6, "#abbcd7", 8, "#bfd1eb", 10, "#b8c8e4", 13, "#b2c5de", 16, "#b1c4dc"], "Street.Category0.Outline.Color": ["interpolate", ["linear"], ["zoom"], 6, "#77859e", 8, "#70819b", 10, "#687a92", 13, "#5c6e8a", 16, "#5c6e8a"], "Street.Category0.Centerline.Color": ["interpolate", ["linear"], ["zoom"], 6, "#75839b", 8, "#6f7d93", 11, "#a2b3c9", 13, "#8c9fb6", 16, "#8a9bb4"], "Street.Category0.Width": ["interpolate", ["linear"], ["zoom"], 0, 1.1, 5, 1.1, 6, 1.4, 7, 1.55, 8, 1.25, 9, 1.55, 10, 2.3, 11, 2.45, 12, 3.1, 13, 3.4, 14, 4.95, 15, 7.45, 16, 9.9, 17, 12.4, 18, 21.7, 19, 27.25, 20, 43.35, 24, 303.6], "Street.Category0.Ramp.Width": ["interpolate", ["linear"], ["zoom"], 13, 1, 14, 2.4, 15, 3.7, 16, 5, 17, 6.2, 18, 10.8, 20, 21.6, 24, 151.8], "Street.Category0.Ramp.Outline.Width": ["interpolate", ["linear"], ["zoom"], 7, 0, 8, 0.35, 14, 0.4, 16, 0.5, 18, 0.65, 20, 0.65, 24, 1.2], "Street.Category0.Unpaved.Width": ["ref", "Street.Category0.Width"], "Street.Category0.Outline.Width": ["interpolate", ["linear"], ["zoom"], 7, 0, 8, 0.5, 14, 0.65, 16, 0.95, 18, 1.1, 20, 1.1, 24, 2.05], "Street.Category0.Centerline.Width": ["interpolate", ["linear"], ["zoom"], 11, 0, 11, 0.6, 20, 0.6, 24, 1.85], "Street.Category0.Label.Ramp.Size": 0, "Street.Category0.Label.Color": "#28405e", "Street.Category0.Construction.Dash.Length": ["step", ["zoom"], 3, 9, 3, 10, 4, 11, 5.5, 12, 7.5, 13, 8.5, 14, 11, 15, 14, 16, 19, 17, 30, 18, 40, 19, 60, 20, 110, 21, 180, 22, 280, 23, 380, 24, 480], "Street.Category0.Construction.Gap.Length": ["step", ["zoom"], 2, 9, 2, 10, 2, 11, 2.75, 12, 3.75, 13, 4.25, 14, 5.5, 15, 7, 16, 9.5, 17, 15, 18, 20, 19, 30, 20, 55, 21, 90, 22, 140, 23, 190, 24, 240], "Street.Category4.Toll.Color": ["ref", "Street.Category4.Color"], "Street.Category4.Toll.Outline.Color": ["ref", "Street.Category4.Outline.Color"], "Street.Category4.TollTunnel.Outline.Color": ["ref", "Street.Category4.Tunnel.Outline.Color"], "Street.Category4.TollTunnel.Color": ["ref", "Street.Category4.Tunnel.Color"], "Street.Category4.Tunnel.Color": ["interpolate", ["linear"], ["zoom"], 14.5, "#c3cedc", 14.5, "#d6dfec", 15.5, "#dbe3f0", 15.5, "#e2eaf7", 16, "#e3ecf9"], "Street.Category4.Tunnel.Outline.Color": ["interpolate", ["linear"], ["zoom"], 14.5, "#6a7f98", 14.5, "#7588a3", 15.5, "#7788a6", 15.5, "#7b8dab", 16, "#7b8fad"], "Street.Category4.Unpaved.Color": ["interpolate", ["linear"], ["zoom"], 13, "#cdd0d2bf", 15, "#d6d8d9bf", 15.5, "#e8eced", 18, "#e8eced"], "Street.Category4.Unpaved.Outline.Color": ["interpolate", ["linear"], ["zoom"], 13, "#b5bfc866", 15, "#d8dfe466", 15.5, "#bec8d2", 18, "#919dad"], "Street.Category4.RestrictedAccessUnpaved.Outline.Color": ["interpolate", ["linear"], ["zoom"], 15, "#a3b1bd00", 16, "#adbac566", 18, "#818c9a"], "Street.Category4.Bridge.Color": ["ref", "Street.Category0.Bridge.Color"], "Street.Category4.Label.Size": ["interpolate", ["linear"], ["zoom"], 14, 0, 14, 10, 15, 11, 16, 11, 17, 12, 18, 13, 20, 14, 24, 18], "Street.Category4.Label.Outline.Width": ["interpolate", ["linear"], ["zoom"], 12, 0.75, 14, 1, 16, 1, 18, 1.25, 20, 1.25, 24, 2.5], "Street.Category4.Label.Outline.Color": ["ref", "Street.Category0.Label.Outline.Color"], "Street.Category4.Label.Toll.Outline.Color": ["ref", "Street.Category4.Label.Outline.Color"], "Street.Category4.Label.Unpaved.Color": "#444642", "Street.Category4.Label.Unpaved.Outline.Color": ["ref", "Street.Category4.Label.Outline.Color"], "Street.Category3.Toll.Color": ["ref", "Street.Category3.Color"], "Street.Category3.Toll.Outline.Color": ["ref", "Street.Category3.Outline.Color"], "Street.Category3.TollTunnel.Outline.Color": ["ref", "Street.Category3.Tunnel.Outline.Color"], "Street.Category3.TollTunnel.Color": ["ref", "Street.Category3.Tunnel.Color"], "Street.Category3.Tunnel.Color": ["interpolate", ["linear"], ["zoom"], 11.9, "#c9d2e0", 12, "#d5e0ed", 13, "#d8e3f1", 14, "#dfe9f9", 16, "#e3ecf9"], "Street.Category3.Tunnel.Outline.Color": ["interpolate", ["linear"], ["zoom"], 11.9, "#6d7e9c", 12, "#748aa4", 13, "#758ba7", 14, "#798dad", 16, "#7b8fad"], "Street.Category3.Unpaved.Color": ["interpolate", ["linear"], ["zoom"], 11, "#cacdcfbf", 15, "#e9eced", 18, "#e8eced"], "Street.Category3.Unpaved.Outline.Color": ["interpolate", ["linear"], ["zoom"], 11, "#7d808166", 15, "#b1b6bb", 18, "#888e98"], "Street.Category3.Bridge.Color": ["ref", "Street.Category0.Bridge.Color"], "Street.Category3.Label.Size": ["interpolate", ["linear"], ["zoom"], 13, 0, 13, 10, 14, 11, 15, 11.5, 16, 12, 17, 13, 18, 14, 20, 14, 24, 23], "Street.Category3.Label.Outline.Width": ["interpolate", ["linear"], ["zoom"], 12, 0.75, 14, 1, 16, 1, 18, 1.25, 20, 1.25, 24, 2.5], "Street.Category3.Label.Outline.Color": ["ref", "Street.Category0.Label.Outline.Color"], "Street.Category3.Label.Toll.Outline.Color": ["ref", "Street.Category3.Label.Outline.Color"], "Street.Category3.Label.Unpaved.Color": ["ref", "Street.Category4.Label.Unpaved.Color"], "Street.Category3.Label.Unpaved.Outline.Color": ["ref", "Street.Category3.Label.Outline.Color"], "Street.Category2.Toll.Color": ["ref", "Street.Category2.Color"], "Street.Category2.Toll.Outline.Color": ["ref", "Street.Category2.Outline.Color"], "Street.Category2.TollTunnel.Outline.Color": ["ref", "Street.Category2.Tunnel.Outline.Color"], "Street.Category2.TollTunnel.Color": ["ref", "Street.Category2.Tunnel.Color"], "Street.Category2.Tunnel.Color": ["interpolate", ["linear"], ["zoom"], 10, "#d5e2f3", 12, "#d7e2f4", 13, "#dce6fa", 16, "#d7e3f6"], "Street.Category2.Tunnel.Outline.Color": ["interpolate", ["linear"], ["zoom"], 10, "#8599b4", 12, "#8797b5", 13, "#899aba", 16, "#8798b7"], "Street.Category2.Unpaved.Color": ["interpolate", ["linear"], ["zoom"], 9, "#c9caccbf", 11, "#c7c9cbbf", 11.5, "#c7c9cbbf", 12.5, "#e6e8eabf", 13.5, "#e5e8e8", 16, "#e1e4e5", 18, "#dee1e3"], "Street.Category2.Unpaved.Outline.Color": ["interpolate", ["linear"], ["zoom"], 9, "#6d707166", 11, "#73777866", 12.5, "#898c8f66", 13.5, "#afb0af", 16, "#a5a9aa", 18, "#9ca2a6"], "Street.Category2.Bridge.Color": ["ref", "Street.Category0.Bridge.Color"], "Street.Category2.Label.Size": ["interpolate", ["linear"], ["zoom"], 12, 0, 12, 10, 13, 11, 14, 12, 15, 12, 16, 13, 17, 13, 18, 15, 20, 15, 24, 34], "Street.Category2.Label.Outline.Width": ["interpolate", ["linear"], ["zoom"], 12, 0.85, 14, 1.1, 16, 1.1, 20, 1.25, 24, 2.5], "Street.Category2.Label.Outline.Color": ["ref", "Street.Category0.Label.Outline.Color"], "Street.Category2.Label.Toll.Outline.Color": ["ref", "Street.Category2.Label.Outline.Color"], "Street.Category2.Label.Unpaved.Color": "#454643", "Street.Category2.Label.Unpaved.Outline.Color": ["ref", "Street.Category2.Label.Outline.Color"], "Street.Category1.Toll.Color": ["ref", "Street.Category1.Color"], "Street.Category1.Toll.Outline.Color": ["ref", "Street.Category1.Outline.Color"], "Street.Category1.TollTunnel.Outline.Color": ["ref", "Street.Category1.Tunnel.Outline.Color"], "Street.Category1.TollTunnel.Color": ["ref", "Street.Category1.Tunnel.Color"], "Street.Category1.Tunnel.Color": ["interpolate", ["linear"], ["zoom"], 5, "#c9d5ea", 6, "#cdd8ed", 7, "#d7e4f3", 8, "#cdd8ed", 10, "#d9e5fa", 13, "#ccdaed", 16, "#cbd9eb"], "Street.Category1.Tunnel.Outline.Color": ["interpolate", ["linear"], ["zoom"], 5, "#7d8fad", 6, "#8091b0", 10, "#879aba", 13, "#7f93b0", 16, "#7f92ae"], "Street.Category1.Unpaved.Color": ["interpolate", ["linear"], ["zoom"], 9, "#d8d7d6bf", 10, "#e3e2e1bf", 11, "#e7e5e4", 16, "#d7d9db", 18, "#d9dbdd"], "Street.Category1.Unpaved.Outline.Color": ["interpolate", ["linear"], ["zoom"], 9, "#9ca0a766", 10, "#9ca1a766", 11, "#aeb3b6", 16, "#a2a8aa", 18, "#919599"], "Street.Category1.Bridge.Color": ["ref", "Street.Category0.Bridge.Color"], "Street.Category1.Label.Size": ["interpolate", ["linear"], ["zoom"], 11, 0, 11, 10, 12, 11, 13, 12, 14, 12.5, 15, 13, 16, 14, 17, 14, 18, 16, 20, 16, 24, 38], "Street.Category1.Label.Outline.Width": ["interpolate", ["linear"], ["zoom"], 11, 1, 14, 1.25, 16, 1.25, 18, 1.3, 20, 1.3, 24, 2.5], "Street.Category1.Label.Outline.Color": ["ref", "Street.Category0.Label.Outline.Color"], "Street.Category1.Label.Toll.Outline.Color": ["ref", "Street.Category1.Label.Outline.Color"], "Street.Category1.Label.Unpaved.Color": "#3b3c39", "Street.Category1.Label.Unpaved.Outline.Color": ["ref", "Street.Category1.Label.Outline.Color"], "Street.Category0.Toll.Color": ["ref", "Street.Category0.Color"], "Street.Category0.Toll.Outline.Color": ["ref", "Street.Category0.Outline.Color"], "Street.Category0.Toll.Centerline.Color": ["ref", "Street.Category0.Centerline.Color"], "Street.Category0.TollTunnel.Color": ["ref", "Street.Category0.Tunnel.Color"], "Street.Category0.TollTunnel.Outline.Color": ["ref", "Street.Category0.Tunnel.Outline.Color"], "Street.Category0.TollTunnel.Centerline.Color": ["ref", "Street.Category0.Tunnel.Centerline.Color"], "Street.Category0.Tunnel.Color": ["interpolate", ["linear"], ["zoom"], 5, "#bac8dd", 6, "#bdcbe0", 8, "#cddbf0", 10, "#c8d4ea", 13, "#c3d2e6", 16, "#c2d1e4"], "Street.Category0.Tunnel.Outline.Color": ["interpolate", ["linear"], ["zoom"], 5, "#95a3ba", 6, "#98a6bd", 8, "#a4b3ca", 10, "#a0adc4", 13, "#9cacc1", 16, "#9babc0"], "Street.Category0.Unpaved.Color": ["ref", "Street.Category1.Unpaved.Color"], "Street.Category0.Unpaved.Outline.Color": ["ref", "Street.Category1.Unpaved.Outline.Color"], "Street.Category0.Tunnel.Centerline.Color": ["interpolate", ["linear"], ["zoom"], 6, "#aab6c8", 8, "#b8c3d6", 13, "#afbccd", 16, "#aebbcb"], "Street.Category0.Bridge.Color": "#6f7e943c", "Street.Category0.Bridge.Outline.Width": ["interpolate", ["linear"], ["zoom"], 0, 1.1, 16, 1.1, 17, 1.45, 20, 1.45, 24, 3.9], "Street.Category1.Bridge.Outline.Width": ["interpolate", ["linear"], ["zoom"], 0, 1.1, 16, 1.1, 17, 1.45, 20, 1.45, 24, 3.3], "Street.Category2.Bridge.Outline.Width": ["interpolate", ["linear"], ["zoom"], 0, 0.8, 16, 0.8, 17, 1.1, 20, 1.1, 24, 2.65], "Street.Category3.Bridge.Outline.Width": ["ref", "Street.Category2.Bridge.Outline.Width"], "Street.Category4.Bridge.Outline.Width": ["ref", "Street.Category2.Bridge.Outline.Width"], "Street.Category0.Label.Size": ["interpolate", ["linear"], ["zoom"], 10, 0, 10, 10, 11, 11, 12, 12, 13, 13, 14, 13.5, 15, 14, 16, 15, 17, 15, 18, 16, 20, 16, 24, 42], "Street.Category0.Label.Outline.Width": ["interpolate", ["linear"], ["zoom"], 11, 1, 13, 1.25, 16, 1.3, 20, 1.3, 24, 2.5], "Street.Category0.Label.Outline.Color": ["interpolate", ["linear"], ["zoom"], 11, "#fffffff2", 12, "#fffffff2", 14, "#ffffffd9", 17, "#ffffffcc"], "Street.Category0.Label.Toll.Outline.Color": ["ref", "Street.Category0.Label.Outline.Color"], "Street.Tunnel.Gap.Length": ["interpolate", ["linear"], ["zoom"], 8, 1.25, 11, 2.45, 20, 4.95, 24, 30.95], "Street.Tunnel.Dash.Length": ["interpolate", ["linear"], ["zoom"], 8, 1.25, 11, 2.45, 20, 4.95, 24, 30.95], "Street.Category0.Label.Unpaved.Color": ["ref", "Street.Category1.Label.Unpaved.Color"], "Street.Category0.Label.Unpaved.Outline.Color": ["ref", "Street.Category1.Label.Unpaved.Outline.Color"], "Street.Walkway.Color": ["interpolate", ["linear"], ["zoom"], 14.9, "#b1cdbb", 15, "#8fab9a66", 16.5, "#a3cab366"], "Street.Walkway.RTS.Color": ["interpolate", ["linear"], ["zoom"], 15, "#9cbaa866", 16, "#a3cab366"], "Street.Walkway.Unpaved.Color": ["ref", "Street.Walkway.Color"], "Street.Walkway.Label.Size": ["interpolate", ["linear"], ["zoom"], 16, 0, 16, 10, 17, 11, 18, 12, 20, 13, 24, 16], "Street.Walkway.Label.Outline.Width": ["interpolate", ["linear"], ["zoom"], 16, 1, 18, 1.25, 20, 1.25, 24, 2.25], "Street.Walkway.Label.Color": "#546052", "Street.Walkway.Label.Outline.Color": "#f0f8ffa6", "Street.Walkway.Label.Unpaved.Outline.Color": ["ref", "Street.Walkway.Label.Outline.Color"], "Street.Walkway.Width": ["interpolate", ["linear"], ["zoom"], 15, 0, 15, 0.2, 16, 0.8, 20, 3, 24, 6.2], "Street.Walkway.Unpaved.Width": ["ref", "Street.Walkway.Width"], "Street.Walkway.Bridge.Color": "#8e9da63c", "Street.Walkway.Bridge.Outline.Width": ["interpolate", ["linear"], ["zoom"], 16, 0, 16, 0.5, 17, 0.65, 20, 0.8, 24, 2.65], "Street.Walkway.Bridge.Baseline.Width": ["interpolate", ["linear"], ["zoom"], 16, 0, 16, 2.7, 17, 3.5, 18, 5.25, 19, 6.75, 20, 8.2, 24, 28.8], "Street.Walkway.Construction.Dash.Length": ["step", ["zoom"], 2.45, 15, 3.7, 16, 5.55, 17, 9.3, 18, 17.35, 19, 23.55, 20, 34.7, 21, 50, 22, 70, 23, 90, 24, 100], "Street.Walkway.Construction.Gap.Length": ["step", ["zoom"], 2.45, 15, 3, 16, 4, 17, 6, 18, 11, 19, 13, 20, 25, 21, 45, 22, 75, 23, 110, 24, 170], "Street.Pedestrian.Color": ["interpolate", ["linear"], ["zoom"], 15, "#b4bed1", 16.5, "#c5d0e5", 16.5, "#e8f1ff"], "Street.Pedestrian.RTS.Color": ["interpolate", ["linear"], ["zoom"], 15, "#b4bed1", 16.5, "#c5d0e5", 16.5, "#e8f1ff"], "Street.Pedestrian.Outline.Color": ["interpolate", ["linear"], ["zoom"], 16, "#e8f1ff", 16.5, "#91addf", 17, "#82a3d9"], "Street.Pedestrian.Outline.Width": ["interpolate", ["linear"], ["zoom"], 16.5, 0, 16.5, 0.4, 24, 0.4], "Street.Pedestrian.Label.Size": ["interpolate", ["linear"], ["zoom"], 14, 0, 14, 10, 16, 10, 17, 11, 18, 12, 20, 13, 24, 16], "Street.Pedestrian.Label.Outline.Width": ["interpolate", ["linear"], ["zoom"], 16, 1, 18, 1.25, 20, 1.25, 24, 2.25], "Street.Pedestrian.Tunnel.Color": ["ref", "Street.Pedestrian.Color"], "Street.Pedestrian.Unpaved.Color": ["interpolate", ["linear"], ["zoom"], 15, "#d0d4d8", 16.49, "#dcdfe3", 16.5, "#e8eced"], "Street.Pedestrian.Unpaved.Outline.Width": ["ref", "Street.Pedestrian.Outline.Width"], "Street.Pedestrian.Unpaved.Outline.Color": ["interpolate", ["linear"], ["zoom"], 16, "#e8eced", 16.5, "#bac4d1", 17, "#afb8c4"], "Street.Pedestrian.Bridge.Baseline.Width": ["interpolate", ["linear"], ["zoom"], 16, 0, 16, 1.5, 17, 2, 18, 4, 19, 6, 20, 10, 24, 38], "Street.Pedestrian.Width": ["interpolate", ["linear"], ["zoom"], 15, 0, 15, 0.2, 16, 1, 17, 2, 18, 4, 19, 6, 20, 10, 24, 40], "Street.Pedestrian.Dash.Length": 0, "Street.Pedestrian.Gap.Length": 0, "Street.Pedestrian.Unpaved.Width": ["ref", "Street.Pedestrian.Width"], "Street.Pedestrian.Bridge.Color": ["ref", "Street.Category0.Bridge.Color"], "Street.Pedestrian.Bridge.Outline.Width": ["ref", "Street.Category2.Bridge.Outline.Width"], "Street.Pedestrian.Label.Color": "#464951", "Street.Pedestrian.Label.Outline.Color": "#ffffff96", "Street.Pedestrian.Label.Unpaved.Color": "#4e5052", "Street.Pedestrian.Label.Unpaved.Outline.Color": ["ref", "Street.Pedestrian.Label.Outline.Color"], "Street.Pedestrian.Construction.Dash.Length": ["step", ["zoom"], 2.45, 15, 3.7, 16, 5.55, 17, 9.3, 18, 17.35, 19, 23.55, 20, 34.7, 21, 55, 22, 80, 23, 110, 24, 180], "Street.Pedestrian.Construction.Gap.Length": ["step", ["zoom"], 2.45, 15, 3, 16, 4, 17, 6, 18, 11, 19, 13, 20, 25, 21, 45, 22, 75, 23, 110, 24, 170], "Street.Category0.Arrow.Color": ["interpolate", ["linear"], ["zoom"], 16.75, "#94a8be00", 17, "#94a8be", 20, "#94a8be", 24, "#a1b7cf"], "Street.Category0.Arrow.Toll.Color": ["ref", "Street.Category0.Arrow.Color"], "Street.Category0.Arrow.Tunnel.Color": ["interpolate", ["linear"], ["zoom"], 16.75, "#a5b6c900", 17, "#a5b6c9", 20, "#a5b6c9", 24, "#b0c3d7"], "Street.Category0.Arrow.TollTunnel.Color": ["ref", "Street.Category0.Arrow.Tunnel.Color"], "Street.Category0.Arrow.Unpaved.Color": ["ref", "Street.Category1.Arrow.Unpaved.Color"], "Street.Category1.Arrow.Color": ["interpolate", ["linear"], ["zoom"], 16.75, "#9eb3cc00", 17, "#9eb4cc", 20, "#9eb4cc", 24, "#a9c1db"], "Street.Category1.Arrow.Toll.Color": ["ref", "Street.Category1.Arrow.Color"], "Street.Category1.Arrow.Tunnel.Color": ["interpolate", ["linear"], ["zoom"], 16.75, "#adc0d500", 17, "#adc0d5", 20, "#adc0d5", 24, "#b7cbe1"], "Street.Category1.Arrow.TollTunnel.Color": ["ref", "Street.Category1.Arrow.Tunnel.Color"], "Street.Category1.Arrow.Unpaved.Color": ["interpolate", ["linear"], ["zoom"], 16.75, "#bcc2c500", 17, "#bcc2c5"], "Street.Category2.Arrow.Color": ["interpolate", ["linear"], ["zoom"], 17, "#adc4db00", 17.25, "#adc4db", 20, "#adc4db", 24, "#b7d0e8"], "Street.Category2.Arrow.Toll.Color": ["ref", "Street.Category2.Arrow.Color"], "Street.Category2.Arrow.Tunnel.Color": ["interpolate", ["linear"], ["zoom"], 17, "#bacee100", 17.25, "#bacee1", 20, "#bacee1", 24, "#c3d8ec"], "Street.Category2.Arrow.TollTunnel.Color": ["ref", "Street.Category2.Arrow.Tunnel.Color"], "Street.Category2.Arrow.Unpaved.Color": ["interpolate", ["linear"], ["zoom"], 17, "#c6cccd00", 17.25, "#c6cccd"], "Street.Category3.Arrow.Color": ["interpolate", ["linear"], ["zoom"], 17, "#b4c5da00", 17.25, "#b4c5da", 20, "#b4c5da", 24, "#c1d2e8"], "Street.Category3.Arrow.Toll.Color": ["ref", "Street.Category3.Arrow.Color"], "Street.Category3.Arrow.Tunnel.Color": ["interpolate", ["linear"], ["zoom"], 17, "#c0cfe100", 17.25, "#c0cfe1", 20, "#c0cfe1", 24, "#cbdaec"], "Street.Category3.Arrow.TollTunnel.Color": ["ref", "Street.Category3.Arrow.Tunnel.Color"], "Street.Category3.Arrow.Unpaved.Color": ["interpolate", ["linear"], ["zoom"], 17, "#c8ced100", 17.25, "#c8ced1"], "Street.Category4.Arrow.Color": ["interpolate", ["linear"], ["zoom"], 17.25, "#b4c5da00", 17.5, "#b4c5da", 20, "#b4c5da", 24, "#c1d2e8"], "Street.Category4.Arrow.RestrictedAccess.Color": ["interpolate", ["linear"], ["zoom"], 18, "#b4c5da00", 18.25, "#b4c5da", 20, "#b4c5da", 24, "#c1d2e8"], "Street.Category4.Arrow.Toll.Color": ["ref", "Street.Category4.Arrow.Color"], "Street.Category4.Arrow.Tunnel.Color": ["interpolate", ["linear"], ["zoom"], 17.25, "#c0cfe100", 17.5, "#c0cfe1", 20, "#c0cfe1", 24, "#cbdaec"], "Street.Category4.Arrow.TollTunnel.Color": ["ref", "Street.Category4.Arrow.Tunnel.Color"], "Street.Category4.Arrow.Unpaved.Color": ["interpolate", ["linear"], ["zoom"], 17.25, "#c8ced100", 17.5, "#c8ced1"], "PolygonalRoads.Category0.Color": ["interpolate", ["linear"], ["zoom"], 17, "#b1c4dc", 18, "#a9bfd9"], "PolygonalRoads.Category1.Color": "#bccee5", "PolygonalRoads.Category2.Color": ["interpolate", ["linear"], ["zoom"], 17, "#cbdbf3", 18, "#bccee5"], "PolygonalRoads.Category3.Color": ["interpolate", ["linear"], ["zoom"], 17, "#dbe6f7", 18, "#bccee5"], "PolygonalRoads.Category4.Color": ["interpolate", ["linear"], ["zoom"], 17, "#dbe6f7", 18, "#bccee5"], "PolygonalRoads.Category0.Unpaved.Color": ["ref", "PolygonalRoads.Category1.Unpaved.Color"], "PolygonalRoads.Category1.Unpaved.Color": ["interpolate", ["linear"], ["zoom"], 17, "#d8dadc", 18, "#dcddde"], "PolygonalRoads.Category2.Unpaved.Color": ["interpolate", ["linear"], ["zoom"], 17, "#dfe2e4", 18, "#dcddde"], "PolygonalRoads.Category3.Unpaved.Color": ["interpolate", ["linear"], ["zoom"], 17, "#e8eced", 18, "#dcddde"], "PolygonalRoads.Category4.Unpaved.Color": ["interpolate", ["linear"], ["zoom"], 17, "#e8eced", 18, "#dcddde"], "PolygonalRoads.Category0.Tunnel.Color": ["interpolate", ["linear"], ["zoom"], 17, "#c2d1e4", 18, "#a9bfd999"], "PolygonalRoads.Category1.Tunnel.Color": ["interpolate", ["linear"], ["zoom"], 17, "#cbd9eb", 18, "#bccee599"], "PolygonalRoads.Category2.Tunnel.Color": ["interpolate", ["linear"], ["zoom"], 17, "#d7e3f6", 18, "#bccee599"], "PolygonalRoads.Category3.Tunnel.Color": ["interpolate", ["linear"], ["zoom"], 17, "#e3ecf9", 18, "#bccee599"], "PolygonalRoads.Category4.Tunnel.Color": ["interpolate", ["linear"], ["zoom"], 17, "#e3ecf9", 18, "#bccee599"], "PolygonalRoads.Category0.Outline.Color": ["interpolate", ["linear"], ["zoom"], 17, "#5c6e8a", 18, "#6c80a1"], "PolygonalRoads.Category1.Outline.Color": ["interpolate", ["linear"], ["zoom"], 17, "#6b86b2", 18, "#869cbf"], "PolygonalRoads.Category2.Outline.Color": ["interpolate", ["linear"], ["zoom"], 17, "#7390bf", 18, "#869cbf"], "PolygonalRoads.Category3.Outline.Color": ["interpolate", ["linear"], ["zoom"], 17, "#889ebf", 18, "#869cbf"], "PolygonalRoads.Category4.Outline.Color": ["interpolate", ["linear"], ["zoom"], 17, "#97aac7", 18, "#869cbf"], "PolygonalRoads.Category0.Unpaved.Outline.Color": ["ref", "PolygonalRoads.Category2.Unpaved.Outline.Color"], "PolygonalRoads.Category1.Unpaved.Outline.Color": ["ref", "PolygonalRoads.Category2.Unpaved.Outline.Color"], "PolygonalRoads.Category2.Unpaved.Outline.Color": ["interpolate", ["linear"], ["zoom"], 17, "#c3c6c7", 18, "#b1b2b2"], "PolygonalRoads.Category3.Unpaved.Outline.Color": ["ref", "PolygonalRoads.Category2.Unpaved.Outline.Color"], "PolygonalRoads.Category4.Unpaved.Outline.Color": ["ref", "PolygonalRoads.Category2.Unpaved.Outline.Color"], "PolygonalRoads.Category0.Tunnel.Outline.Color": ["interpolate", ["linear"], ["zoom"], 17, "#9babc0", 18, "#6c80a199"], "PolygonalRoads.Category1.Tunnel.Outline.Color": ["interpolate", ["linear"], ["zoom"], 17, "#7f92ae", 18, "#869cbf99"], "PolygonalRoads.Category2.Tunnel.Outline.Color": ["interpolate", ["linear"], ["zoom"], 17, "#8798b7", 18, "#869cbf99"], "PolygonalRoads.Category3.Tunnel.Outline.Color": ["interpolate", ["linear"], ["zoom"], 17, "#7b8fad", 18, "#869cbf99"], "PolygonalRoads.Category4.Tunnel.Outline.Color": ["interpolate", ["linear"], ["zoom"], 17, "#7b8fad", 18, "#869cbf99"], "PolygonalRoads.BikeLane.Tunnel.Color": ["interpolate", ["linear"], ["zoom"], 17.75, "#adc2db00", 18, "#adc2db60"], "PolygonalRoads.HOVLane.Tunnel.Color": ["interpolate", ["linear"], ["zoom"], 17.75, "#7f99b800", 18, "#7f99b860"], "PolygonalRoads.LaneMarking.White.Tunnel.Color": ["interpolate", ["linear"], ["zoom"], 17.75, "#fafdff00", 18, "#fafdffcc"], "PolygonalRoads.LaneMarking.Yellow.Tunnel.Color": ["interpolate", ["linear"], ["zoom"], 17.75, "#f5ed7a00", 18, "#f5ed7acc"], "PolygonalRoads.LaneMarking.Orange.Tunnel.Color": ["interpolate", ["linear"], ["zoom"], 17.75, "#ffc88c00", 18, "#ffc88ccc"], "PolygonalRoads.LaneMarking.Red.Tunnel.Color": ["interpolate", ["linear"], ["zoom"], 17.75, "#fa96a500", 18, "#fa96a5cc"], "CountryBoundary.Color": ["interpolate", ["linear"], ["zoom"], 0, "#f0d8e1", 4, "#d9a3b9", 6, "#cc7a9c", 13, "#d16d97"], "CountryBoundary.Outline.Color": ["interpolate", ["linear"], ["zoom"], 0, "#d9b8c100", 4, "#d9b8c120", 12, "#bf9da721"], "CountryBoundary.Width": ["interpolate", ["linear"], ["zoom"], 1, 0, 1, 0.6, 4, 0.9], "CountryBoundary.Outline.Width": ["interpolate", ["linear"], ["zoom"], 4, 0, 5, 3, 7, 4, 8, 5, 10, 6, 11, 7, 24, 8], "CountryBoundary.Disputed.Width": ["interpolate", ["linear"], ["zoom"], 1, 0, 1, 0.7, 4, 1], "CountryBoundary.Disputed.Outline.Width": ["interpolate", ["linear"], ["zoom"], 4, 0, 4, 3.1, 5, 3.7, 7, 3.7, 8, 4.2, 10, 4.2, 11, 4.7, 24, 4.7], "CountryBoundary.Disputed.Color": ["interpolate", ["linear"], ["zoom"], 0, "#f0cfdc", 4, "#d99cb5", 6, "#cc7599", 13, "#d16994"], "CountryBoundary.Disputed.Outline.Color": ["ref", "CountryBoundary.Outline.Color"], "StateBoundary.Width": ["interpolate", ["linear"], ["zoom"], 3, 0, 3, 0.35, 7, 0.35, 10, 1], "StateBoundary.Outline.Width": ["interpolate", ["linear"], ["zoom"], 5, 0, 5, 2, 7, 2.2, 9, 4, 10, 4.7, 11, 5, 24, 6.55], "StateBoundary.Gap.Length": ["step", ["zoom"], 0, 8, 2, 10, 2, 15, 2], "StateBoundary.Dash.Length": ["step", ["zoom"], 0, 8, 2.5, 10, 2.5, 15, 3], "StateBoundary.Color": ["interpolate", ["linear"], ["zoom"], 8, "#e9b5c8a6", 8, "#e39fba", 10, "#de99b5", 15, "#de8eae"], "StateBoundary.Outline.Color": "#f2ced721", "StateBoundary.Disputed.Color": ["interpolate", ["linear"], ["zoom"], 8, "#e9b5c8a6", 8, "#de8dad", 16, "#de88ab"], "StateBoundary.Disputed.Outline.Color": ["ref", "StateBoundary.Outline.Color"], "Country.Label.Color": ["interpolate", ["linear"], ["zoom"], 3, "#8c3f5dcc", 4, "#802d4ccc", 5, "#802d4ccc", 6, "#8c3f5dcc"], "Country.Label.Outline.Color": ["interpolate", ["linear"], ["zoom"], 5, "#fafdff66", 6, "#fafdff99"], "Country.Label.Size": ["interpolate", ["linear"], ["zoom"], 2, 0, 2, 9, 7, 17, 7, 0], "Country.Label.Tracking": 1, "SmallCountry.Label.Color": ["ref", "Country.Label.Color"], "SmallCountry.Label.Outline.Color": ["ref", "Country.Label.Outline.Color"], "SmallCountry.Label.Size": ["interpolate", ["linear"], ["zoom"], 3, 0, 3, 9, 4, 10, 7, 15, 7, 0], "SmallCountry.Label.Tracking": ["ref", "Country.Label.Tracking"], "SmallCountry.Label.Leading": ["interpolate", ["linear"], ["zoom"], 0, 0.5, 4, 0.5, 5, 1, 20, 1], "State.Label.Color": "#bd7a95", "State.Label.Outline.Color": "#fafdff99", "State.Label.Size": ["interpolate", ["linear"], ["zoom"], 4, 0, 4, 9.5, 5, 10.5, 6, 11.5, 7, 12.5, 8, 12.5, 8, 0], "State.Label.Tracking": 1, "Continent.Label.Color": "#594f53cc", "Continent.Label.Outline.Color": "#fafdff99", "Continent.Label.Size": ["interpolate", ["linear"], ["zoom"], 1, 0, 1, 14, 2, 16, 2.1, 0], "Continent.Label.Outline.Width": 1, "Continent.Label.Variant": ["ref", "Label.Variant.Regular"], "Continent.Label.Tracking": 2, "CityCenter.Class3.Icon.Size": ["step", ["zoom"], 3.5, 10, 0], "CityCenter.Class4.Icon.Size": ["step", ["zoom"], 3.5, 10, 0], "CityCenter.Class5.Icon.Size": ["step", ["zoom"], 3, 10, 0], "CityCenter.Class1.Label.Color": "#000000", "CityCenter.Class1.Label.Outline.Color": "#fffffdb5", "CityCenter.Class2.Label.Color": "#0a0a0c", "CityCenter.Class2.Label.Outline.Color": "#fffffdb5", "CityCenter.Class3.Label.Color": ["interpolate", ["linear"], ["zoom"], 5, "#222220", 7, "#141416"], "CityCenter.Class3.Label.Outline.Color": "#fffffdb5", "CityCenter.Class4.Label.Color": ["interpolate", ["linear"], ["zoom"], 7, "#2b2b2d", 10, "#1e1e20"], "CityCenter.Class4.Label.Outline.Color": "#fffffdb5", "CityCenter.Class5.Label.Color": ["interpolate", ["linear"], ["zoom"], 9, "#353537", 10, "#28282a"], "CityCenter.Class5.Label.Outline.Color": "#fffffdb5", "CityCenter.Class6.Label.Color": ["interpolate", ["linear"], ["zoom"], 11, "#46464a", 13, "#3f3f41"], "CityCenter.Class6.Label.Outline.Color": "#fffffdb5", "CityCenter.Class7.Label.Color": "#383838", "CityCenter.Class7.Label.Outline.Color": "#fffffdb5", "CityCenter.Hamlet.Label.Color": ["interpolate", ["linear"], ["zoom"], 13, "#4e4e52", 13, "#414144", 14, "#414144", 14, "#4f4f56", 15, "#4a4a52"], "CityCenter.Hamlet.Label.Outline.Color": ["interpolate", ["linear"], ["zoom"], 12, "#fffffdb5", 14, "#fffffdb5", 14, "#fffffde6"], "CityCenter.Hamlet.Label.Outline.Width": 1.25, "Neighborhood.Label.Color": ["interpolate", ["linear"], ["zoom"], 13, "#414144", 14, "#414144", 14, "#4a4a52"], "Neighborhood.Label.Outline.Color": ["interpolate", ["linear"], ["zoom"], 12, "#fffffdb5", 14, "#fffffdb5", 15, "#fffffde6"], "Neighborhood.Label.Outline.Width": 1.25, "CityCenter.Class1.Label.Size": ["interpolate", ["linear"], ["zoom"], 3, 0, 3, 13, 9, 20, 14, 27, 14, 0], "CityCenter.Class2.Label.Size": ["interpolate", ["linear"], ["zoom"], 3, 0, 3, 12.5, 9, 16, 15, 25, 15, 0], "CityCenter.Class3.Label.Size": ["interpolate", ["linear"], ["zoom"], 3, 0, 3, 12, 4, 12, 9, 14.5, 15, 22, 15, 0], "CityCenter.Class4.Label.Size": ["interpolate", ["linear"], ["zoom"], 3, 0, 3, 11.5, 5, 11.5, 9, 13, 15, 21, 15, 0], "CityCenter.Class5.Label.Size": ["interpolate", ["linear"], ["zoom"], 4, 0, 4, 11, 6, 11, 9, 12, 15, 19, 15, 0], "CityCenter.Class6.Label.Size": ["interpolate", ["linear"], ["zoom"], 5, 0, 5, 10.5, 7, 10.5, 9, 11, 15, 17, 15, 0], "CityCenter.Class7.Label.Size": ["interpolate", ["linear"], ["zoom"], 6, 0, 6, 10, 9, 10, 15, 15, 15, 0], "CityCenter.Hamlet.Label.Size": ["interpolate", ["linear"], ["zoom"], 7, 0, 7, 9.5, 9, 9.5, 16, 14, 16, 0], "Neighborhood.Label.Size": ["interpolate", ["linear"], ["zoom"], 7, 0, 7, 9, 9, 9, 16, 13, 16, 0], "Neighborhood.China.Label.Size": ["interpolate", ["linear"], ["zoom"], 12, 0, 12, 11, 16, 12], "CityCenter.Class1.Label.Tracking": ["interpolate", ["linear"], ["zoom"], 13, 0, 13, 1, 14, 2], "CityCenter.Class2.Label.Tracking": ["ref", "CityCenter.Class1.Label.Tracking"], "CityCenter.Class3.Label.Tracking": ["ref", "CityCenter.Class1.Label.Tracking"], "CityCenter.Class4.Label.Tracking": ["ref", "CityCenter.Class1.Label.Tracking"], "CityCenter.Class5.Label.Tracking": ["ref", "CityCenter.Class1.Label.Tracking"], "CityCenter.Class6.Label.Tracking": ["ref", "CityCenter.Class1.Label.Tracking"], "CityCenter.Class7.Label.Tracking": ["ref", "CityCenter.Class1.Label.Tracking"], "CityCenter.Hamlet.Label.Tracking": ["interpolate", ["linear"], ["zoom"], 13, 0, 13, 0.5], "Neighborhood.Label.Tracking": ["ref", "CityCenter.Hamlet.Label.Tracking"], "POI.Icon.Size": ["interpolate", ["linear"], ["zoom"], 10, 18, 12, 20, 14, 23, 15, 23, 16, 25, 17, 25, 18, 26, 20, 26, 24, 60], "POI.TransitStop.Icon.Size": ["interpolate", ["linear"], ["zoom"], 10, 18, 12, 20, 13, 21.5, 14, 24, 15, 24, 16, 26, 17, 27, 18, 28, 20, 28, 24, 64], "POI.TransitAccess.Icon.Size": ["interpolate", ["linear"], ["zoom"], 18, 22, 19, 22, 19, 22, 20, 22, 24, 50], "POI.Label.Size": ["interpolate", ["linear"], ["zoom"], 5, 0, 5, 8, 8, 9, 12, 9, 13, 10, 15, 10, 16, 11, 17, 12, 20, 12, 24, 25], "POI.Accomodation.Label.Color": "#805eb5", "POI.Automotive.Label.Color": "#3a8cb7", "POI.BusinessServicesAreas.Label.Color": "#7784a1", "POI.EatDrink.Label.Color": "#bb732c", "POI.Emergency.Label.Color": "#c53550", "POI.Entertainment.Label.Color": "#b46e92", "POI.Facilities.Label.Color": "#8f7873", "POI.LeisureOutdoor.Label.Color": "#289470", "POI.Shopping.Label.Color": "#af427d", "POI.SightsMuseum.Label.Color": "#9e5daa", "POI.Generic.Label.Color": "#838486", "POI.Generic.Label.Outline.Color": "#ffffffbf", "POI.Label.Outline.Width": 1.5, "POI.TransitStop.Label.Outline.Width": 1.5, "POI.TransitStop.Label.OffsetY": -1.5, "POI.Icon.AnchorPoint.TopDown": 0, "POI.Icon.AnchorPoint.Tilt": 0, "POI.TransitStop.Icon.AnchorPoint.TopDown": 1, "POI.TransitStop.Icon.AnchorPoint.Tilt": 0.5, "POI.TransitStop.Label.Color": "#3569ae", "POI.TransitStop.Label.Outline.Color": ["ref", "POI.Generic.Label.Outline.Color"], "POI.TransitStop.Label.Size": ["ref", "POI.Label.Size"], "Polygon.Ambient.Factor": 0.69, "Polygon.Diffuse.Factor": 1, "Land.PolygonLighting.Enabled": false, "Water.PolygonLighting.Enabled": false, "ExtrudedBuilding.FakeAO.Height": 3, "ExtrudedBuilding.Color": "#f2f5f7b3", "ExtrudedBuilding.Outline.Width": 1, "ExtrudedBuilding.Outline.Color": ["interpolate", ["linear"], ["zoom"], 17.5, "#dce5e8", 18, "#d2d6de"], "Building.Color": "#ffffffb3", "Building.Outline.Color": "#dce5e8", "Building.Outline.Width": ["interpolate", ["linear"], ["zoom"], 15, 0.2, 16, 0.3, 17, 0.3, 20, 0.5, 24, 0.75], "Building.Label.Color": "#3f646bd9", "Building.Label.Outline.Color": "#ffffffbf", "Building.Label.Outline.Width": 1.5, "Building.Label.Size": ["interpolate", ["linear"], ["zoom"], 0, 11, 15, 11, 16, 12, 20, 12, 24, 14.4], "BuildingAddress.Label.Size": ["interpolate", ["linear"], ["zoom"], 18, 0, 18, 10, 20, 10, 24, 12], "BuildingAddress.Label.Color": "#48747cd9", "BuildingAddress.Label.Outline.Color": "#ffffffbf", "BuildingAddress.Label.Outline.Width": 1, "Landmark.FakeAO.Height": 3, "Landmark.FakeAO.Color": "#f2fcff", "Landmark.Gradient.Color": "#7c848758", "Landmark.Ambient.Factor": 0.63, "Landmark.Diffuse.Factor": 0.7, "Landmark.Specular.Factor": 0, "Traffic.Icon.Size": ["interpolate", ["linear"], ["zoom"], 9, 0, 9, 21, 12, 21, 13, 22, 14, 23, 15, 24, 16, 26, 18, 27, 20, 27, 24, 55], "SafetyCamera.Icon.Size": ["interpolate", ["linear"], ["zoom"], 9, 0, 9, 17, 12, 17, 13, 18, 14, 19, 15, 20, 16, 22, 18, 23, 20, 23, 24, 55], "Traffic.Flow.Free.Color": "#84e8a6", "Traffic.Flow.Free.Outline.Color": "#4bb46c", "Traffic.Flow.SlowMinor.Color": "#fcee81", "Traffic.Flow.SlowMinor.Outline.Color": "#e58094", "Traffic.Flow.StationaryQueuing.Color": "#ff7d90", "Traffic.Flow.StationaryQueuing.Outline.Color": "#dd003f", "Traffic.Flow.Blocking.Color": "#ffffff", "Traffic.Flow.Blocking.Second.Color": "#f13764", "Traffic.Flow.Blocking.Outline.Color": "#ff7d90", "Traffic.Incident.Color": "#1a1a2870", "Traffic.Incident.Outline.Color": "#d5e5ea", "Traffic.Incident.Gap.Length": ["step", ["zoom"], 1.55, 8, 1.55, 9, 1.55, 10, 1.85, 11, 2.15, 12, 2.45, 13, 2.8, 14, 3.1, 15, 3.7, 16, 3.85, 17, 4.95, 18, 6.2, 19, 6.2, 20, 6.8, 20.25, 12.4, 20.5, 24.8, 21, 37.15, 22, 55.75, 23, 80.55, 24, 92.95], "Traffic.Incident.Dash.Length": ["step", ["zoom"], 2.8, 8, 2.8, 9, 2.8, 10, 3.1, 11, 3.4, 12, 3.7, 13, 4.35, 14, 4.95, 15, 5.25, 16, 6.8, 17, 7.45, 18, 8.65, 19, 9.9, 20, 11.15, 20.25, 18.6, 20.5, 37.15, 21, 61.95, 22, 86.75, 23, 99.1, 24, 123.9], "Traffic.Category0.Width": ["interpolate", ["linear"], ["zoom"], 7, 0.6, 8, 0.9, 9, 0.9, 10, 0.9, 11, 1.55, 12, 2.15, 13, 2.45, 14, 2.8, 15, 2.8, 16, 3.4, 17, 3.7, 18, 4.35, 19, 5.25, 20, 6.2, 24, 61.95], "Traffic.Category0.Outline.Width": ["interpolate", ["linear"], ["zoom"], 7, 0, 7, 0.3, 8, 0.3, 8, 0.6], "Traffic.Category0.Offset": ["interpolate", ["linear"], ["zoom"], 7, 1.25, 8, 1.25, 9, 1.55, 10, 1.55, 11, 1.85, 12, 2.45, 13, 3.1, 14, 3.7, 15, 4.35, 16, 5.55, 17, 4.95, 18, 9.3, 19, 13, 20, 21.05, 24, 123.9], "Traffic.Category0.Ramp.Offset": ["interpolate", ["linear"], ["zoom"], 7, 0.6, 9, 0.6, 10, 1.2, 11, 1.5, 12, 2.7, 13, 2.8, 14, 3, 15, 3, 16, 3, 17, 3.5, 18, 4.5, 19, 5.5, 20, 7, 24, 80], "Traffic.Category1.Width": ["interpolate", ["linear"], ["zoom"], 10, 0.6, 11, 0.9, 12, 1.25, 13, 1.85, 14, 2.15, 15, 2.45, 16, 2.8, 17, 3.1, 18, 3.7, 19, 4.65, 20, 5.55, 24, 49.55], "Traffic.Category1.Outline.Width": ["interpolate", ["linear"], ["zoom"], 10, 0, 10, 0.3, 11, 0.3, 11, 0.6], "Traffic.Category1.Offset": ["interpolate", ["linear"], ["zoom"], 10, 1.25, 13, 1.85, 14, 2.45, 15, 2.45, 16, 2.8, 17, 3.7, 18, 8.05, 19, 9.3, 20, 15.5, 24, 108.4], "Traffic.Category1.Ramp.Offset": ["interpolate", ["linear"], ["zoom"], 10, 1.25, 11, 1.85, 12, 2.15, 13, 2.15, 14, 2.45, 15, 2.5, 16, 3, 17, 3, 18, 4, 19, 5.5, 20, 6, 24, 55], "Traffic.Category2.Width": ["interpolate", ["linear"], ["zoom"], 13, 0.9, 13, 1.25, 14, 1.55, 15, 1.85, 16, 2.15, 17, 2.45, 18, 3.1, 19, 4, 20, 4.65, 24, 43.35], "Traffic.Category2.Outline.Width": ["interpolate", ["linear"], ["zoom"], 13, 0, 13, 0.3, 14, 0.3, 14, 0.6], "Traffic.Category2.Offset": ["interpolate", ["linear"], ["zoom"], 13, 1.85, 14, 2.15, 15, 3.1, 16, 3.7, 17, 3.7, 18, 6.8, 19, 7.45, 20, 13.65, 24, 86.75], "Traffic.Category2.Ramp.Offset": ["interpolate", ["linear"], ["zoom"], 13, 1, 14, 1.2, 15, 2, 16, 2, 17, 3, 18, 3, 19, 5, 20, 6, 24, 40], "Traffic.Category3.Width": ["interpolate", ["linear"], ["zoom"], 14, 1.55, 15, 1.55, 16, 1.85, 17, 2.15, 18, 2.45, 19, 3.1, 20, 3.7, 24, 37.15], "Traffic.Category3.Outline.Width": ["interpolate", ["linear"], ["zoom"], 14, 0, 14, 0.3, 15, 0.3, 15, 0.6], "Traffic.Category3.Offset": ["interpolate", ["linear"], ["zoom"], 14, 1.85, 15, 2.45, 16, 3.1, 17, 3.7, 18, 6.2, 19, 7.45, 20, 13, 24, 68.15], "Traffic.Category3.Ramp.Offset": ["interpolate", ["linear"], ["zoom"], 14, 1.5, 15, 2, 16, 2.5, 17, 3, 18, 3, 19, 5, 20, 6, 24, 30], "Traffic.Category4.Width": ["interpolate", ["linear"], ["zoom"], 16, 1.55, 17, 1.85, 18, 2.15, 19, 2.45, 20, 3.1, 24, 30.95], "Traffic.Category4.Outline.Width": ["interpolate", ["linear"], ["zoom"], 16, 0, 16, 0.3, 17, 0.3, 17, 0.6], "Traffic.Category4.Offset": ["interpolate", ["linear"], ["zoom"], 16, 1.85, 17, 2.15, 18, 3.4, 19, 5.55, 20, 11.15, 24, 49.55], "Traffic.Category4.Ramp.Offset": ["interpolate", ["linear"], ["zoom"], 16, 1, 17, 1.5, 18, 2.5, 19, 4, 20, 6, 24, 20], "Traffic.OnRoute.Free.Color": "#84e8a600", "Traffic.OnRoute.SlowMinor.Color": "#f5c08e", "Traffic.OnRoute.StationaryQueuing.Color": "#f03261", "Traffic.OnRoute.Blocking.Color": ["ref", "Traffic.OnRoute.StationaryQueuing.Color"], "Traffic.OnRoute.Traveled.Color": "#00000000", "Traffic.OnRoute.Width": ["ref", "Route.Width"], "Route.Active.Color": "#0d61de", "Route.Active.Outline.Color": "#002693", "Route.Alternative1.Color": "#82beff", "Route.Alternative1.Outline.Color": "#396acb", "Route.Alternative2.Color": "#c7e2ff", "Route.Alternative2.Outline.Color": "#6688cb", "Route.Traveled.Color": "#b9c5d4", "Route.Traveled.Outline.Color": "#929fb2", "Route.Width": ["interpolate", ["linear"], ["zoom"], 0, 4.35, 5, 4.35, 6, 4.95, 7, 5.55, 10, 5.55, 11, 6.2, 14, 6.2, 15, 6.8, 16, 8.05, 17, 9.3, 18, 10.55, 19, 13, 20, 20.45, 24, 154.9], "Route.Outline.Width": 2.45, "Street.SimpleLine.ZoomLevelSpan": 1.0, "Street.Category4.SimpleLine.ZoomLevelSpan": 1.0, "Truck.Label.Color": "#333333", "Truck.Label.Color.Inactive": "#8f8f8f", "Truck.Color": "#8a4fff", "Truck.Color.Inactive": "#c7adff", "Truck.Category0.Width": ["interpolate", ["linear"], ["zoom"], 0, 0.6, 8, 0.9, 9, 1.25, 10, 1.55, 11, 1.85, 13, 2.15, 15, 2.65, 17, 4.95, 19, 9.3, 20, 11.75, 24, 55.75], "Truck.Category1.Width": ["interpolate", ["linear"], ["zoom"], 0, 0.6, 9, 0.75, 11, 1.25, 13, 1.55, 15, 2.15, 17, 4.35, 18, 6.8, 19, 8.05, 20, 9.9, 24, 42.15], "Truck.Category2.Width": ["interpolate", ["linear"], ["zoom"], 0, 0.6, 11, 0.6, 13, 1.1, 15, 1.7, 17, 3.1, 18, 5.25, 19, 6.5, 20, 8.35, 24, 40.25], "Truck.Category3.Width": ["interpolate", ["linear"], ["zoom"], 0, 0.6, 13, 0.6, 15, 1.1, 17, 2.3, 18, 4, 19, 4.95, 20, 6.8, 24, 37.15], "Truck.Category4.Width": ["interpolate", ["linear"], ["zoom"], 0, 0.6, 15, 0.6, 16, 0.75, 17, 1.25, 18, 2.8, 19, 3.7, 20, 4.95, 24, 30.95], "Truck.Pedestrian.Width": ["interpolate", ["linear"], ["zoom"], 0, 0.45, 16, 0.45, 17, 0.6, 18, 1.25, 19, 1.85, 20, 2.45, 24, 3.1], "RoadShield.Label.Style": ["ref", "Label.Style.Bold"], "RoadShield.Label.SizeFactor": ["interpolate", ["linear"], ["zoom"], 12, 1, 20, 1.5, 24, 2], "Truck.Label.SizeFactor": ["interpolate", ["linear"], ["zoom"], 9, 0.9, 16, 1.2, 20, 1.5, 24, 3], "Street.TruckPreferred.Category0.Color": ["interpolate", ["linear"], ["zoom"], 8, "#eb3aebcc", 10, "#eb3aeb99", 12, "#eb3aeb80", 14, "#eb3aeb73", 16, "#eb3aeb66", 18, "#eb3aeb59", 20, "#eb3aeb4d"], "Street.TruckPreferred.Category1.Color": ["ref", "Street.TruckPreferred.Category0.Color"], "Street.TruckPreferred.Category2.Color": ["ref", "Street.TruckPreferred.Category0.Color"], "Street.TruckPreferred.Category3.Color": ["ref", "Street.TruckPreferred.Category0.Color"], "Street.TruckPreferred.Category4.Color": ["ref", "Street.TruckPreferred.Category0.Color"], "RemainingRangeEV.Line.Color": "#17adb3", "RemainingRangeEV.Line.Width": ["interpolate", ["linear"], ["zoom"], 3, 0, 4, 0.5, 6, 0.8, 7, 0.8, 8, 1.1, 9, 1.1, 10, 1.45, 11, 1.45, 12, 1.75, 14, 2.65, 15, 3.9, 20, 5.15], "RemainingRangeEV.Outline.Color": "#17adb3", "RemainingRangeEV.Outline.Width": 0, "RemainingRangeEV.Outline.Offset": 0, "RemainingRangeEV.OuterGradient.Color": ["interpolate", ["linear"], ["zoom"], 0, "#7df9ff00", 3, "#7df9ffb3"], "RemainingRangeEV.InnerGradient.Color": "#7df9ff00", "Chairlift.Line.Color": ["interpolate", ["linear"], ["zoom"], 13, "#999eb9", 15, "#3a4168"], "Chairlift.Line.Width": ["interpolate", ["linear"], ["zoom"], 13, 0.6, 15, 1.25, 17, 1.85, 19, 2.45, 24, 3.7], "Chairlift.Label.Size": ["ref", "Transit.Regional.Label.Size"], "Chairlift.Label.Color": "#ffffff", "Chairlift.Label.Outline.Color": "#3a4168", "Chairlift.Label.Outline.Width": ["interpolate", ["linear"], ["zoom"], 13, 1, 19, 1.7], "SkiRun.Line.Color": "#ffffff", "SkiRun.Line.Width": ["interpolate", ["linear"], ["zoom"], 13, 1.25, 15, 2.45, 17, 7.45, 19, 14.85, 24, 61.95], "SkiRun.Outline.Color": "#a5abc7", "SkiRun.Outline.Width": ["interpolate", ["linear"], ["zoom"], 13, 0, 13.5, 0.25], "SkiRun.Label.Size": ["interpolate", ["linear"], ["zoom"], 13, 0, 15.5, 0, 15.5, 9, 17, 11, 20, 13, 24, 15.8], "SkiRun.Label.Color": "#727aa4", "SkiRun.Label.Outline.Color": ["interpolate", ["linear"], ["zoom"], 11, "#fffffff2", 12, "#fffffff2", 14, "#ffffffd9", 17, "#ffffffcc"], "SkiRun.Label.Outline.Width": 1, "SkiRun.Arrow.Color": ["interpolate", ["linear"], ["zoom"], 17, "#d5d8e500", 18, "#d5d8e5"], "EnvironmentalZone.Color": ["interpolate", ["linear"], ["zoom"], 0, "#00839233", 9, "#00839226", 10, "#00839226", 11, "#00839221", 12, "#0083921a", 13, "#0083920d", 20, "#00839203"], "CongestionZone.Color": ["interpolate", ["linear"], ["zoom"], 0, "#6a006a33", 9, "#6a006a26", 10, "#6a006a26", 11, "#6a006a21", 12, "#6a006a1a", 13, "#6a006a0d", 20, "#6a006a03"], "EnvironmentalZone.Outline.Color": ["interpolate", ["linear"], ["zoom"], 12, "#0b8897", 15, "#00636e"], "EnvironmentalZone.SecondOutline.Color": ["interpolate", ["linear"], ["zoom"], 12, "#2ea2b826", 15, "#5c9fac33"], "CongestionZone.Outline.Color": ["interpolate", ["linear"], ["zoom"], 12, "#a565a5", 15, "#8a378a"], "CongestionZone.SecondOutline.Color": ["interpolate", ["linear"], ["zoom"], 12, "#c47bc626", 15, "#c37cc433"], "EnvironmentalZone.Outline.Width": ["interpolate", ["linear"], ["zoom"], 0, 0.6, 11, 0.6, 14, 1.25, 15, 1.25, 16, 1.85, 20, 1.85], "EnvironmentalZone.SecondOutline.Width": ["interpolate", ["linear"], ["zoom"], 11.5, 0, 14, 6, 15, 8, 16, 10, 18, 18, 20, 20, 24, 160], "EnvironmentalZone.SecondOutline.Offset": ["interpolate", ["linear"], ["zoom"], 11.5, 0, 14, 3, 15, 4, 16, 5, 18, 9, 20, 10, 24, 80], "CongestionZone.Outline.Width": ["ref", "EnvironmentalZone.Outline.Width"], "CongestionZone.SecondOutline.Width": ["ref", "EnvironmentalZone.SecondOutline.Width"], "CongestionZone.SecondOutline.Offset": ["ref", "EnvironmentalZone.SecondOutline.Offset"], "EnvironmentalZone.Label.Color": "#006b77", "CongestionZone.Label.Color": "#722d72", "EnvironmentalZone.Label.Size": ["interpolate", ["linear"], ["zoom"], 7, 0, 7, 12, 14, 12, 15, 13, 16, 13, 17, 14, 20, 14, 24, 16.8], "CongestionZone.Label.Size": ["ref", "EnvironmentalZone.Label.Size"], "EnvironmentalZone.Label.Outline.Color": "#e6f1f480", "CongestionZone.Label.Outline.Color": "#e0e6ee80", "EnvironmentalZone.Label.Outline.Width": 1.5, "CongestionZone.Label.Outline.Width": 1.5, "EnvironmentalZone.Label.Tracking": 5, "CongestionZone.Label.Tracking": 5, "EnvironmentalZone.Label.Leading": ["interpolate", ["linear"], ["zoom"], 0, 3, 12, 3, 13, 4, 16, 4, 17, 5, 20, 5], "CongestionZone.Label.Leading": ["interpolate", ["linear"], ["zoom"], 0, 3, 12, 3, 13, 4, 16, 4, 17, 5, 20, 5], "LandParcelBoundary.Color": "#c8ced464", "LandParcelBoundary.Width": ["interpolate", ["linear"], ["zoom"], 16.5, 0, 16.5, 0.25, 20, 0.3, 24, 0.5], "ExitInfo.Number.Display.Enabled": true, "ExitInfo.Name.Display.Enabled": true, "Transit.Outline.Color": "#ffffff", "Transit.Label.Style": ["ref", "Label.Style.Bold"], "Transit.Label.Color": ["ref", "Transit.Outline.Color"], "Transit.HighSpeed.Line.Color": "#657aab", "Transit.HighSpeed.Label.Outline.Color": ["ref", "Transit.HighSpeed.Line.Color"], "Transit.HighSpeed.Line.Width": ["interpolate", ["linear"], ["zoom"], 5, 0, 5, 0.75, 8, 1, 10, 1.25, 12, 1.5, 16, 2, 18, 2.5, 20, 3, 24, 4], "Transit.HighSpeed.Outline.Width": ["interpolate", ["linear"], ["zoom"], 5, 0, 5, 0.25, 8, 0.5, 10, 0.65, 12, 0.75, 18, 1, 20, 1.25, 24, 1.75], "Transit.HighSpeed.Line.Offset": 0, "Transit.HighSpeed.Label.Size": 0, "Transit.HighSpeed.Label.Outline.Width": 0, "Transit.Intercity.Line.Color": ["ref", "Transit.HighSpeed.Line.Color"], "Transit.Intercity.Label.Outline.Color": ["ref", "Transit.Intercity.Line.Color"], "Transit.Intercity.Line.Width": ["interpolate", ["linear"], ["zoom"], 6, 0, 6, 0.9, 8, 1, 10, 1.25, 12, 1.5, 16, 2, 18, 2.5, 20, 3, 24, 4], "Transit.Intercity.Outline.Width": ["interpolate", ["linear"], ["zoom"], 6, 0, 6, 0.3, 8, 0.5, 10, 0.65, 12, 0.75, 18, 1, 20, 1.25, 24, 1.75], "Transit.Intercity.Line.Offset": 0, "Transit.Intercity.Label.Size": 0, "Transit.Intercity.Label.Outline.Width": 0, "Transit.Regional.Line.Color": ["ref", "Transit.HighSpeed.Line.Color"], "Transit.Regional.Label.Outline.Color": ["ref", "Transit.Regional.Line.Color"], "Transit.Regional.Line.Width": ["interpolate", ["linear"], ["zoom"], 8, 0, 8, 1, 10, 1.25, 12, 1.5, 16, 2, 18, 2.5, 20, 3, 24, 4], "Transit.Regional.Outline.Width": ["interpolate", ["linear"], ["zoom"], 8, 0, 8, 0.5, 10, 0.65, 12, 0.75, 18, 1, 20, 1.25, 24, 1.75], "Transit.Regional.Line.Offset": 0, "Transit.Regional.Label.Size": ["interpolate", ["linear"], ["zoom"], 14, 0, 14, 9.5, 16, 11, 18, 13, 20, 15, 24, 20], "Transit.Regional.Label.Outline.Width": ["interpolate", ["linear"], ["zoom"], 14, 1.25, 16, 1.5, 24, 2.25], "Transit.Suburban.Line.Color": "#008b44", "Transit.Suburban.Label.Outline.Color": ["ref", "Transit.Suburban.Line.Color"], "Transit.Suburban.Line.Width": ["interpolate", ["linear"], ["zoom"], 10, 0, 10, 1.25, 12, 1.5, 16, 2, 18, 2.5, 20, 3, 24, 4], "Transit.Suburban.Outline.Width": ["interpolate", ["linear"], ["zoom"], 10, 0, 10, 0.65, 12, 0.75, 18, 1, 20, 1.25, 24, 1.75], "Transit.Suburban.Line.Offset": 0, "Transit.Suburban.Label.Size": ["interpolate", ["linear"], ["zoom"], 14, 0, 14, 9.5, 16, 11, 18, 13, 20, 15, 24, 20], "Transit.Suburban.Label.Outline.Width": ["interpolate", ["linear"], ["zoom"], 14, 1.25, 16, 1.5, 24, 2.25], "Transit.Train.Line.Color": ["ref", "Transit.Regional.Line.Color"], "Transit.Train.Label.Outline.Color": ["ref", "Transit.Train.Line.Color"], "Transit.Train.Line.Width": ["ref", "Transit.Suburban.Line.Width"], "Transit.Train.Outline.Width": ["ref", "Transit.Suburban.Outline.Width"], "Transit.Train.Line.Offset": 0, "Transit.Train.Label.Size": ["ref", "Transit.Suburban.Label.Size"], "Transit.Train.Label.Outline.Width": ["ref", "Transit.Suburban.Label.Outline.Width"], "Transit.Subway.Line.Width": ["interpolate", ["linear"], ["zoom"], 12, 0, 12, 1, 14, 1.25, 16, 1.5, 18, 2, 20, 2.5, 24, 3.5], "Transit.Subway.Outline.Width": ["interpolate", ["linear"], ["zoom"], 12, 0, 12, 0.5, 14, 0.75, 16, 0.9, 18, 1, 20, 1.25, 24, 1.75], "Transit.Subway.Line.Offset": ["interpolate", ["linear"], ["zoom"], 12, 0, 12, 2, 14, 2.75, 16, 3.3, 18, 4, 20, 5, 24, 7], "Transit.Subway.Label.Size": ["interpolate", ["linear"], ["zoom"], 14, 0, 14, 9.5, 16, 11, 18, 13, 20, 15, 24, 20], "Transit.Subway.Label.Outline.Width": ["interpolate", ["linear"], ["zoom"], 14, 1.25, 16, 1.5, 24, 2.25], "Transit.Ferry.Line.Color": "#4bb1e3", "Transit.Ferry.Label.Outline.Color": ["ref", "Transit.Ferry.Line.Color"], "Transit.Ferry.Line.Width": ["interpolate", ["linear"], ["zoom"], 13, 0, 13, 0.4, 14, 0.5, 16, 0.85, 18, 1.25, 20, 1.65, 24, 2.25], "Transit.Ferry.Outline.Width": 0, "Transit.Ferry.Line.Offset": 0, "Transit.Ferry.Label.Size": ["interpolate", ["linear"], ["zoom"], 15, 0, 15, 12, 18, 13, 20, 15, 24, 20], "Transit.Ferry.Label.Outline.Width": ["interpolate", ["linear"], ["zoom"], 16, 2, 24, 3], "Transit.Tram.Line.Width": ["interpolate", ["linear"], ["zoom"], 14, 0, 14, 0.65, 16, 1.15, 18, 1.65, 20, 2.15, 24, 3], "Transit.Tram.Outline.Width": ["interpolate", ["linear"], ["zoom"], 14, 0, 14, 0.6, 16, 0.65, 18, 0.85, 20, 1.1, 24, 1.6], "Transit.Tram.Line.Offset": ["interpolate", ["linear"], ["zoom"], 14, 0, 14, 2, 16, 2.5, 18, 3.5, 20, 4.5, 24, 6.25], "Transit.Tram.Label.Size": ["interpolate", ["linear"], ["zoom"], 16, 0, 16, 11, 18, 13, 20, 15, 24, 20], "Transit.Tram.Label.Outline.Width": ["interpolate", ["linear"], ["zoom"], 14, 1, 16, 1.25, 24, 2], "Transit.Monorail.Line.Width": ["ref", "Transit.Tram.Line.Width"], "Transit.Monorail.Outline.Width": ["ref", "Transit.Tram.Outline.Width"], "Transit.Monorail.Line.Offset": ["ref", "Transit.Tram.Line.Offset"], "Transit.Monorail.Label.Size": ["ref", "Transit.Tram.Label.Size"], "Transit.Monorail.Label.Outline.Width": ["ref", "Transit.Tram.Label.Outline.Width"], "Transit.Aerial.Line.Width": ["interpolate", ["linear"], ["zoom"], 15, 0, 15, 1, 16, 1.15, 18, 1.65, 20, 2.15, 24, 3], "Transit.Aerial.Outline.Width": ["interpolate", ["linear"], ["zoom"], 15, 0, 15, 0.65, 16, 0.65, 18, 0.85, 20, 1.1, 24, 1.6], "Transit.Aerial.Line.Offset": ["interpolate", ["linear"], ["zoom"], 15, 0, 15, 2.2, 16, 2.5, 18, 3.5, 20, 4.5, 24, 6.25], "Transit.Aerial.Label.Size": ["interpolate", ["linear"], ["zoom"], 16, 0, 16, 11, 18, 13, 20, 15, 24, 20], "Transit.Aerial.Label.Outline.Width": ["interpolate", ["linear"], ["zoom"], 16, 1.25, 24, 2], "Transit.Funicular.Line.Width": ["ref", "Transit.Aerial.Line.Width"], "Transit.Funicular.Outline.Width": ["ref", "Transit.Aerial.Outline.Width"], "Transit.Funicular.Line.Offset": ["ref", "Transit.Aerial.Line.Offset"], "Transit.Funicular.Label.Size": ["ref", "Transit.Aerial.Label.Size"], "Transit.Funicular.Label.Outline.Width": ["ref", "Transit.Aerial.Label.Outline.Width"], "Transit.Fallback.Line.Color": ["ref", "Transit.HighSpeed.Line.Color"], "Transit.Fallback.Label.Outline.Color": ["ref", "Transit.Fallback.Line.Color"], "Transit.Fallback.Line.Width": ["ref", "Transit.Aerial.Line.Width"], "Transit.Fallback.Outline.Width": ["ref", "Transit.Aerial.Outline.Width"], "Transit.Fallback.Line.Offset": 0, "Transit.Fallback.Label.Size": ["ref", "Transit.Aerial.Label.Size"], "Transit.Fallback.Label.Outline.Width": ["ref", "Transit.Aerial.Label.Outline.Width"], "Transit.Label.Outline.Color.Darken": 0.03, "PTFeature.Street.Category0.Label.Size": ["interpolate", ["linear"], ["zoom"], 14, 0, 14, 13.5, 15, 14, 16, 15, 17, 15, 18, 16, 20, 16, 24, 42], "PTFeature.Street.Category1.Label.Size": ["interpolate", ["linear"], ["zoom"], 15, 0, 15, 13, 16, 14, 17, 14, 18, 16, 20, 16, 24, 38], "PTFeature.Street.Category2.Label.Size": ["interpolate", ["linear"], ["zoom"], 16, 0, 16, 13, 17, 13, 18, 15, 20, 15, 24, 34], "PTFeature.Street.Category3.Label.Size": ["interpolate", ["linear"], ["zoom"], 17, 0, 17, 13, 18, 14, 20, 14, 24, 23], "PTFeature.Street.Category4.Label.Size": ["interpolate", ["linear"], ["zoom"], 18, 0, 18, 13, 20, 14, 24, 18], "PTFeature.Street.Walkway.Label.Size": ["interpolate", ["linear"], ["zoom"], 18, 0, 18, 12, 20, 13, 24, 16], "PTFeature.Street.Pedestrian.Label.Size": ["interpolate", ["linear"], ["zoom"], 18, 0, 18, 12, 20, 13, 24, 16], "PTFeature.Street.Category0.Label.Ramp.Size": 0, "PTFeature.Street.Category1.Label.Ramp.Size": ["ref", "PTFeature.Street.Category0.Label.Ramp.Size"], "PTFeature.Street.Category2.Label.Ramp.Size": ["ref", "PTFeature.Street.Category0.Label.Ramp.Size"], "PTFeature.Street.Category3.Label.Ramp.Size": ["ref", "PTFeature.Street.Category0.Label.Ramp.Size"], "PTFeature.Street.Category4.Label.Ramp.Size": ["ref", "PTFeature.Street.Category0.Label.Ramp.Size"], "PTFeature.POI.TransitStop.Label.Color": "#3569ae", "PTFeature.POI.TransitStop.Label.Outline.Color": "#f5fafae8", "PTFeature.Street.Category0.Label.Outline.Color": "#ffffff", "PTFeature.Street.Category1.Label.Outline.Color": ["ref", "PTFeature.Street.Category0.Label.Outline.Color"], "PTFeature.Street.Category2.Label.Outline.Color": ["ref", "PTFeature.Street.Category0.Label.Outline.Color"], "PTFeature.Street.Category3.Label.Outline.Color": ["ref", "PTFeature.Street.Category0.Label.Outline.Color"], "PTFeature.Street.Category4.Label.Outline.Color": ["ref", "PTFeature.Street.Category0.Label.Outline.Color"], "PTFeature.Street.Category0.Label.Toll.Outline.Color": ["ref", "PTFeature.Street.Category0.Label.Outline.Color"], "PTFeature.Street.Category1.Label.Toll.Outline.Color": ["ref", "PTFeature.Street.Category1.Label.Outline.Color"], "PTFeature.Street.Category2.Label.Toll.Outline.Color": ["ref", "PTFeature.Street.Category2.Label.Outline.Color"], "PTFeature.Street.Category3.Label.Toll.Outline.Color": ["ref", "PTFeature.Street.Category3.Label.Outline.Color"], "PTFeature.Street.Category4.Label.Toll.Outline.Color": ["ref", "PTFeature.Street.Category4.Label.Outline.Color"], "ContourLine.Counting.Width": ["interpolate", ["linear"], ["zoom"], 11.1, 0, 11.1, 0.5, 12, 0.75, 14, 1, 15, 1.25, 17, 1.5], "ContourLine.Width": ["interpolate", ["linear"], ["zoom"], 11.1, 0, 11.1, 0.3, 12, 0.38, 14, 0.5, 15, 0.63, 17, 0.75], "ContourLine.Counting.Color": ["interpolate", ["linear"], ["zoom"], 11, "#8c57311a", 12, "#8c573126", 13, "#8c573129", 15, "#8c57312b", 16, "#8c573129"], "ContourLine.Color": ["interpolate", ["linear"], ["zoom"], 11, "#8c573108", 12, "#8c573112", 15, "#8c57311a"], "ContourLine.Label.Size": ["interpolate", ["linear"], ["zoom"], 13, 0, 13, 9.5, 15, 9.5, 18, 11], "ContourLine.Label.Outline.Width": 1.25, "ContourLine.Label.Color": "#663f247a", "ContourLine.Label.Outline.Color": "#ffffff32"}}