{"definitions": {"Is.Japan.HasPolygonalRoads": false, "Land.Color": "#09151e", "Street.Category0.Color": "#5a6d7d", "Street.Category0.Outline.Color": "#b8c6d2", "Street.Category0.Outline.Width": ["interpolate", ["linear"], ["zoom"], 7, 0, 8, 0.5, 14, 0.65, 16, 0.95, 18, 1.1, 20, 1.1, 24, 2.05], "Street.Category0.Centerline.Color": ["ref", "Street.Category0.Color"], "Street.Category1.Color": ["ref", "Street.Category0.Color"], "Street.Category0.Ramp.Outline.Width": ["ref", "Street.Category0.Outline.Width"], "Street.Category1.Outline.Color": ["ref", "Street.Category0.Outline.Color"], "Street.Category1.Outline.Width": ["ref", "Street.Category0.Outline.Width"], "Street.Category1.Ramp.Outline.Width": ["ref", "Street.Category0.Outline.Width"], "Street.Category2.Color": ["ref", "Street.Category0.Color"], "Street.Category2.Outline.Color": ["ref", "Street.Category0.Outline.Color"], "Street.Category2.Outline.Width": ["ref", "Street.Category0.Outline.Width"], "Street.Category2.Ramp.Outline.Width": ["ref", "Street.Category0.Outline.Width"], "Street.Category3.Color": ["ref", "Street.Category0.Color"], "Street.Category3.Outline.Color": ["ref", "Street.Category0.Outline.Color"], "Street.Category3.Outline.Width": ["ref", "Street.Category0.Outline.Width"], "Street.Category3.Ramp.Outline.Width": ["ref", "Street.Category0.Outline.Width"], "Street.Category4.Color": ["ref", "Street.Category0.Color"], "Street.Category4.Outline.Color": ["ref", "Street.Category0.Outline.Color"], "Street.Category4.Outline.Width": ["ref", "Street.Category0.Outline.Width"], "Street.Category4.Ramp.Outline.Width": ["ref", "Street.Category0.Outline.Width"], "Street.Category4.ParkingLot.Outline.Color": ["ref", "Street.Category0.Outline.Color"], "Street.Category4.ParkingLot.Outline.Width": ["interpolate", ["linear"], ["zoom"], 16, 0, 16, 0.38, 18, 0.45, 20, 0.45, 24, 0.93], "Street.Category4.RestrictedAccess.Width": ["interpolate", ["linear"], ["zoom"], 15, 0, 15, 0.7, 16, 0.7, 17, 2, 18, 4, 19, 6, 20, 10, 24, 60], "Street.Category4.RestrictedAccess.Outline.Width": ["interpolate", ["linear"], ["zoom"], 15, 0, 15, 0.4, 16, 0.58, 18, 0.65, 20, 0.65, 24, 1.13], "Street.Category4.RestrictedAccess.Outline.Color": ["ref", "Street.Category0.Outline.Color"], "Street.Category4.RestrictedAccess.Color": ["ref", "Street.Category0.Color"], "Street.Category0.Toll.Color": ["ref", "Street.Category0.Color"], "Street.Category0.Toll.Outline.Color": ["ref", "Street.Category0.Outline.Color"], "Street.Category0.Tunnel.Color": ["ref", "Street.Category0.Color"], "Street.Category0.Tunnel.Outline.Color": ["ref", "Street.Category0.Outline.Color"], "Street.Category0.TollTunnel.Color": ["ref", "Street.Category0.Color"], "Street.Category0.TollTunnel.Outline.Color": ["ref", "Street.Category0.Outline.Color"], "Street.Category0.Unpaved.Color": ["ref", "Street.Category0.Color"], "Street.Category0.Unpaved.Outline.Color": ["ref", "Street.Category0.Outline.Color"], "Street.Category0.Toll.Centerline.Color": ["ref", "Street.Category0.Color"], "Street.Category0.Tunnel.Centerline.Color": ["ref", "Street.Category0.Color"], "Street.Category0.Bridge.Outline.Width": 0, "Street.Category1.Toll.Color": ["ref", "Street.Category1.Color"], "Street.Category1.Toll.Outline.Color": ["ref", "Street.Category1.Outline.Color"], "Street.Category1.Tunnel.Color": ["ref", "Street.Category1.Color"], "Street.Category1.Tunnel.Outline.Color": ["ref", "Street.Category1.Outline.Color"], "Street.Category1.TollTunnel.Color": ["ref", "Street.Category1.Color"], "Street.Category1.TollTunnel.Outline.Color": ["ref", "Street.Category1.Outline.Color"], "Street.Category1.Unpaved.Color": ["ref", "Street.Category1.Color"], "Street.Category1.Unpaved.Outline.Color": ["ref", "Street.Category1.Outline.Color"], "Street.Category1.Bridge.Outline.Width": ["ref", "Street.Category0.Bridge.Outline.Width"], "Street.Category2.Toll.Color": ["ref", "Street.Category2.Color"], "Street.Category2.Toll.Outline.Color": ["ref", "Street.Category2.Outline.Color"], "Street.Category2.Tunnel.Color": ["ref", "Street.Category2.Color"], "Street.Category2.Tunnel.Outline.Color": ["ref", "Street.Category2.Outline.Color"], "Street.Category2.TollTunnel.Color": ["ref", "Street.Category2.Color"], "Street.Category2.TollTunnel.Outline.Color": ["ref", "Street.Category2.Outline.Color"], "Street.Category2.Unpaved.Color": ["ref", "Street.Category2.Color"], "Street.Category2.Unpaved.Outline.Color": ["ref", "Street.Category2.Outline.Color"], "Street.Category2.Bridge.Outline.Width": ["ref", "Street.Category0.Bridge.Outline.Width"], "Street.Category3.Toll.Color": ["ref", "Street.Category3.Color"], "Street.Category3.Toll.Outline.Color": ["ref", "Street.Category3.Outline.Color"], "Street.Category3.Tunnel.Color": ["ref", "Street.Category3.Color"], "Street.Category3.Tunnel.Outline.Color": ["ref", "Street.Category3.Outline.Color"], "Street.Category3.TollTunnel.Color": ["ref", "Street.Category3.Color"], "Street.Category3.TollTunnel.Outline.Color": ["ref", "Street.Category3.Outline.Color"], "Street.Category3.Unpaved.Color": ["ref", "Street.Category3.Color"], "Street.Category3.Unpaved.Outline.Color": ["ref", "Street.Category3.Outline.Color"], "Street.Category3.Bridge.Outline.Width": ["ref", "Street.Category0.Bridge.Outline.Width"], "Street.Category4.Toll.Color": ["ref", "Street.Category4.Color"], "Street.Category4.Toll.Outline.Color": ["ref", "Street.Category4.Outline.Color"], "Street.Category4.Tunnel.Color": ["ref", "Street.Category4.Color"], "Street.Category4.Tunnel.Outline.Color": ["ref", "Street.Category4.Outline.Color"], "Street.Category4.TollTunnel.Color": ["ref", "Street.Category4.Color"], "Street.Category4.TollTunnel.Outline.Color": ["ref", "Street.Category4.Outline.Color"], "Street.Category4.Unpaved.Color": ["ref", "Street.Category4.Color"], "Street.Category4.Unpaved.Outline.Color": ["ref", "Street.Category4.Outline.Color"], "Street.Category4.Bridge.Outline.Width": ["ref", "Street.Category0.Bridge.Outline.Width"]}}