{"definitions": {"Global.Polygon.Opacity": 0, "PolygonalRoads.Opacity": 1, "PolygonalRoads.Tunnel.Color": "#9cc6bebe", "PolygonalRoads.RestrictedArea.Color": ["interpolate", ["linear"], ["zoom"], 15, "#4c59604d", 16, "#4c596066"], "PolygonalRoads.Other.Toll.Color": ["ref", "PolygonalRoads.Expressway.Toll.Color"], "PolygonalRoads.Other.Service.Color": ["ref", "Street.Category4.Color"], "PolygonalRoads.MajorTertiary.Color": ["ref", "Street.Category3.Color"], "PolygonalRoads.MajorSecondary.Color": ["ref", "Street.Category2.Color"], "PolygonalRoads.National.Color": ["ref", "Street.Category1.Color"], "PolygonalRoads.UrbanExpressway.Toll.Color": ["ref", "Street.Category0.Toll.Color"], "PolygonalRoads.UrbanExpressway.Color": ["ref", "Street.Category0.Color"], "PolygonalRoads.Expressway.Toll.Color": ["ref", "Street.Category0.Toll.Color"], "PolygonalRoads.Expressway.Color": ["ref", "Street.Category0.Color"], "Decorative.Line.Width": 0, "Decorative.Expressway.Line.Width": 0, "PolygonalRoads.Outline.Width": 0, "Street.Category4.Width": ["interpolate", ["linear"], ["zoom"], 0, 0.6, 13, 0.75, 14, 1.5, 15, 1.5, 16, 1.5, 17, 2.75, 18, 6.5, 19, 12.75, 20, 31.25, 21, 62.25, 22, 124.25, 23, 186.25, 24, 558], "Street.Category4.Ramp.Width": ["interpolate", ["linear"], ["zoom"], 15, 0.5, 16, 0.75, 17, 1.4, 18, 3.25, 19, 6.4, 20, 15.65, 22, 62.15, 24, 279], "Street.Category3.Width": ["interpolate", ["linear"], ["zoom"], 0, 0.6, 10, 0.75, 12, 0.75, 13, 1.5, 14, 1.75, 15, 2.75, 16, 3, 17, 5.25, 18, 9.25, 19, 21.25, 20, 46.25, 21, 93.5, 22, 186.5, 23, 310.5, 24, 743.75], "Street.Category3.Ramp.Width": ["interpolate", ["linear"], ["zoom"], 14, 0.9, 15, 1, 16, 1.1, 17, 2.65, 18, 4.65, 19, 10.65, 20, 23.15, 22, 93.25, 24, 371.9], "Street.Category2.Width": ["interpolate", ["linear"], ["zoom"], 0, 0.6, 8, 0.75, 10, 0.9, 11, 1.25, 13, 2, 14, 3, 15, 3.5, 16, 3.5, 17, 6, 18, 11.5, 19, 23.5, 20, 48.5, 21, 99.75, 22, 212, 23, 360, 24, 806], "Street.Category2.Ramp.Width": ["interpolate", ["linear"], ["zoom"], 14, 1.1, 15, 1.25, 16, 1.5, 17, 3, 18, 5.75, 19, 11.75, 20, 24.25, 22, 106, 24, 403], "Street.Category1.Width": ["interpolate", ["linear"], ["zoom"], 5, 0.75, 8, 1.25, 9, 1.25, 10, 2.15, 11, 2.25, 13, 2.5, 14, 3.5, 15, 4, 16, 4, 16.5, 5.5, 17, 8, 18, 13, 19, 25.5, 20, 50.5, 21, 112, 22, 224, 23, 373.5, 24, 1357], "Street.Category1.Ramp.Width": ["interpolate", ["linear"], ["zoom"], 13, 1.25, 14, 1.5, 15, 1.55, 16, 2, 17, 4, 18, 6.5, 19, 12.75, 20, 25.25, 22, 112, 24, 678.5], "Street.Category0.Width": ["interpolate", ["linear"], ["zoom"], 5, 1.1, 6, 1.4, 7, 1.55, 8, 1.85, 9, 2.25, 10, 3, 11, 3.25, 14, 4, 15, 4.5, 16, 7, 17, 11, 18, 22.75, 19, 32.75, 20, 76.25, 21, 157, 22, 250.5, 23, 530, 24, 1553], "Street.Category0.Ramp.Width": ["interpolate", ["linear"], ["zoom"], 11, 1.55, 13, 1.65, 16, 2.9, 17, 5.5, 18, 11.5, 19, 16.5, 20, 38.15, 22, 125.25, 24, 776.5], "Street.Category0.Toll.Color": ["interpolate", ["linear"], ["zoom"], 6, "#6fc5a8", 8, "#76c5ab", 11, "#7ec5ad", 12, "#84c5af", 13, "#8ac5b2", 15, "#9ccfbdd9", 16, "#8ac3b0b3", 17, "#98cdbbb3", 18, "#98cdbb73", 19, "#8dc6b44d"], "Street.Category0.Toll.Outline.Color": ["interpolate", ["linear"], ["zoom"], 7, "#233939", 8, "#26403b", 11, "#2c4b44", 13, "#34564f", 15, "#34564f00"], "Street.Category0.Toll.Centerline.Color": ["interpolate", ["linear"], ["zoom"], 11, "#63a093", 13, "#5a978c", 16, "#4f8d82e6", 17, "#45847ad5", 18, "#98cdbb73", 19, "#8dc6b44d"], "Street.Category0.Color": ["interpolate", ["linear"], ["zoom"], 5, "#b5c9df", 6, "#adc2dc", 7, "#adc2dc", 8, "#b0c6dd", 10, "#aec3d9", 11, "#b9cce3", 13, "#b3c9da", 15, "#afc2d7f0", 16, "#adbfd5b3", 18, "#adbfd573", 19, "#adbfd54d"], "Street.Category0.Outline.Color": ["interpolate", ["linear"], ["zoom"], 10, "#37495a", 13, "#223643", 15, "#22353f00"], "Street.Category0.Centerline.Color": ["interpolate", ["linear"], ["zoom"], 11, "#91b4c7", 13, "#7ba4bd", 15, "#759cb2f0", 16, "#759cb2b3", 18, "#adbfd573", 19, "#adbfd54d"], "Street.Category1.Color": ["interpolate", ["linear"], ["zoom"], 7, "#93a8bf", 8, "#98aec3", 10, "#9fb6c5", 11, "#abbbce", 13, "#a1b0c3", 15, "#9aa5b6f0", 16, "#9aa5b6a6", 18, "#9aa5b666", 19, "#9aa5b64d"], "Street.Category1.Outline.Color": ["interpolate", ["linear"], ["zoom"], 8, "#2f4353", 10, "#33485a", 13, "#17232c", 15, "#11202800"], "Street.Category2.Color": ["interpolate", ["linear"], ["zoom"], 8, "#8b93a2", 10, "#949ead", 12, "#a2a9ba", 13, "#959db0", 15, "#9098acf0", 16, "#868ea5a6", 18, "#868ea566", 19, "#868ea54d"], "Street.Category2.Outline.Color": ["interpolate", ["linear"], ["zoom"], 8, "#364a5a", 13, "#141d24", 15, "#11192100"], "Street.Category3.Color": ["interpolate", ["linear"], ["zoom"], 12, "#8995a2", 13, "#7f889b", 14, "#7f8a9e", 15, "#737c90f0", 16, "#77819699", 18, "#707b8e59", 19, "#707b8e4d"], "Street.Category3.Outline.Color": ["interpolate", ["linear"], ["zoom"], 13, "#0f151d", 14, "#0d151d", 15, "#05050900"], "Street.Category4.Color": ["interpolate", ["linear"], ["zoom"], 14, "#64707e80", 15, "#6c7789f0", 16, "#707b8e80", 18, "#707b8e4d"], "Street.Category4.Outline.Color": ["interpolate", ["linear"], ["zoom"], 14, "#05070b80", 15, "#05050900"], "Street.Walkway.Color": ["interpolate", ["linear"], ["zoom"], 15.9, "#337377", 16, "#2e6f72b3", 18, "#2e6f7266"], "Street.Category0.TollBridge.Color": "#6e978f00", "Street.Category0.Label.Toll.Color": ["interpolate", ["linear"], ["zoom"], 10, "#ecf0f0", 12, "#e8f0f0", 15, "#e4f0f0"], "Street.Category0.Label.Toll.Outline.Color": ["interpolate", ["linear"], ["zoom"], 11, "#003022f2", 12, "#003226f2", 14, "#003629e6", 17, "#013d2fe6"], "Street.Category0.TollTunnel.Centerline.Color": ["ref", "Street.Category0.Toll.Centerline.Color"], "Street.Category0.TollTunnel.Outline.Color": ["ref", "Street.Category0.Toll.Outline.Color"], "Street.Category0.TollTunnel.Color": ["ref", "Street.Category0.Toll.Color"], "Street.Category1.Toll.Color": ["ref", "Street.Category0.Toll.Color"], "Street.Category1.Toll.Outline.Color": ["ref", "Street.Category0.Toll.Outline.Color"], "Street.Category1.TollTunnel.Outline.Color": ["ref", "Street.Category0.Toll.Outline.Color"], "Street.Category1.TollTunnel.Color": ["ref", "Street.Category0.Toll.Color"], "Street.Category1.TollBridge.Color": ["ref", "Street.Category0.TollBridge.Color"], "Street.Category1.Label.Toll.Color": ["ref", "Street.Category0.Label.Toll.Color"], "Street.Category1.Label.Toll.Outline.Color": ["ref", "Street.Category0.Label.Toll.Outline.Color"], "Street.Category2.Toll.Color": ["ref", "Street.Category0.Toll.Color"], "Street.Category2.Toll.Outline.Color": ["ref", "Street.Category0.Toll.Outline.Color"], "Street.Category2.TollTunnel.Outline.Color": ["ref", "Street.Category0.Toll.Outline.Color"], "Street.Category2.TollTunnel.Color": ["ref", "Street.Category0.Toll.Color"], "Street.Category2.TollBridge.Color": ["ref", "Street.Category0.TollBridge.Color"], "Street.Category2.Label.Toll.Color": ["ref", "Street.Category0.Label.Toll.Color"], "Street.Category2.Label.Toll.Outline.Color": ["ref", "Street.Category0.Label.Toll.Outline.Color"], "Street.Category3.Toll.Color": ["ref", "Street.Category0.Toll.Color"], "Street.Category3.Toll.Outline.Color": ["ref", "Street.Category0.Toll.Outline.Color"], "Street.Category3.TollTunnel.Outline.Color": ["ref", "Street.Category0.Toll.Outline.Color"], "Street.Category3.TollTunnel.Color": ["ref", "Street.Category0.Toll.Color"], "Street.Category3.TollBridge.Color": ["ref", "Street.Category0.TollBridge.Color"], "Street.Category3.Label.Toll.Color": ["ref", "Street.Category0.Label.Toll.Color"], "Street.Category3.Label.Toll.Outline.Color": ["ref", "Street.Category0.Label.Toll.Outline.Color"], "Street.Category4.Toll.Color": ["ref", "Street.Category0.Toll.Color"], "Street.Category4.Toll.Outline.Color": ["ref", "Street.Category0.Toll.Outline.Color"], "Street.Category4.TollTunnel.Outline.Color": ["ref", "Street.Category0.Toll.Outline.Color"], "Street.Category4.TollTunnel.Color": ["ref", "Street.Category0.Toll.Color"], "Street.Category4.TollBridge.Color": ["ref", "Street.Category0.TollBridge.Color"], "Street.Category4.Label.Toll.Color": ["ref", "Street.Category0.Label.Toll.Color"], "Street.Category4.Label.Toll.Outline.Color": ["ref", "Street.Category0.Label.Toll.Outline.Color"], "Street.Category0.Arrow.Toll.Color": ["interpolate", ["linear"], ["zoom"], 16.75, "#b2ccca00", 17, "#b2ccca66", 18, "#b2ccca66", 18.5, "#b2ccca00"], "Street.Category1.Arrow.Toll.Color": ["ref", "Street.Category0.Arrow.Toll.Color"], "Street.Category2.Arrow.Toll.Color": ["interpolate", ["linear"], ["zoom"], 17, "#b2ccca00", 17.25, "#b2ccca66", 18, "#b2ccca66", 18.5, "#b2ccca00"], "Street.Category3.Arrow.Toll.Color": ["interpolate", ["linear"], ["zoom"], 17, "#b2ccca00", 17.25, "#b2ccca66", 18, "#b2ccca66", 18.5, "#b2ccca00"], "Street.Category4.Arrow.Toll.Color": ["interpolate", ["linear"], ["zoom"], 17.25, "#b2ccca00", 17.5, "#b2ccca66"], "Street.Category0.Arrow.Tunnel.Color": ["ref", "Street.Category0.Arrow.Color"], "Street.Category1.Arrow.Tunnel.Color": ["ref", "Street.Category1.Arrow.Color"], "Street.Category2.Arrow.Tunnel.Color": ["ref", "Street.Category2.Arrow.Color"], "Street.Category3.Arrow.Tunnel.Color": ["ref", "Street.Category3.Arrow.Color"], "Street.Category4.Arrow.Tunnel.Color": ["ref", "Street.Category4.Arrow.Color"], "Street.Category0.Arrow.Color": ["interpolate", ["linear"], ["zoom"], 16.75, "#d8dfe400", 17, "#d8dfe459", 18, "#d8dfe459", 18.5, "#d8dfe400"], "Street.Category1.Arrow.Color": ["interpolate", ["linear"], ["zoom"], 16.75, "#b7c8d700", 17, "#b7c8d766", 18, "#b7c8d766", 18.5, "#b7c8d700"], "Street.Category2.Arrow.Color": ["interpolate", ["linear"], ["zoom"], 17, "#cedae400", 17.25, "#cedae459", 18, "#cedae459", 18.5, "#cedae400"], "Street.Category3.Arrow.Color": ["interpolate", ["linear"], ["zoom"], 17, "#efefef00", 17.25, "#efefef59", 18, "#efefef59", 18.5, "#efefef00"], "Street.Category4.Arrow.Color": ["interpolate", ["linear"], ["zoom"], 17.25, "#ededed00", 17.5, "#ededed5a"], "StateBoundary.Width": ["interpolate", ["linear"], ["zoom"], 7, 0, 7, 0.9, 20, 1.5, 24, 2], "Oaza.Label.Color": "#f5c0d1", "Oaza.Label.Outline.Color": "#4c2738", "MunicipalityBoundary.Width": ["interpolate", ["linear"], ["zoom"], 10, 0, 10, 0.4, 11, 0.6, 13, 0.8, 20, 1, 24, 1.4], "MunicipalityBoundary.Color": ["interpolate", ["linear"], ["zoom"], 11, "#f6becf96", 16, "#f6becfb3"], "MunicipalityBoundary.Outline.Color": ["interpolate", ["linear"], ["zoom"], 10, "#ff007719", 11, "#f01c7f29"], "DistrictBoundary.Width": ["interpolate", ["linear"], ["zoom"], 15, 0, 15, 0.6, 20, 0.7, 24, 1.4], "DistrictBoundary.Color": "#f6becfb3", "DistrictBoundary.Outline.Color": ["interpolate", ["linear"], ["zoom"], 15, "#ff007735", 17, "#f01c7f25"], "NeighborhoodBoundary.Width": ["interpolate", ["linear"], ["zoom"], 16, 0, 16, 0.5, 18, 0.5, 20, 0.6, 24, 1], "NeighborhoodBoundary.Color": "#e8b3c3b3", "NeighborhoodBoundary.Outline.Color": "#f01c7f25", "MicrohoodBoundary.Color": "#e8b3c3b3", "MicrohoodBoundary.Outline.Color": "#f01c7f25", "LowSpeedZone.Color": "#ff69291c", "LowSpeedZone.Outline.Color": "#ff6929", "LowSpeedZone.SecondOutline.Color": "#ff69295c", "LowSpeedZone.ThirdOutline.Color": "#ff692939", "NationalPark.Label.Size": ["interpolate", ["linear"], ["zoom"], 6, 0, 6, 11, 10, 11, 10, 0], "Cemetery.Label.Size": ["interpolate", ["linear"], ["zoom"], 12, 0, 12, 11, 15, 11, 15, 0], "Park.Label.Size": ["interpolate", ["linear"], ["zoom"], 12, 0, 12, 11, 15, 11, 15, 0], "MilitaryBase.Label.Size": ["interpolate", ["linear"], ["zoom"], 6, 0, 6, 11, 12, 11, 13, 12, 15, 12, 16, 13, 16, 0], "SportsComplex.Label.Size": ["interpolate", ["linear"], ["zoom"], 12, 0, 12, 11, 15, 11, 15, 0], "ShoppingComplex.Label.Size": ["interpolate", ["linear"], ["zoom"], 12, 0, 12, 11, 15, 11, 15, 0], "Beach.Label.Size": ["interpolate", ["linear"], ["zoom"], 12, 0, 12, 11, 15, 11, 15, 0], "UniversityCampus.Label.Size": ["interpolate", ["linear"], ["zoom"], 12, 0, 12, 11, 14, 12, 15, 12, 15, 0], "School.Label.Size": ["interpolate", ["linear"], ["zoom"], 15, 0, 15, 12, 16, 13, 16, 0], "Dam.Label.Size": ["interpolate", ["linear"], ["zoom"], 12, 0, 12, 11, 15, 11, 16, 12, 20, 12, 24, 14.5], "IndustrialComplex.Label.Size": ["interpolate", ["linear"], ["zoom"], 12, 0, 12, 11, 15, 11, 15, 0], "Wetland.Label.Color": "#99c1c3", "Wetland.Label.Outline.Color": "#0c2525", "Dam.Label.Color": ["interpolate", ["linear"], ["zoom"], 15, "#c6cdd6", 18, "#adbcca"], "Dam.Label.Outline.Color": ["interpolate", ["linear"], ["zoom"], 15, "#12202e", 18, "#1a2d43"], "Building.Education.Label.Color": "#d9d7cc", "Building.Education.Label.Outline.Color": "#2c280e", "Building.TollBooth.Label.Color": "#99cabf", "Building.TollBooth.Label.Outline.Color": "#082e25", "Building.Government.Label.Color": "#cbcbcb", "Building.Government.Label.Outline.Color": "#1f1f1f", "Building.Hospital.Label.Color": "#e6c8d8", "Building.Hospital.Label.Outline.Color": "#2f181c", "Building.Hotel.Label.Color": "#c7c5d0", "Building.Hotel.Label.Outline.Color": "#1e193d", "POI.TransitAccess.Label.Color": "#ffffff", "POI.TransitAccess.Label.Outline.Color": "#924150", "POI.RoadFacility.Label.Color": "#ffffff", "POI.RoadFacility.Label.Outline.Color": "#3e5c51", "POI.RoadFacility.Label.Outline.Width": 0, "POI.TrafficLight.Label.Color": "#282828", "POI.TrafficLight.Label.Outline.Color": "#545467", "POI.TrafficLight.Label.Outline.Width": 0, "Rail.Is.AlsoInCity.Visibility": 25, "Rail.Is.NotInCity.Visibility": 15, "Rail.Speed.Line.Opacity": 1, "Rail.State.Line.Opacity": ["ref", "Rail.Speed.Line.Opacity"], "Rail.Private.Line.Opacity": ["ref", "Rail.Speed.Line.Opacity"], "Rail.Speed.Line.Color": ["interpolate", ["linear"], ["zoom"], 8, "#cee2ff", 13, "#b3cbed", 17, "#b3cbedd9", 18, "#b3cbed99"], "Rail.Speed.SecondLine.Color": ["interpolate", ["linear"], ["zoom"], 8, "#114dc0", 13, "#285dc7", 17, "#285dc7d9", 18, "#285dc799"], "Rail.Speed.Outline.Color": ["interpolate", ["linear"], ["zoom"], 10, "#002477", 13, "#001d66", 17, "#001d66d9", 18, "#001d6699"], "Rail.Speed.Line.Width": ["interpolate", ["linear"], ["zoom"], 8, 0, 8, 1.55, 10, 1.55, 12, 2.2, 14, 2.6, 16, 2.8, 18, 3, 20, 3.4, 24, 3.8], "Rail.Speed.Outline.Width": ["interpolate", ["linear"], ["zoom"], 8, 0, 8, 0.25, 10, 0.75, 20, 1.25, 24, 2], "Rail.Speed.Label.Outline.Width": ["interpolate", ["linear"], ["zoom"], 10, 0, 10, 1.37, 11, 1.37, 14, 1.65, 16, 1.95, 20, 2.2, 24, 2.5], "Rail.Speed.Label.Color": "#cccdcf", "Rail.Speed.Label.Outline.Color": "#0c3077", "Rail.State.Line.Color": ["interpolate", ["linear"], ["zoom"], 10, "#dfe6da", 13, "#c5cdc1", 17, "#c5cdc1d9", 18, "#c5cdc199"], "Rail.State.SecondLine.Color": ["interpolate", ["linear"], ["zoom"], 10, "#4e5340", 13, "#383e32", 17, "#383e32d9", 18, "#383e3299"], "Rail.State.Outline.Color": ["interpolate", ["linear"], ["zoom"], 10, "#29301f", 13, "#282f20", 17, "#252c1ed9", 18, "#252c1e99"], "Rail.State.Line.Width": ["interpolate", ["linear"], ["zoom"], 10, 0, 10, 1.25, 12, 1.8, 16, 2.2, 18, 2.4, 20, 2.6, 24, 3.4], "Rail.State.Outline.Width": ["interpolate", ["linear"], ["zoom"], 10, 0, 10, 0.75, 20, 1.25, 24, 2], "Rail.State.Label.Outline.Width": ["interpolate", ["linear"], ["zoom"], 11, 0, 11, 1.37, 14, 1.65, 16, 1.95, 20, 2.2, 24, 2.5], "Rail.State.Label.Color": "#bebebe", "Rail.State.Label.Outline.Color": ["interpolate", ["linear"], ["zoom"], 10, "#281616", 15, "#321d1d"], "Rail.Private.Line.Color": ["interpolate", ["linear"], ["zoom"], 11, "#dadada", 13, "#c4c4c4", 17, "#c4c4c4d9", 18, "#c4c4c499"], "Rail.Private.Outline.Width": ["interpolate", ["linear"], ["zoom"], 16, 0.15, 20, 0.25, 24, 0.5], "Rail.Private.Outline.Color": ["interpolate", ["linear"], ["zoom"], 13, "#939393", 17, "#989898d9", 18, "#98989899"], "Rail.Private.Label.Outline.Width": ["interpolate", ["linear"], ["zoom"], 12, 0, 12, 1.65, 16, 1.92, 20, 2.2, 24, 2.5], "Rail.Private.Label.Color": "#b2b3b4", "Rail.Private.Label.Outline.Color": ["interpolate", ["linear"], ["zoom"], 10, "#282828", 15, "#2e2e2e"], "Rail.Subway.Line.Color": ["interpolate", ["linear"], ["zoom"], 11, "#601092", 17, "#601092d9", 18, "#60109299"], "Rail.Subway.Line.Width": ["interpolate", ["linear"], ["zoom"], 11, 1.1, 13, 1.25, 16, 1.4, 20, 1.7, 24, 2], "Rail.Subway.Outline.Width": 0, "Rail.Subway.Label.Outline.Width": ["interpolate", ["linear"], ["zoom"], 12.5, 0, 12.5, 1.68, 16, 1.92, 20, 2.2, 24, 2.5], "Rail.Subway.Label.Color": ["interpolate", ["linear"], ["zoom"], 11, "#cdc3d3", 15, "#d1c9d9"], "Rail.Subway.Label.Outline.Color": ["interpolate", ["linear"], ["zoom"], 11, "#432364", 15, "#48246b"], "Rail.Tram.Line.Color": ["interpolate", ["linear"], ["zoom"], 10, "#959595", 13, "#8f8f8f", 17, "#8f8f8fd9", 18, "#8f8f8f99"], "Rail.Tram.Outline.Color": ["interpolate", ["linear"], ["zoom"], 11, "#a3a3a3", 13, "#a8a8a8", 17, "#a8a8a8d9", 18, "#a8a8a899"], "Rail.Tram.Line.Width": ["interpolate", ["linear"], ["zoom"], 12, 0, 12, 0.5, 13, 0.7, 16, 1, 20, 1.25, 24, 1.75], "Rail.Tram.Outline.Width": ["interpolate", ["linear"], ["zoom"], 12, 0, 12, 0.15, 20, 0.25, 24, 0.5], "Rail.Tram.Label.Outline.Width": ["interpolate", ["linear"], ["zoom"], 14, 0, 14, 1.8, 16, 1.92, 20, 2.2, 24, 2.5], "Rail.Tram.Label.Color": "#aaaaaa", "Rail.Tram.Label.Outline.Color": "#252525", "CableCar.Line.Color": ["interpolate", ["linear"], ["zoom"], 13, "#b0b0b0", 17, "#b0b0b0d9", 18, "#b0b0b099"], "CableCar.Outline.Color": ["interpolate", ["linear"], ["zoom"], 13, "#525252", 17, "#525252d9", 18, "#52525299"], "CableCar.Line.Width": ["interpolate", ["linear"], ["zoom"], 13, 0, 13, 0.7, 16, 1, 20, 1.25, 24, 1.75], "CableCar.Outline.Width": ["interpolate", ["linear"], ["zoom"], 13, 0, 13, 0.1, 20, 0.2, 24, 0.4], "CableCar.Label.Outline.Width": ["interpolate", ["linear"], ["zoom"], 13, 0, 13, 1.38], "CableCar.Label.Color": "#a0a0a0", "CableCar.Label.Outline.Color": "#1e1e1e", "Gondola.Outline.Width": ["ref", "CableCar.Outline.Width"], "Gondola.Outline.Color": ["ref", "CableCar.Outline.Color"], "Rail.Line.Color": ["interpolate", ["linear"], ["zoom"], 13, "#a8a8a8", 17, "#a0a0a0d9", 18, "#a0a0a099"], "Rail.Outline.Color": ["interpolate", ["linear"], ["zoom"], 13, "#8b8b8b", 17, "#848484d9", 18, "#84848499"], "Rail.Line.Width": ["interpolate", ["linear"], ["zoom"], 13.3, 0, 13.3, 0.6, 16, 0.6, 17, 0.75, 20, 0.9, 24, 1.25], "Street.Category2.SimpleLine.MinZoomLevel": 10.26, "Street.Category3.SimpleLine.MinZoomLevel": 12.28, "Street.Category4.SimpleLine.MinZoomLevel": 14.28, "Street.SimpleLine.ZoomLevelSpan": 0, "Street.Category4.SimpleLine.ZoomLevelSpan": 0, "PTFeature.Japan.Rail.Line.Color": "#a0a0a0", "AsiaSelectedSystems.Transit.Subway.Line.Width": ["interpolate", ["linear"], ["zoom"], 11.5, 0, 11.5, 1.3, 13, 1.5, 16, 1.8, 20, 2.5, 24, 3.1], "AsiaSelectedSystems.Transit.Subway.Outline.Width": ["interpolate", ["linear"], ["zoom"], 11.5, 0, 11.5, 0.7, 13, 0.9, 16, 1.2, 20, 1.8, 24, 2.5], "AsiaSelectedSystems.Transit.Subway.Label.Outline.Width": ["interpolate", ["linear"], ["zoom"], 12.5, 0, 12.5, 1.8, 16, 2.1, 20, 2.4, 24, 2.7], "AsiaSelectedSystems.Transit.Subway.Line.Offset": ["interpolate", ["linear"], ["zoom"], 11.5, 0, 11.5, 2, 13, 3, 16, 4.5, 20, 6, 24, 8], "AsiaSelectedSystems.Transit.Subway.Outline.Color": "#2e2e2e", "AsiaSelectedSystems.Transit.Subway.Label.Outline.Color": ["ref", "AsiaSelectedSystems.Transit.Subway.Outline.Color"], "AsiaSelectedSystems.Transit.Subway.Fallback.Line.Color": ["ref", "Transit.Fallback.Line.Color"], "AsiaSelectedSystems.Transit.Subway.Fallback.Label.Color": ["ref", "AsiaSelectedSystems.Transit.Subway.Fallback.Line.Color"], "AsiaSelectedSystems.Transit.Subway.Line.Opacity": ["interpolate", ["linear"], ["zoom"], 15, 1, 17, 0.85, 18, 0.6], "AsiaSelectedSystems.Transit.Subway.Outline.Opacity": ["interpolate", ["linear"], ["zoom"], 15, 1, 17, 0.85, 18, 0.6], "AsiaSelectedSystems.Transit.HighSpeed.Label.Outline.Color": "#262626", "AsiaSelectedSystems.Transit.HighSpeed.Label.Color.Darken": -0.05, "TruckFeature.Japan.Rail.Line.Color": ["interpolate", ["linear"], ["zoom"], 13, "#c6c6c6", 16, "#bdbdbd"], "TruckFeature.Japan.Rail.Subway.Label.Color": ["interpolate", ["linear"], ["zoom"], 12, "#d2ced5", 16, "#cbc7ce"], "TruckFeature.Japan.Rail.Subway.Label.Outline.Color": ["interpolate", ["linear"], ["zoom"], 11, "#2b282caa", 15, "#262428aa"], "Transit.HighSpeed.Outline.Width": ["interpolate", ["linear"], ["zoom"], 8, 0, 8, 0.75, 10, 1, 12, 1.25, 16, 1.5, 18, 1.75, 20, 2, 24, 2.5], "Transit.HighSpeed.Second.Outline.Width": ["interpolate", ["linear"], ["zoom"], 8, 0, 10, 0, 12, 1.25, 16, 1.75, 18, 2, 20, 2.25, 24, 2.75], "Transit.HighSpeed.Line.Offset": ["interpolate", ["linear"], ["zoom"], 8, 0, 8, 3.25, 10, 4.5, 12, 6.75, 16, 8.5, 18, 10.5, 20, 12.5, 24, 16.25], "Transit.Intercity.Outline.Width": ["interpolate", ["linear"], ["zoom"], 10, 0, 10, 1, 11, 1.1, 12, 1.25, 16, 1.75, 18, 2, 20, 2.25, 24, 2.75], "Transit.Intercity.Line.Offset": ["interpolate", ["linear"], ["zoom"], 10, 0, 10, 3.75, 11, 4.2, 12, 4.75, 16, 6.5, 18, 7.75, 20, 10, 24, 12.75], "Transit.Regional.Outline.Width": ["interpolate", ["linear"], ["zoom"], 11, 0, 11, 1.1, 12, 1.25, 16, 1.75, 18, 2, 20, 2.25, 24, 2.75], "Transit.Regional.Line.Offset": ["interpolate", ["linear"], ["zoom"], 11, 0, 11, 3.45, 12, 3.75, 16, 5.25, 18, 6.25, 20, 8, 24, 10.5], "Transit.Suburban.Outline.Width": ["ref", "Transit.Tram.Outline.Width"], "Transit.Subway.Outline.Width": ["interpolate", ["linear"], ["zoom"], 11, 0, 11, 1, 12, 1.1, 16, 1.5, 18, 1.75, 20, 2, 24, 2.5], "Transit.Subway.Line.Offset": ["interpolate", ["linear"], ["zoom"], 11, 0, 11, 2.65, 12, 2.7, 16, 3.75, 18, 5, 20, 6.45, 24, 9.25], "Transit.Tram.Outline.Width": ["interpolate", ["linear"], ["zoom"], 12, 0, 12, 1, 16, 1.25, 18, 1.5, 20, 1.8, 24, 2.25], "Transit.Tram.Line.Offset": ["interpolate", ["linear"], ["zoom"], 12, 0, 12, 2.5, 16, 3.15, 18, 4.3, 20, 5.5, 24, 8.1], "Transit.Aerial.Outline.Width": ["interpolate", ["linear"], ["zoom"], 13, 0, 13, 1, 16, 1.25, 18, 1.5, 20, 1.8, 24, 2.25], "Transit.Aerial.Line.Offset": ["interpolate", ["linear"], ["zoom"], 13, 0, 13, 2.6, 16, 3.15, 18, 4.3, 20, 5.5, 24, 8.1], "Transit.Line.Color.Darken": 0, "Transit.Label.Outline.Color.Darken": 0.1, "Transit.Fallback.Label.Outline.Color.Darken": ["ref", "Transit.Label.Outline.Color.Darken"], "Transit.Outline.Color": "#3f3f3f", "Transit.Label.Color": "#ebebeb", "Transit.HighSpeed.SecondLine.Color": "#dbdbdb", "Transit.HighSpeed.Outline.Color.Darken": ["interpolate", ["linear"], ["zoom"], 10, 0.175, 12, 0.15], "Transit.Fallback.Line.Color": "#dcdcdc", "Transit.Fallback.Label.Outline.Color": ["ref", "Transit.Outline.Color"], "Transit.Regional.Label.Outline.Width": ["interpolate", ["linear"], ["zoom"], 13, 0, 13, 1.6, 16, 2, 24, 3], "Transit.Suburban.Label.Outline.Width": ["ref", "Transit.Tram.Label.Outline.Width"], "Transit.Subway.Label.Outline.Width": ["interpolate", ["linear"], ["zoom"], 13, 0, 13, 1.6, 16, 2, 24, 3], "Transit.Tram.Label.Outline.Width": ["interpolate", ["linear"], ["zoom"], 14, 0, 14, 1.3, 16, 1.6, 24, 2.6], "Transit.Aerial.Label.Outline.Width": ["interpolate", ["linear"], ["zoom"], 14, 1.25, 16, 1.6, 24, 2.6], "Traffic.Category0.Ramp.Offset": ["interpolate", ["linear"], ["zoom"], 7, 0.6, 9, 0.6, 10, 0.75, 11, 1, 12, 1.25, 13, 1.5, 14, 1.75, 15, 2.5, 16, 3.5, 17, 4, 18, 7, 19, 9, 20, 20, 21, 49.55, 22, 77.45, 23, 188.95, 24, 303.6], "Traffic.Category1.Ramp.Offset": ["interpolate", ["linear"], ["zoom"], 10, 0.75, 13, 1.15, 14, 1.25, 15, 1.5, 16, 2.75, 17, 3, 18, 4, 19, 8, 20, 15, 21, 32, 22, 57, 23, 111.5, 24, 204.45], "Traffic.Category2.Offset": ["interpolate", ["linear"], ["zoom"], 13, 1.5, 14, 1.75, 15, 2.15, 16, 3, 17, 4.95, 18, 8.05, 19, 15.5, 20, 24.8, 21, 49.55, 22, 99.1, 23, 185.85, 24, 377.95], "Traffic.Category3.Offset": ["interpolate", ["linear"], ["zoom"], 14, 1.85, 15, 1.85, 16, 2.45, 17, 4.35, 18, 8.65, 19, 18.6, 20, 35.95, 21, 74.35, 22, 154.9, 23, 309.75, 24, 619.55], "Traffic.Flow.Free.Color": ["ref", "Japan.Traffic.Flow.Free.Color"], "Japan.Traffic.Flow.Free.Color": ["interpolate", ["linear"], ["zoom"], 11, "#75de99", 14, "#72da96"], "Traffic.Flow.Free.Outline.Color": ["ref", "Japan.Traffic.Flow.Free.Outline.Color"], "Japan.Traffic.Flow.Free.Outline.Color": ["interpolate", ["linear"], ["zoom"], 11, "#176c33", 14, "#12632c"], "MountainRange.Label.Color": "#e1dfd2", "PTFeature.Street.Category0.Label.Toll.Outline.Color": ["interpolate", ["linear"], ["zoom"], 11, "#003a29", 12, "#003d2e", 14, "#004232", 17, "#014a39"]}}