{"definitions": {"Default.Font": ["ref", "Oslo_Japan"], "Is.RestrictedAccess": false, "PolygonalRoads.Opacity": 1, "IndustrialComplex.Color": ["interpolate", ["linear"], ["zoom"], 15, "#e9f1f7", 16, "#e8f2f8"], "Park.Color": ["interpolate", ["linear"], ["zoom"], 8, "#d2f4e7", 14, "#c3f4de"], "MilitaryBase.Label.Color": "#6a6a84", "MilitaryBase.Color": ["interpolate", ["linear"], ["zoom"], 7, "#eae6f966", 13, "#eae6f959", 16, "#eae6f94d"], "MilitaryBase.Outline.Width": 0, "MilitaryBase.SecondOutline.Width": 0, "NationalPark.Outline.Width": 0, "NationalPark.SecondOutline.Width": 0, "NativeReservation.Outline.Width": 0, "NativeReservation.SecondOutline.Width": 0, "WaterPark.Outline.Width": 0, "WaterPark.SecondOutline.Width": 0, "LowSpeedZone.Opacity": 0, "LowSpeedZone.Color": "#ff692900", "LowSpeedZone.Outline.Color": "#ff6929", "LowSpeedZone.Outline.Width": ["interpolate", ["linear"], ["zoom"], 20, 0.5, 24, 2], "LowSpeedZone.SecondOutline.Color": "#ff692944", "LowSpeedZone.SecondOutline.Width": ["interpolate", ["linear"], ["zoom"], 15, 4, 16, 6, 17, 7.5, 18, 10, 20, 30, 21, 60, 22, 120, 23, 240, 24, 480], "LowSpeedZone.SecondOutline.Offset": ["interpolate", ["linear"], ["zoom"], 15, 2, 16, 3, 17, 3.75, 18, 5, 20, 15, 21, 30, 22, 60, 23, 120, 24, 240], "LowSpeedZone.ThirdOutline.Color": "#ff692926", "LowSpeedZone.ThirdOutline.Width": ["interpolate", ["linear"], ["zoom"], 15, 8, 16, 12, 17, 15, 18, 20, 20, 60, 21, 120, 22, 240, 23, 480, 24, 960], "LowSpeedZone.ThirdOutline.Offset": ["interpolate", ["linear"], ["zoom"], 15, 4, 16, 6, 17, 7.5, 18, 10, 20, 30, 21, 60, 22, 120, 23, 240, 24, 480], "GolfCourse.Color": ["ref", "Park.Color"], "PavedArea.Color": "#ecf2fa", "Grass.Color": "#b2ebd4", "PedestrianArea.Color": ["ref", "PavedArea.Color"], "PedestrianArea.Outline.Color": ["interpolate", ["linear"], ["zoom"], 17, "#c3ced980", 17.5, "#c3ced9"], "PedestrianArea.Outline.Width": ["interpolate", ["linear"], ["zoom"], 17, 0, 17.5, 1.75, 20, 2], "Block.Color": ["ref", "BuiltupArea.Color"], "Steps.Color": ["ref", "PedestrianArea.Color"], "PolygonalRoads.RestrictedArea.Color": "#fafcff", "Beach.Color": "#fcf7cf", "Sand.Color": ["ref", "Beach.Color"], "FloodProneArea.Color": "#c9ece5", "UndergroundArea.Color": "#93484e33", "Divider.Color": "#c5d7df", "Divider.Outline.Color": ["interpolate", ["linear"], ["zoom"], 17, "#a0afbe80", 17.5, "#a8b8bf"], "Divider.Outline.Width": ["interpolate", ["linear"], ["zoom"], 17, 0, 17.5, 0.5, 20, 1.5], "School.Color": ["ref", "UniversityCampus.Color"], "School.Label.Color": ["ref", "UniversityCampus.Label.Color"], "School.Label.Outline.Color": ["ref", "UniversityCampus.Label.Outline.Color"], "School.Label.Outline.Width": ["ref", "UniversityCampus.Label.Outline.Width"], "Wetland.Color": ["ref", "FloodProneArea.Color"], "Wetland.Label.Color": "#507067", "Wetland.Label.Outline.Color": "#def9fae6", "Wetland.Label.Size": ["ref", "IndustrialComplex.Label.Size"], "Wetland.Label.Outline.Width": ["ref", "IndustrialComplex.Label.Outline.Width"], "NatureLand.Label.Color": ["ref", "Wetland.Label.Color"], "NatureLand.Label.Outline.Color": ["ref", "Wetland.Label.Outline.Color"], "NatureLand.Label.Size": ["ref", "Wetland.Label.Size"], "NatureLand.Label.Outline.Width": ["ref", "Wetland.Label.Outline.Width"], "WaterBreak.Color": "#a9c1d1", "Grassland.Color": ["ref", "Park.Color"], "Grassland.Outline.Color": ["interpolate", ["linear"], ["zoom"], 17, "#c3ced980", 17.5, "#c3ced9"], "Grassland.Outline.Width": ["interpolate", ["linear"], ["zoom"], 17, 0, 17.5, 1.75, 20, 2], "AccommodationFacility.Color": ["ref", "Cemetery.Color"], "AccommodationFacility.Label.Color": ["ref", "Cemetery.Label.Color"], "AccommodationFacility.Label.Outline.Color": ["ref", "Cemetery.Label.Outline.Color"], "AccommodationFacility.Label.Size": ["ref", "Cemetery.Label.Size"], "AccommodationFacility.Label.Outline.Width": ["ref", "Cemetery.Label.Outline.Width"], "OutdoorFacility.Color": ["ref", "Cemetery.Color"], "OutdoorFacility.Label.Color": ["ref", "Cemetery.Label.Color"], "OutdoorFacility.Label.Outline.Color": ["ref", "Cemetery.Label.Outline.Color"], "OutdoorFacility.Label.Size": ["ref", "Cemetery.Label.Size"], "OutdoorFacility.Label.Outline.Width": ["ref", "Cemetery.Label.Outline.Width"], "PlaceOfWorship.Color": ["ref", "Park.Color"], "PlaceOfWorship.Label.Color": ["ref", "Park.Label.Color"], "PlaceOfWorship.Label.Outline.Color": ["ref", "Park.Label.Outline.Color"], "PlaceOfWorship.Label.Size": ["ref", "Park.Label.Size"], "PlaceOfWorship.Label.Outline.Width": ["ref", "Park.Label.Outline.Width"], "AttractionPark.Color": ["ref", "Park.Color"], "AttractionPark.Label.Color": ["ref", "Park.Label.Color"], "AttractionPark.Label.Outline.Color": ["ref", "Park.Label.Outline.Color"], "AttractionPark.Label.Size": ["ref", "Park.Label.Size"], "AttractionPark.Label.Outline.Width": ["ref", "Park.Label.Outline.Width"], "ImperialFacility.Color": ["ref", "Park.Color"], "ImperialFacility.Label.Color": ["ref", "Park.Label.Color"], "ImperialFacility.Label.Outline.Color": ["ref", "Park.Label.Outline.Color"], "ImperialFacility.Label.Size": ["ref", "Park.Label.Size"], "ImperialFacility.Label.Outline.Width": ["ref", "Park.Label.Outline.Width"], "Retail.Color": ["ref", "IndustrialComplex.Color"], "Retail.Label.Color": ["ref", "IndustrialComplex.Label.Color"], "Retail.Label.Outline.Color": ["ref", "IndustrialComplex.Label.Outline.Color"], "Retail.Label.Size": ["ref", "IndustrialComplex.Label.Size"], "Retail.Label.Outline.Width": ["ref", "IndustrialComplex.Label.Outline.Width"], "ServiceArea.Color": ["ref", "IndustrialComplex.Color"], "ServiceArea.Label.Color": ["ref", "IndustrialComplex.Label.Color"], "ServiceArea.Label.Outline.Color": ["ref", "IndustrialComplex.Label.Outline.Color"], "ServiceArea.Label.Size": ["ref", "IndustrialComplex.Label.Size"], "ServiceArea.Label.Outline.Width": ["ref", "IndustrialComplex.Label.Outline.Width"], "Transportation.Color": ["ref", "IndustrialComplex.Color"], "Transportation.Label.Color": ["ref", "IndustrialComplex.Label.Color"], "Transportation.Label.Outline.Color": ["ref", "IndustrialComplex.Label.Outline.Color"], "Transportation.Label.Size": ["ref", "IndustrialComplex.Label.Size"], "Transportation.Label.Outline.Width": ["ref", "IndustrialComplex.Label.Outline.Width"], "InstitutionalOffice.Color": ["ref", "IndustrialComplex.Color"], "InstitutionalOffice.Label.Color": ["ref", "Building.Government.Label.Color"], "InstitutionalOffice.Label.Outline.Color": ["ref", "Building.Government.Label.Outline.Color"], "InstitutionalOffice.Label.Size": ["ref", "IndustrialComplex.Label.Size"], "InstitutionalOffice.Label.Outline.Width": ["ref", "IndustrialComplex.Label.Outline.Width"], "TunnelEntrance.Color": ["ref", "WaterBreak.Color"], "Dam.Color": ["ref", "WaterBreak.Color"], "Dam.Label.Color": "#5d7280", "Dam.Label.Outline.Color": "#e6edf2e6", "Dam.Label.Outline.Width": ["ref", "IndustrialComplex.Label.Outline.Width"], "PolygonalRoads.Other.Toll.Color": ["ref", "PolygonalRoads.Expressway.Toll.Color"], "PolygonalRoads.Other.Service.Color": ["interpolate", ["linear"], ["zoom"], 14.8, "#dde6eb", 15, "#e1e9ed", 15.25, "#e2ebf1", 16, "#dbe6f7"], "PolygonalRoads.MajorTertiary.Color": ["ref", "Street.Category3.Color"], "PolygonalRoads.MajorSecondary.Color": ["ref", "Street.Category2.Color"], "PolygonalRoads.National.Color": ["ref", "Street.Category1.Color"], "PolygonalRoads.UrbanExpressway.Toll.Color": ["ref", "Street.Category0.Toll.Color"], "PolygonalRoads.UrbanExpressway.Color": ["ref", "Street.Category0.Color"], "PolygonalRoads.Expressway.Toll.Color": ["ref", "Street.Category0.Toll.Color"], "PolygonalRoads.Expressway.Color": ["ref", "Street.Category0.Color"], "ExtrudedBuilding.MinZoomLevel": 18, "Building.TrainStation.Color": ["interpolate", ["linear"], ["zoom"], 15, "#ffaab6b4", 18, "#ffb5c0b4"], "Building.TrainStation.Outline.Color": ["interpolate", ["linear"], ["zoom"], 15, "#d77e8c", 18, "#d78794"], "ExtrudedBuilding.TrainStation.Color": ["interpolate", ["linear"], ["zoom"], 15, "#f2a2adb4", 18, "#f2acb7b4"], "ExtrudedBuilding.TrainStation.Outline.Color": ["interpolate", ["linear"], ["zoom"], 15, "#d18d97", 18, "#d19ca5"], "Building.Underground.TrainStation.Outline.Color": "#d1737f72", "ExtrudedBuilding.Underground.TrainStation.Outline.Color": ["ref", "ExtrudedBuilding.TrainStation.Outline.Color"], "Building.Hotel.Color": "#e9e8fdb4", "Building.Hotel.Outline.Color": "#cccbe6", "ExtrudedBuilding.Hotel.Color": "#dad6f1b4", "ExtrudedBuilding.Hotel.Outline.Color": ["interpolate", ["linear"], ["zoom"], 17.5, "#cccbe6", 18, "#c2c1dc"], "Building.Hotel.Label.Color": "#554e99", "Building.Hotel.Label.Outline.Color": ["ref", "Building.Label.Outline.Color"], "Building.Hotel.Label.Size": 0, "Building.Education.Color": "#fef8e3b4", "Building.Education.Outline.Color": "#e6dfc5", "ExtrudedBuilding.Education.Color": "#eee7d2b4", "ExtrudedBuilding.Education.Outline.Color": ["interpolate", ["linear"], ["zoom"], 17.5, "#ded7bf", 18, "#d4cdb5"], "Building.Education.Label.Color": "#8e7335", "Building.Education.Label.Outline.Color": ["ref", "Building.Label.Outline.Color"], "Building.TollBooth.Color": "#e0fdf7b4", "Building.TollBooth.Outline.Color": "#c3e6df", "ExtrudedBuilding.TollBooth.Color": "#d5f1eab4", "ExtrudedBuilding.TollBooth.Outline.Color": ["interpolate", ["linear"], ["zoom"], 17.5, "#c3e6df", 18, "#b9dcd5"], "Building.TollBooth.Label.Color": "#398c79", "Building.TollBooth.Label.Outline.Color": ["ref", "Building.Label.Outline.Color"], "Building.Government.Color": "#e8e8e8b4", "Building.Government.Outline.Color": "#d0d0d0", "ExtrudedBuilding.Government.Color": "#d5d5d5b4", "ExtrudedBuilding.Government.Outline.Color": ["interpolate", ["linear"], ["zoom"], 17.5, "#d0d0d0", 18, "#c2c2c2"], "Building.Government.Label.Color": "#665959", "Building.Government.Label.Outline.Color": ["ref", "Building.Label.Outline.Color"], "Building.Government.Label.Size": 0, "HospitalCampus.Color": ["interpolate", ["linear"], ["zoom"], 13, "#fce6f2", 15, "#efdee6"], "Building.Hospital.Color": "#fde3f0b4", "Building.Hospital.Outline.Color": "#e6c6d6", "ExtrudedBuilding.Hospital.Color": "#fad3e0b4", "ExtrudedBuilding.Hospital.Outline.Color": ["interpolate", ["linear"], ["zoom"], 17.5, "#e6c6d6", 18, "#d7b7c7"], "Building.Hospital.Label.Color": "#994160", "Building.Hospital.Label.Outline.Color": ["ref", "Building.Label.Outline.Color"], "RollerCoaster.Line.Color": ["ref", "CableCar.Line.Color"], "RollerCoaster.Line.Width": ["interpolate", ["linear"], ["zoom"], 13, 0, 13, 0.6, 16, 0.7, 20, 1, 24, 1.25], "RollerCoaster.Outline.Width": 0, "RollerCoaster.Outline.Color": ["ref", "CableCar.Outline.Color"], "CableCar.Line.Color": "#969696", "CableCar.Line.Width": ["interpolate", ["linear"], ["zoom"], 13, 0, 13, 0.6, 16, 0.7, 20, 1, 24, 1.25], "CableCar.Outline.Width": 0, "CableCar.Outline.Color": "#6c6c6c00", "CableCar.Label.Color": "#969696", "CableCar.Label.Outline.Color": "#ffffffdc", "CableCar.Label.Size": ["interpolate", ["linear"], ["zoom"], 13, 0, 13, 9, 18, 10, 20, 13, 22, 16, 24, 18], "CableCar.Label.Outline.Width": ["interpolate", ["linear"], ["zoom"], 13, 0, 13, 1.25], "Gondola.Line.Color": ["ref", "CableCar.Line.Color"], "Gondola.Line.Width": ["ref", "CableCar.Line.Width"], "Gondola.Outline.Width": ["ref", "CableCar.Outline.Width"], "Gondola.Outline.Color": ["ref", "CableCar.Outline.Color"], "Gondola.Label.Color": ["ref", "CableCar.Label.Color"], "Gondola.Label.Outline.Color": ["ref", "CableCar.Label.Outline.Color"], "Gondola.Label.Size": ["ref", "CableCar.Label.Size"], "Gondola.Label.Outline.Width": ["ref", "CableCar.Label.Outline.Width"], "Rail.Speed.Outline.Width": ["ref", "Rail.Outline.Width"], "Rail.Speed.Line.Width": ["interpolate", ["linear"], ["zoom"], 8, 0, 8, 1.05, 12, 1.1, 14, 1.25, 16, 1.55, 18, 2, 20, 2.15, 24, 2.8], "Rail.Speed.Label.Outline.Color": "#f5faffdc", "Rail.Speed.Label.Color": "#286dcd", "Rail.Speed.Outline.Color": "#00000000", "Rail.Private.Label.Outline.Color": "#ffffffdc", "Rail.Private.Label.Color": ["interpolate", ["linear"], ["zoom"], 14, "#696969", 15, "#6e6e6e"], "Rail.Private.Label.Size": ["interpolate", ["linear"], ["zoom"], 12, 0, 12, 9, 14, 9.75, 18, 14.5, 20, 18, 22, 21, 24, 24], "Rail.Private.Label.Outline.Width": ["interpolate", ["linear"], ["zoom"], 12, 0, 12, 1.5, 16, 1.75, 20, 2, 24, 2.25], "Rail.Private.Line.Width": ["interpolate", ["linear"], ["zoom"], 11, 0.6, 13, 0.85, 16, 1, 18, 1.25, 20, 1.5, 24, 2], "Rail.Private.Line.Color": ["interpolate", ["linear"], ["zoom"], 14, "#464646", 15, "#505050"], "Rail.Private.Outline.Width": 0, "Rail.Private.Outline.Color": "#b2b2b200", "Rail.Tram.Label.Outline.Width": ["interpolate", ["linear"], ["zoom"], 14, 0, 14, 1.65, 16, 1.75, 20, 2, 24, 2.25], "Rail.Tram.Label.Size": ["interpolate", ["linear"], ["zoom"], 14, 0, 14, 9.25, 18, 12, 20, 15, 22, 18, 24, 20], "Rail.Speed.Label.Outline.Width": ["interpolate", ["linear"], ["zoom"], 10, 0, 10, 1.25, 11, 1.25, 14, 1.5, 16, 1.75, 20, 2, 24, 2.25], "Rail.Speed.Label.Size": ["interpolate", ["linear"], ["zoom"], 10, 0, 10, 9, 12, 9.75, 14, 11, 18, 16.5, 20, 20, 22, 23, 24, 26], "Rail.Subway.Label.Outline.Width": ["interpolate", ["linear"], ["zoom"], 12.5, 0, 12.5, 1.53, 16, 1.75, 20, 2, 24, 2.25], "Rail.Subway.Label.Size": ["interpolate", ["linear"], ["zoom"], 12.5, 0, 12.5, 9.2, 14, 9.5, 18, 13, 20, 16.5, 22, 19, 24, 22], "PTFeature.Japan.Rail.Subway.Label.Size": 0, "Rail.Subway.Label.Outline.Color": ["interpolate", ["linear"], ["zoom"], 11, "#f2ecf5dc", 15, "#faf5ffdc"], "Rail.Subway.Label.Color": ["interpolate", ["linear"], ["zoom"], 11, "#7a40b4", 15, "#703fc3"], "Rail.Subway.Line.Color": ["interpolate", ["linear"], ["zoom"], 11, "#4a2173", 15, "#4c2178"], "Rail.Subway.Outline.Width": 0, "PTFeature.Japan.Rail.Subway.Outline.Width": 0, "Rail.Subway.Outline.Color": "#06355000", "Rail.Tram.Label.Outline.Color": "#ffffffdc", "Rail.Tram.Label.Color": "#828282", "Rail.Tram.Line.Color": ["interpolate", ["linear"], ["zoom"], 10, "#787878", 12, "#828282"], "Rail.Tram.Outline.Width": 0, "Rail.Tram.Outline.Color": "#ededed00", "Rail.Monorail.Label.Color": ["ref", "Rail.Tram.Label.Color"], "Rail.Monorail.Label.Outline.Color": ["ref", "Rail.Tram.Label.Outline.Color"], "Rail.Monorail.Label.Outline.Width": ["ref", "Rail.Tram.Label.Outline.Width"], "Rail.Monorail.Label.Size": ["ref", "Rail.Tram.Label.Size"], "Rail.Monorail.Line.Color": ["ref", "Rail.Tram.Line.Color"], "Rail.Monorail.Outline.Color": ["ref", "Rail.Tram.Outline.Color"], "Rail.Monorail.Line.Width": ["ref", "Rail.Tram.Line.Width"], "Rail.Monorail.Outline.Width": ["ref", "Rail.Tram.Outline.Width"], "Rail.State.Label.Outline.Color": "#ffffffdc", "Rail.State.Label.Color": "#5f5f5f", "Rail.State.Label.Size": ["interpolate", ["linear"], ["zoom"], 11, 0, 11, 9, 12, 9.25, 14, 10.25, 18, 15.5, 20, 18.5, 22, 21.5, 24, 24.5], "Rail.State.Label.Outline.Width": ["interpolate", ["linear"], ["zoom"], 11, 0, 11, 1.25, 14, 1.5, 16, 1.75, 20, 2, 24, 2.25], "Rail.State.Outline.Width": ["ref", "Rail.Outline.Width"], "Rail.State.Line.Dash.Length": ["ref", "Rail.Speed.Line.Dash.Length"], "Rail.State.Line.Gap.Length": ["ref", "Rail.Speed.Line.Gap.Length"], "Rail.State.Line.Width": ["interpolate", ["linear"], ["zoom"], 10, 0, 10, 0.75, 12, 0.75, 16, 1, 18, 1.25, 20, 1.5, 24, 2], "Rail.State.Outline.Color": ["ref", "Rail.Speed.Outline.Color"], "Rail.State.Line.Color": "#b4b4b4", "Rail.State.SecondLine.Color": "#505050", "Rail.Speed.Line.Color": "#b3d2ff", "Rail.Speed.SecondLine.Color": "#1d58ce", "Rail.Outline.Width": 0, "Rail.Line.Color": ["interpolate", ["linear"], ["zoom"], 15, "#dadada", 15, "#e1e1e1", 16, "#adadad", 17, "#5a5a5a"], "PTFeature.Japan.Rail.Line.Color": "#c7c7c7", "Rail.SecondLine.Color": ["ref", "Rail.Line.Color"], "Rail.Line.Width": ["interpolate", ["linear"], ["zoom"], 12, 0, 12, 0.4, 13, 0.4, 16, 0.5, 18, 0.75, 20, 1, 24, 1.25], "Rail.Speed.Line.Gap.Length": ["step", ["zoom"], 4.95, 7, 4.95, 7.5, 3.7, 8, 5.25, 8.5, 4, 9, 5.55, 9.5, 4.35, 10, 5.9, 10.5, 4.65, 11, 6.2, 11.5, 4.95, 12, 6.8, 12.5, 5.55, 13, 7.45, 13.5, 6.2, 14, 8.05, 14.5, 5.55, 15, 8.65, 15.5, 7.45, 16, 9.3, 16.5, 8.05, 17, 9.9, 17.5, 8.65, 18, 10.55, 18.5, 9.3, 19, 11.15, 19.5, 9.9, 20, 12.4, 20.5, 11.15, 21, 13.65, 21.5, 12.4, 22, 14.85, 22.5, 13.65, 23, 16.1, 23.5, 14.85, 24, 17.35], "Rail.Speed.Line.Dash.Length": ["step", ["zoom"], 4.35, 7, 4.35, 7.5, 3.1, 8, 4.8, 8.5, 3.55, 9, 4.95, 9.5, 3.7, 10, 5.55, 10.5, 4.35, 11, 6.2, 11.5, 4.95, 12, 6.8, 12.5, 5.55, 13, 7.45, 13.5, 6.2, 14, 8.05, 14.5, 5.55, 15, 8.65, 15.5, 7.45, 16, 9.9, 16.5, 8.65, 17, 11.75, 17.5, 10.55, 18, 13.65, 18.5, 11.75, 19, 14.85, 19.5, 13.65, 20, 16.1, 20.5, 14.85, 21, 17.35, 21.5, 16.1, 22, 18.6, 22.5, 17.35, 23, 19.8, 23.5, 18.6, 24, 21.05], "Rail.Tram.Line.Width": ["interpolate", ["linear"], ["zoom"], 13, 0, 13, 0.6, 16, 0.7, 20, 1, 24, 1.25], "Rail.Subway.Line.Width": ["interpolate", ["linear"], ["zoom"], 11.5, 0, 11.5, 0.5, 13, 0.6, 16, 0.75, 20, 1.1, 24, 1.4], "PTFeature.Japan.Rail.Subway.Line.Width": 0, "PTFeature.Japan.Rail.Speed.Line.Width": 0, "PTFeature.Japan.Rail.Speed.Outline.Width": 0, "PTFeature.Japan.Rail.Speed.Label.Size": 0, "UniversityCampus.Color": ["interpolate", ["linear"], ["zoom"], 13, "#f7f2e2", 16, "#f3efe0"], "Building.Label.Color": "#607a7d", "Building.Label.Outline.Color": "#f1f6f763", "Building.Label.Size": ["interpolate", ["linear"], ["zoom"], 0, 9, 16, 9, 17, 9.5, 18, 10.5, 19, 11.5, 24, 14], "Street.Category0.Centerline.Color": ["interpolate", ["linear"], ["zoom"], 11, "#a2b3c9", 13, "#92a6b9", 16, "#93a3b9"], "Street.Category0.Toll.Color": ["interpolate", ["linear"], ["zoom"], 5, "#6ca9a7bf", 6, "#6ca9a7cc", 7, "#73a9a8b3", 7.05, "#a3d0c9", 11, "#a7d2cb", 11, "#add8d2", 13, "#a2cdc7"], "Street.Category0.Toll.Outline.Color": ["interpolate", ["linear"], ["zoom"], 7, "#597a76", 8, "#658c83", 11, "#5f8c81", 13, "#58837a"], "Street.Category0.Toll.Centerline.Color": ["interpolate", ["linear"], ["zoom"], 11, "#94beb5", 13, "#89b4ac"], "Street.Category0.TollTunnel.Color": ["interpolate", ["linear"], ["zoom"], 5, "#7ab8b6bf", 6, "#7ab8b6cc", 7, "#81b8b7b3", 7.05, "#b2dfd8", 11, "#b6e1da", 11, "#bce7e1", 13, "#b1dcd6"], "Street.Category0.TollTunnel.Outline.Color": ["interpolate", ["linear"], ["zoom"], 7, "#668884", 8, "#739a91", 11, "#6d9a8f", 13, "#669188"], "Street.Category0.TollTunnel.Centerline.Color": ["interpolate", ["linear"], ["zoom"], 11, "#a2cdc4", 13, "#97c3bb"], "Street.Category0.TollBridge.Color": "#6f948d3c", "Street.Category0.Label.Toll.Color": ["interpolate", ["linear"], ["zoom"], 10, "#003226", 12, "#003226", 15, "#003a2b"], "Street.Category0.Label.Toll.Outline.Color": ["interpolate", ["linear"], ["zoom"], 11, "#fafffff2", 12, "#fafffff2", 14, "#faffffd9", 17, "#faffffcc"], "Street.Category1.Toll.Color": ["ref", "Street.Category0.Toll.Color"], "Street.Category1.Toll.Outline.Color": ["ref", "Street.Category0.Toll.Outline.Color"], "Street.Category1.TollTunnel.Outline.Color": ["ref", "Street.Category0.Tunnel.Outline.Color"], "Street.Category1.TollTunnel.Color": ["ref", "Street.Category0.Tunnel.Color"], "Street.Category1.TollBridge.Color": ["ref", "Street.Category0.TollBridge.Color"], "Street.Category1.Label.Toll.Color": ["ref", "Street.Category0.Label.Toll.Color"], "Street.Category1.Label.Toll.Outline.Color": ["ref", "Street.Category0.Label.Toll.Outline.Color"], "Street.Category2.Outline.Color": ["interpolate", ["linear"], ["zoom"], 12, "#93a8d3", 13, "#738ab2", 16, "#5879a7"], "Street.Category2.Toll.Color": ["ref", "Street.Category0.Toll.Color"], "Street.Category2.Toll.Outline.Color": ["ref", "Street.Category0.Toll.Outline.Color"], "Street.Category2.TollTunnel.Outline.Color": ["ref", "Street.Category0.Tunnel.Outline.Color"], "Street.Category2.TollTunnel.Color": ["ref", "Street.Category0.Tunnel.Color"], "Street.Category2.TollBridge.Color": ["ref", "Street.Category0.TollBridge.Color"], "Street.Category2.Label.Toll.Color": ["ref", "Street.Category0.Label.Toll.Color"], "Street.Category2.Label.Toll.Outline.Color": ["ref", "Street.Category0.Label.Toll.Outline.Color"], "Street.Category3.Color": ["interpolate", ["linear"], ["zoom"], 12, "#bac5d6", 13.2, "#bac5d6", 13.3, "#c9d7e8", 14, "#d1dced", 16, "#dbe6f7"], "Street.Category3.Toll.Color": ["ref", "Street.Category0.Toll.Color"], "Street.Category3.Toll.Outline.Color": ["ref", "Street.Category0.Toll.Outline.Color"], "Street.Category3.TollTunnel.Outline.Color": ["ref", "Street.Category0.Tunnel.Outline.Color"], "Street.Category3.TollTunnel.Color": ["ref", "Street.Category0.Tunnel.Color"], "Street.Category3.TollBridge.Color": ["ref", "Street.Category0.TollBridge.Color"], "Street.Category3.Label.Toll.Color": ["ref", "Street.Category0.Label.Toll.Color"], "Street.Category3.Label.Toll.Outline.Color": ["ref", "Street.Category0.Label.Toll.Outline.Color"], "Street.Category4.Color": ["interpolate", ["linear"], ["zoom"], 13, "#b0c1d8a6", 15, "#c2d1e8a6", 15.7, "#dbe6f7"], "Street.Category4.RTS.Color": ["interpolate", ["linear"], ["zoom"], 14, "#becad3a6", 15, "#d2ddee", 16, "#dbe6f7"], "Street.Category4.Toll.Color": ["ref", "Street.Category0.Toll.Color"], "Street.Category4.Toll.Outline.Color": ["ref", "Street.Category0.Toll.Outline.Color"], "Street.Category4.TollTunnel.Outline.Color": ["ref", "Street.Category0.Tunnel.Outline.Color"], "Street.Category4.TollTunnel.Color": ["ref", "Street.Category0.Tunnel.Color"], "Street.Category4.TollBridge.Color": ["ref", "Street.Category0.TollBridge.Color"], "Street.Category4.Label.Toll.Color": ["ref", "Street.Category0.Label.Toll.Color"], "Street.Category4.Label.Toll.Outline.Color": ["ref", "Street.Category0.Label.Toll.Outline.Color"], "Street.Walkway.Color": ["interpolate", ["linear"], ["zoom"], 15.9, "#b8d2cd", 16, "#b3d4cc"], "Street.Pedestrian.Color": ["interpolate", ["linear"], ["zoom"], 14.9, "#d5dbe8", 16, "#c5d0e5"], "Street.Category0.Ramp.Width": ["interpolate", ["linear"], ["zoom"], 0, 0.5, 13, 1.2, 16, 2.3, 17, 4.65, 18, 10.5, 19, 15.4, 20, 37.15, 22, 123.9, 24, 774.45], "Street.Category0.Outline.Width": ["interpolate", ["linear"], ["zoom"], 7, 0, 8, 0.5, 14, 0.65, 15, 0.65, 16, 0.8, 18, 1.1, 20, 1.1, 24, 2.05], "Street.Category0.Width": ["interpolate", ["linear"], ["zoom"], 0, 1.1, 5, 1.1, 6, 1.4, 7, 1.55, 8, 1.25, 9, 1.55, 9.05, 1.9, 10, 2.3, 11, 2.45, 15, 2.45, 16, 4.65, 17, 9.3, 18, 21.05, 19, 30.95, 20, 74.35, 21, 154.9, 22, 247.8, 23, 526.6, 24, 1548.9], "Street.Category1.Color": ["interpolate", ["linear"], ["zoom"], 5, "#afc2e4bf", 6, "#b3c6e8bf", 7, "#a7bdd980", 8, "#a7bdd9a6", 10, "#ceddf8", 13, "#bdcfe7", 16, "#bccee5"], "Street.Category1.Ramp.Width": ["interpolate", ["linear"], ["zoom"], 13, 0.85, 14, 1, 15, 1.05, 16, 1.55, 17, 3.7, 18, 6.25, 19, 12.5, 20, 25, 22, 111.5, 24, 677.5], "Street.Category1.Width": ["interpolate", ["linear"], ["zoom"], 0, 0.75, 5, 0.75, 8, 1.25, 9, 1.25, 10, 1.55, 11, 1.7, 13, 1.7, 14, 2, 15, 2.15, 15.5, 2.45, 16, 3.1, 16.5, 4.95, 17, 7.45, 18, 12.5, 19, 25, 20, 50, 21, 111, 22, 223, 23, 372, 24, 1355], "Street.Category2.Color": ["interpolate", ["linear"], ["zoom"], 10, "#b1c8e6a6", 12, "#cbd9f0", 13, "#d1dff9", 16, "#cbdbf3"], "Street.Category2.Ramp.Width": ["interpolate", ["linear"], ["zoom"], 14, 0.85, 15, 1, 16, 1.05, 17, 2.7, 18, 5.5, 19, 11.5, 20, 24, 22, 105.5, 24, 402.5], "Street.Category2.Width": ["interpolate", ["linear"], ["zoom"], 0, 0.6, 8, 0.75, 10, 0.9, 11, 1.25, 13, 1.55, 14, 1.7, 15, 2, 16, 2.15, 17, 5.55, 18, 11, 19, 23, 20, 48, 21, 99, 22, 211, 23, 359, 24, 805], "Street.Category2.RTS.Width": ["interpolate", ["linear"], ["zoom"], 0, 0.6, 8, 0.75, 10, 0.9, 11, 1.55, 13, 1.55, 14, 1.7, 15, 2, 16, 2.15, 17, 5.55, 18, 11, 19, 23, 20, 48, 21, 99, 22, 211, 23, 359, 24, 805], "Street.Category3.Ramp.Width": ["interpolate", ["linear"], ["zoom"], 14, 0.6, 15, 0.75, 16, 0.75, 17, 2.45, 18, 4.5, 19, 10.5, 20, 23, 22, 93, 24, 371.5], "Street.Category3.Outline.Width": ["interpolate", ["linear"], ["zoom"], 15.75, 0, 16, 0.3, 20, 0.3, 24, 0.5], "Street.Category3.RTS.Outline.Width": ["interpolate", ["linear"], ["zoom"], 14, 0, 14, 0.3, 20, 0.3, 24, 0.5], "Street.Category3.Width": ["interpolate", ["linear"], ["zoom"], 0, 0.6, 10, 0.75, 12, 0.75, 13, 1.1, 14, 1.25, 15, 1.55, 16, 1.55, 17, 4.95, 18, 9, 19, 21, 20, 46, 21, 93, 22, 186, 23, 310, 24, 743], "Street.Category3.RTS.Width": ["interpolate", ["linear"], ["zoom"], 0, 0.6, 10, 0.75, 12, 0.75, 13, 1.25, 14, 1.75, 15, 1.85, 16, 2.5, 17, 4.95, 18, 9, 19, 21, 20, 46, 21, 93, 22, 186, 23, 310, 24, 743], "Street.Category3.Outline.Color": ["interpolate", ["linear"], ["zoom"], 14, "#6986a9", 17, "#375b8c", 18, "#395a8c"], "Street.Category3.RTS.Outline.Color": ["interpolate", ["linear"], ["zoom"], 14, "#a2b4cf", 17, "#375b8c", 18, "#395a8c"], "Street.Category4.Ramp.Width": ["interpolate", ["linear"], ["zoom"], 15, 0.45, 17, 1.22, 18, 3.1, 19, 6.2, 20, 15.47, 22, 61.95, 24, 278.8], "Street.Category4.Outline.Width": ["interpolate", ["linear"], ["zoom"], 16, 0, 16.5, 0.3, 20, 0.3, 24, 0.4], "Street.Category4.RTS.Outline.Width": ["interpolate", ["linear"], ["zoom"], 16, 0, 16, 0.3, 20, 0.3, 24, 0.4], "Street.Category4.Width": ["interpolate", ["linear"], ["zoom"], 0, 0.6, 13, 0.75, 14, 0.75, 15, 0.9, 16, 0.9, 17, 2.45, 18, 6.2, 19, 12.4, 20, 30.95, 21, 61.95, 22, 123.9, 23, 185.85, 24, 557.6], "Street.Category4.RTS.Width": ["interpolate", ["linear"], ["zoom"], 0, 0.6, 13, 0.75, 14, 0.75, 15, 0.9, 16, 2, 17, 2.45, 18, 6.2, 19, 12.4, 20, 30.95, 21, 61.95, 22, 123.9, 23, 185.85, 24, 557.6], "Street.Category4.Outline.Color": ["interpolate", ["linear"], ["zoom"], 16, "#bfcbd5", 17, "#375b8c", 18, "#395a8c"], "Street.Category4.RTS.Outline.Color": ["interpolate", ["linear"], ["zoom"], 16, "#bfcbd5", 17, "#375b8c", 18, "#395a8c"], "Street.Category0.Arrow.Color": ["interpolate", ["linear"], ["zoom"], 16.75, "#8e9aa800", 17, "#8e9aa880", 18, "#8e9aa880", 18.5, "#8e9aa800"], "Street.Category0.Arrow.Tunnel.Color": ["ref", "Street.Category0.Arrow.Color"], "Street.Category0.Arrow.Toll.Color": ["interpolate", ["linear"], ["zoom"], 16.75, "#7f999700", 17, "#7f999780", 18, "#7f999780", 18.5, "#7f999700"], "Street.Category1.Arrow.Color": ["interpolate", ["linear"], ["zoom"], 16.75, "#95a6bd00", 17, "#95a6bd80", 18, "#95a6bd80", 18.5, "#95a6bd00"], "Street.Category1.Arrow.Tunnel.Color": ["ref", "Street.Category1.Arrow.Color"], "Street.Category1.Arrow.Toll.Color": ["ref", "Street.Category0.Arrow.Toll.Color"], "Street.Category2.Arrow.Color": ["interpolate", ["linear"], ["zoom"], 16.75, "#a1b2c600", 17, "#a0b1c680", 18, "#a0b1c680", 18.5, "#a0b1c600"], "Street.Category2.Arrow.Tunnel.Color": ["ref", "Street.Category2.Arrow.Color"], "Street.Category2.Arrow.Toll.Color": ["interpolate", ["linear"], ["zoom"], 17, "#7f999700", 17.25, "#7f999780", 18, "#7f999780", 18.5, "#7f999700"], "Street.Category3.Arrow.Color": ["interpolate", ["linear"], ["zoom"], 17, "#a1aebe00", 17.25, "#a1aebe80", 18, "#a1aebe80", 18.5, "#a1aebe00"], "Street.Category3.Arrow.Tunnel.Color": ["ref", "Street.Category3.Arrow.Color"], "Street.Category3.Arrow.Toll.Color": ["interpolate", ["linear"], ["zoom"], 17, "#7f999700", 17.25, "#7f999780", 18, "#7f999780", 18.5, "#7f999700"], "Street.Category4.Arrow.Color": ["interpolate", ["linear"], ["zoom"], 17.25, "#a1aebe00", 17.5, "#a1aebee6", 19, "#a1aebe80"], "Street.Category4.Arrow.Tunnel.Color": ["ref", "Street.Category4.Arrow.Color"], "Street.Category4.Arrow.Toll.Color": ["interpolate", ["linear"], ["zoom"], 17.25, "#7f999700", 17.5, "#7f999780", 18, "#7f999780", 18.5, "#7f999700"], "BuildingAddress.Label.Size": ["interpolate", ["linear"], ["zoom"], 18, 0, 18, 8, 19, 9, 24, 11.5], "BuildingAddress.Label.Color": "#847984", "Block.Label.Color": ["ref", "Oaza.Label.Color"], "Block.Label.Outline.Color": ["ref", "Oaza.Label.Outline.Color"], "Block.Label.Size": ["interpolate", ["linear"], ["zoom"], 17, 0, 17, 11, 19, 13, 24, 15.5], "Block.Label.Outline.Width": ["ref", "BuildingAddress.Label.Outline.Width"], "Parcel.Label.Color": ["ref", "BuildingAddress.Label.Color"], "Parcel.Label.Outline.Color": ["ref", "BuildingAddress.Label.Outline.Color"], "Parcel.Label.Size": ["ref", "BuildingAddress.Label.Size"], "Parcel.Label.Outline.Width": ["ref", "BuildingAddress.Label.Outline.Width"], "Oaza.Label.Color": "#b38194", "Oaza.Label.Outline.Color": "#fafdff99", "Oaza.Label.Size": ["interpolate", ["linear"], ["zoom"], 14.5, 0, 14.5, 10.5, 15, 11, 16, 13, 19, 18, 24, 24], "Oaza.Label.Outline.Width": ["ref", "Neighborhood.Label.Outline.Width"], "Oaza.Label.Tracking": ["ref", "Neighborhood.Label.Tracking"], "Oaza.Label.Variant": ["ref", "Label.Variant.UpperCase"], "Aza.Label.Color": ["ref", "Oaza.Label.Color"], "Aza.Label.Outline.Color": ["ref", "Oaza.Label.Outline.Color"], "Aza.Label.Size": ["interpolate", ["linear"], ["zoom"], 16, 0, 16, 11, 19, 16, 24, 22], "Aza.Label.Outline.Width": ["ref", "Neighborhood.Label.Outline.Width"], "Aza.Label.Tracking": ["ref", "Oaza.Label.Tracking"], "Aza.Label.Variant": ["ref", "Label.Variant.UpperCase"], "River.Width": ["interpolate", ["linear"], ["zoom"], 6, 0, 6, 0.7, 15, 0.8, 17, 3.1, 18, 4.35, 19, 9.3, 20, 18.6, 22, 61.95, 24, 247.8], "POI.TrafficLight.Label.Color": "#ffffff", "POI.TrafficLight.Label.Outline.Color": "#9d9db2", "POI.TrafficLight.Label.Size": ["interpolate", ["linear"], ["zoom"], 16, 10, 19, 12, 20, 12.5, 24, 25], "POI.TrafficLight.Label.Outline.Width": 0, "POI.TrafficLight.Label.OffsetY": -1.5, "POI.TrafficLight.Icon.Size": ["interpolate", ["linear"], ["zoom"], 0, 13, 20, 13, 24, 26], "PolygonalRoads.Tunnel.Gap.Length": ["step", ["zoom"], 0.6, 15, 1.25, 15.5, 0.9, 16, 1.55, 16.5, 1.25, 17, 1.85, 17.5, 1.55, 18, 2.15, 18.5, 1.85, 19, 2.45, 19.5, 2.15, 20, 2.8, 20.5, 2.45, 21, 3.1, 21.5, 2.8, 22, 3.4, 22.5, 3.1, 23, 3.7, 23.5, 3.4, 24, 3.7], "PolygonalRoads.Tunnel.Dash.Length": ["step", ["zoom"], 0.6, 15, 2.45, 15.5, 2.15, 16, 2.8, 16.5, 2.45, 17, 3.1, 17.5, 2.8, 18, 3.4, 18.5, 3.1, 19, 3.7, 19.5, 3.4, 20, 4, 20.5, 3.7, 21, 4.35, 21.5, 4, 22, 4.65, 22.5, 4.35, 23, 4.95, 23.5, 4.65, 24, 5.25], "Internal.PolygonalRoads.Tunnel.DashArray": ["make-vector", ["world-discrete-scale", ["ref", "PolygonalRoads.Tunnel.Gap.Length"]], ["world-discrete-scale", ["ref", "PolygonalRoads.Tunnel.Dash.Length"]], 0, 0], "PolygonalRoads.Tunnel.Color": "#7f8d8f82", "PolygonalRoads.Tunnel.Width": ["interpolate", ["linear"], ["zoom"], 15, 0.45, 20, 0.6, 24, 0.75], "UndergroundArea.Outline.Width": ["interpolate", ["linear"], ["zoom"], 15, 0, 16, 0.3, 19, 0.6, 24, 0.9], "UndergroundArea.Outline.Offset": ["interpolate", ["linear"], ["zoom"], 15, 0, 16, 0.15, 19, 0.3, 24, 0.45], "RailwayStation.Outline.Width": ["interpolate", ["linear"], ["zoom"], 13, 0, 15, 0.9, 24, 1.2], "RailwayStation.Outline.Offset": ["interpolate", ["linear"], ["zoom"], 13, 0, 15, 0.45, 24, 0.6], "CommuterStation.Outline.Width": ["interpolate", ["linear"], ["zoom"], 14, 0, 15, 0.9, 24, 1.2], "CommuterStation.Outline.Offset": ["interpolate", ["linear"], ["zoom"], 14, 0, 16, 0.45, 24, 0.6], "UndergroundArea.Outline.Color": "#9f3d454d", "RailwayStation.Outline.Color": "#c75d6a4d", "CommuterStation.Outline.Color": "#d16a784d", "RailwayStation.Color": ["interpolate", ["linear"], ["zoom"], 13, "#ff9ba8d2", 14, "#ffaab6d2", 15, "#ffaab6b4"], "CommuterStation.Color": ["interpolate", ["linear"], ["zoom"], 14, "#ffaab600", 14, "#ffaab6d2", 15, "#ffaab6b4"], "StateBoundary.Gap.Length": 0, "StateBoundary.Dash.Length": 0, "State.Label.Color": "#9d677d", "State.Label.Outline.Color": "#fafdff99", "State.Label.Size": ["interpolate", ["linear"], ["zoom"], 7, 0, 7, 12, 8, 12.5, 14, 16, 14, 0], "StateBoundary.Width": ["interpolate", ["linear"], ["zoom"], 7, 0, 7, 0.5, 20, 0.8, 24, 1.3], "StateBoundary.Outline.Width": ["interpolate", ["linear"], ["zoom"], 7, 0, 7, 3.1, 8, 3.7, 10, 3.7, 11, 4.35, 24, 5.55], "StateBoundary.Color": ["interpolate", ["linear"], ["zoom"], 6, "#d6a7ba", 11, "#d899b4", 16, "#cf7c9f"], "StateBoundary.Outline.Color": ["interpolate", ["linear"], ["zoom"], 6, "#f1c7d215", 11, "#e6bec728", 16, "#d7a7b44c"], "MunicipalityBoundary.Dash1.Length": ["step", ["zoom"], 4.95, 9, 2.45, 10, 2.45, 12, 2.45, 13, 3.7, 14, 4.95, 15, 4.95, 16, 6.2, 18, 7.45, 20, 8.65, 24, 11.15], "MunicipalityBoundary.Gap.Length": ["step", ["zoom"], 4.95, 9, 1.25, 10, 1.25, 12, 1.25, 13, 1.55, 14, 1.7, 15, 1.7, 16, 1.55, 18, 1.7, 20, 1.85, 24, 2.45], "MunicipalityBoundary.Dash2.Length": ["step", ["zoom"], 4.95, 9, 2.45, 10, 2.45, 12, 2.45, 13, 1.25, 14, 1.7, 15, 1.7, 16, 1.55, 18, 1.7, 20, 1.85, 24, 2.45], "MunicipalityBoundary.Width": ["interpolate", ["linear"], ["zoom"], 10, 0, 10, 0.4, 13, 0.6, 20, 0.8, 24, 1.2], "MunicipalityBoundary.Outline.Width": ["interpolate", ["linear"], ["zoom"], 10, 2.8, 13, 3.1, 16, 3.7, 24, 4.5], "MunicipalityBoundary.Color": ["interpolate", ["linear"], ["zoom"], 10, "#d89eb8", 13, "#d99bb6", 16, "#cf7ea1"], "MunicipalityBoundary.Outline.Color": ["interpolate", ["linear"], ["zoom"], 12, "#f5d8e826", 13, "#f3d2e533", 16, "#d9acc633"], "DistrictBoundary.Dash.Length": ["step", ["zoom"], 7.45, 13, 2.45, 14, 2.45, 15, 3.1, 16, 4.35, 18, 7.45, 20, 8.65, 24, 11.15], "DistrictBoundary.Gap.Length": ["step", ["zoom"], 7.45, 13, 1.25, 14, 1.25, 15, 1.4, 16, 1.85, 18, 3.7, 20, 4.95, 24, 5.55], "DistrictBoundary.Width": ["interpolate", ["linear"], ["zoom"], 15, 0, 15, 0.3, 17, 0.4, 20, 0.7, 24, 1.4], "DistrictBoundary.Outline.Width": ["interpolate", ["linear"], ["zoom"], 15, 0, 15, 1.25, 17, 1.75, 20, 2.75, 24, 3.75], "DistrictBoundary.Color": ["interpolate", ["linear"], ["zoom"], 14, "#dba9bf", 15, "#d897b2", 16, "#cb85a3"], "DistrictBoundary.Outline.Color": ["interpolate", ["linear"], ["zoom"], 14, "#f4d6e71e", 15, "#e6bed446", 17, "#e3cadc50"], "NeighborhoodBoundary.Gap.Length": ["step", ["zoom"], 8.05, 14, 0.9, 15, 0.9, 16, 1.25, 18, 2.45, 20, 3.7, 24, 4.95], "NeighborhoodBoundary.Dash.Length": ["step", ["zoom"], 8.05, 14, 1.25, 15, 1.25, 16, 2.45, 18, 4.95, 20, 6.2, 24, 7.45], "NeighborhoodBoundary.Color": ["interpolate", ["linear"], ["zoom"], 15, "#d897b2", 16, "#cb84a3"], "NeighborhoodBoundary.Outline.Color": ["interpolate", ["linear"], ["zoom"], 15, "#e3cada2d", 16, "#e3cada32", 18, "#e3cada50"], "NeighborhoodBoundary.Width": ["interpolate", ["linear"], ["zoom"], 16, 0, 16, 0.3, 18, 0.4, 20, 0.6, 24, 1], "NeighborhoodBoundary.Outline.Width": ["interpolate", ["linear"], ["zoom"], 16, 0, 16, 1.25, 18, 1.5, 20, 2, 24, 2.75], "MicrohoodBoundary.Gap.Length": ["step", ["zoom"], 10.55, 17, 0, 17, 0.9, 18, 1.25, 20, 1.85, 24, 2.45], "MicrohoodBoundary.Dash.Length": ["step", ["zoom"], 10.55, 17, 0, 17, 1.55, 18, 2.15, 20, 3.1, 24, 4.95], "MicrohoodBoundary.Width": ["interpolate", ["linear"], ["zoom"], 17, 0, 17, 0.3, 20, 0.75, 24, 0.9], "MicrohoodBoundary.Outline.Width": ["interpolate", ["linear"], ["zoom"], 17, 0, 17, 1.25, 20, 1.5, 24, 2], "MicrohoodBoundary.Color": "#cb84a3", "MicrohoodBoundary.Outline.Color": ["interpolate", ["linear"], ["zoom"], 17, "#e3cbdc32", 18, "#e3cbdc50"], "Decorative.Expressway.Line.Width": ["interpolate", ["linear"], ["zoom"], 15, 0.3, 20, 0.9, 24, 2.25], "Decorative.Line.Width": ["ref", "Decorative.Expressway.Line.Width"], "Decorative.FloodGate.Line.Color": ["interpolate", ["linear"], ["zoom"], 15, "#9cb1bc40", 16, "#9cb1bc80"], "Decorative.Stairs.Line.Color": "#c9d9e6", "Decorative.Line.Color": "#b6cad7", "Decorative.Road.Line.Color": "#7f8d8f82", "PolygonalRoads.Outline.Color": ["interpolate", ["linear"], ["zoom"], 16.5, "#abbccc80", 17.5, "#abbccc"], "PolygonalRoads.National.Outline.Color": ["ref", "PolygonalRoads.Outline.Color"], "PolygonalRoads.MajorSecondary.Outline.Color": ["ref", "PolygonalRoads.Outline.Color"], "PolygonalRoads.MajorTertiary.Outline.Color": ["ref", "PolygonalRoads.Outline.Color"], "PolygonalRoads.Other.Outline.Color": ["ref", "PolygonalRoads.Outline.Color"], "PolygonalRoads.RestrictedArea.Outline.Color": ["ref", "PolygonalRoads.Outline.Color"], "PolygonalRoads.Outline.Width": ["interpolate", ["linear"], ["zoom"], 16.5, 0, 16.5, 1, 17, 1.5, 20, 1.75], "PolygonalRoads.National.Outline.Width": ["ref", "PolygonalRoads.Outline.Width"], "PolygonalRoads.MajorSecondary.Outline.Width": ["ref", "PolygonalRoads.Outline.Width"], "PolygonalRoads.MajorTertiary.Outline.Width": ["ref", "PolygonalRoads.Outline.Width"], "PolygonalRoads.Other.Outline.Width": ["ref", "PolygonalRoads.Outline.Width"], "PolygonalRoads.RestrictedArea.Outline.Width": ["ref", "PolygonalRoads.Outline.Width"], "Decorative.RailRoad.Line.Color": ["ref", "Decorative.Road.Line.Color"], "TollGate.Line.Gap.Length": ["step", ["zoom"], 9.3, 15, 1.25, 17, 1.85, 18, 1.85, 19, 3.1, 20, 3.7, 22, 4.95], "TollGate.Line.Dash.Length": ["step", ["zoom"], 9.3, 15, 1.25, 17, 1.85, 18, 1.85, 19, 3.1, 20, 3.7, 22, 4.95], "Internal.TollGate.DashArray": ["make-vector", ["world-discrete-scale", ["ref", "TollGate.Line.Gap.Length"]], ["world-discrete-scale", ["ref", "TollGate.Line.Dash.Length"]], 0, 0], "POI.TransitAccess.Label.Color": "#ffffff", "POI.TransitAccess.Label.Outline.Color": "#de6f7f", "POI.TransitAccess.Label.Size": ["interpolate", ["linear"], ["zoom"], 16, 9.5, 19, 11.5, 24, 24], "POI.TransitAccess.Label.Outline.Width": 0, "POI.TollBooth.Icon.Size": ["interpolate", ["linear"], ["zoom"], 15, 0, 15, 11, 20, 11, 24, 22], "POI.HighwayRamps.Icon.Size": ["interpolate", ["linear"], ["zoom"], 15, 0, 15, 10, 20, 10, 24, 20], "POI.RoadFacility.Label.Color": "#ffffff", "POI.RoadFacility.Label.Outline.Color": "#5b817d", "POI.RoadFacility.Label.Size": ["interpolate", ["linear"], ["zoom"], 16, 12, 19, 14.5, 20, 15, 24, 30], "POI.RoadFacility.Label.Outline.Width": 0, "POI.RoadFacility.Label.OffsetY": 3, "POI.RoadFacility.Icon.Size": ["interpolate", ["linear"], ["zoom"], 15, 11, 16, 12, 17, 12, 18, 13, 20, 13, 24, 26], "POI.GovernmentalOffice.Icon.Size": ["interpolate", ["linear"], ["zoom"], 0, 23, 15, 23, 16, 26, 17, 26, 18, 28, 20, 28, 24, 60], "POI.GovernmentalOffice.Label.Color": ["ref", "POI.Facilities.Label.Color"], "POI.GovernmentalOffice.Label.Outline.Color": ["ref", "POI.Facilities.Label.Outline.Color"], "POI.GovernmentalOffice.Label.Size": ["interpolate", ["linear"], ["zoom"], 0, 10, 13, 10.5, 15, 10.5, 16, 12, 20, 13, 24, 25], "POI.GovernmentalOffice.Label.Outline.Width": ["interpolate", ["linear"], ["zoom"], 0, 1, 13, 1, 16, 1.5, 20, 1.75, 24, 2], "POI.TransitStop.Railway.Label.Size": ["interpolate", ["linear"], ["zoom"], 0, 12, 13, 12, 15, 12, 16, 13.2, 18, 15.5, 20, 18, 24, 30], "POI.TransitStop.Railway.Label.Color": ["ref", "POI.TransitStop.Label.Color"], "POI.TransitStop.Railway.Label.Outline.Color": ["ref", "POI.TransitStop.Label.Outline.Color"], "POI.TransitStop.Railway.Label.Outline.Width": ["ref", "POI.TransitStop.Label.Outline.Width"], "POI.Japan.Annotations.Margin": ["interpolate", ["linear"], ["zoom"], 19, 3, 19.5, 10, 20, 30, 21, 90, 22, 210, 23, 450, 24, 900, 25, 1800], "Numbers.Margin": 3, "Numbers.PersistingMargin.Reducing": 2, "ExtrudedBuilding.TrainStationPlatform.Scale": 0.25, "ExtrudedBuilding.Passageway.Scale": 0.15, "ExtrudedBuilding.SubwayStation.Scale": 1, "Building.SubwayStation.MaxZoomLevel": ["ref", "Building.MaxZoomLevel"], "Traffic.Flow.Free.Color": ["ref", "Japan.Traffic.Flow.Free.Color"], "Japan.Traffic.Flow.Free.Color": "#84e8a6", "Traffic.Flow.Free.Outline.Color": ["ref", "Japan.Traffic.Flow.Free.Outline.Color"], "Japan.Traffic.Flow.Free.Outline.Color": "#4bb46c", "Traffic.Category0.Width": ["interpolate", ["linear"], ["zoom"], 7, 0.6, 8, 0.9, 9, 0.9, 10, 0.9, 11, 1.55, 12, 2.15, 13, 2.45, 14, 2.8, 15, 3.1, 16, 3.7, 17, 4.35, 18, 4.95, 19, 7.45, 20, 10.55, 24, 58.25], "Traffic.Category0.Offset": ["interpolate", ["linear"], ["zoom"], 7, 1.25, 8, 1.25, 9, 1.55, 10, 1.55, 11, 1.85, 12, 2.45, 13, 2.75, 14, 3, 15, 3.25, 16, 4, 17, 4.95, 18, 9.3, 19, 19.2, 20, 40.25, 21, 83.65, 22, 142.5, 23, 285, 24, 762.05], "Traffic.Category0.Ramp.Offset": ["interpolate", ["linear"], ["zoom"], 7, 0.6, 9, 0.6, 10, 0.75, 11, 1, 12, 1.25, 13, 1.5, 14, 1.75, 15, 2.5, 16, 3.5, 17, 4, 18, 7, 19, 9, 20, 20, 21, 49.55, 22, 77.45, 23, 188.95, 24, 303.6], "Traffic.Category1.Width": ["interpolate", ["linear"], ["zoom"], 10, 0.6, 11, 0.9, 12, 1.25, 13, 1.85, 14, 2.15, 15, 2.45, 16, 2.8, 17, 3.1, 18, 3.7, 19, 4.65, 20, 6.2, 24, 34.05], "Traffic.Category1.Offset": ["interpolate", ["linear"], ["zoom"], 10, 1.25, 13, 1.85, 14, 2.25, 15, 2.75, 16, 4, 17, 4.95, 18, 7.75, 19, 16.1, 20, 27.9, 21, 52.65, 22, 111.5, 23, 229.25, 24, 464.65], "Traffic.Category1.Ramp.Offset": ["interpolate", ["linear"], ["zoom"], 10, 0.75, 13, 1.15, 14, 1.25, 15, 1.5, 16, 2.75, 17, 3, 18, 4, 19, 8, 20, 15, 21, 32, 22, 57, 23, 111.5, 24, 204.45], "Traffic.Category2.Width": ["interpolate", ["linear"], ["zoom"], 13, 1.25, 14, 1.55, 15, 1.85, 16, 2.15, 17, 2.45, 18, 3.1, 19, 4, 20, 4.95, 24, 18.6], "Traffic.Category2.Offset": ["interpolate", ["linear"], ["zoom"], 13, 1.5, 14, 1.75, 15, 2.15, 16, 3, 17, 4.95, 18, 8.05, 19, 15.5, 20, 24.8, 21, 49.55, 22, 99.1, 23, 185.85, 24, 377.95], "Traffic.Category2.Ramp.Offset": ["interpolate", ["linear"], ["zoom"], 13, 0.75, 14, 1, 15, 1.5, 16, 2, 17, 3.4, 18, 4.35, 19, 9.3, 20, 18.6, 21, 52.65, 22, 86.75, 23, 195.15, 24, 303.6], "Traffic.Category3.Width": ["interpolate", ["linear"], ["zoom"], 14, 1.55, 15, 1.55, 16, 1.85, 17, 2.15, 18, 2.45, 19, 3.1, 20, 4.35, 24, 15.5], "Traffic.Category3.Offset": ["interpolate", ["linear"], ["zoom"], 14, 1.85, 15, 1.85, 16, 2.45, 17, 4.35, 18, 8.65, 19, 18.6, 20, 35.95, 21, 74.35, 22, 154.9, 23, 309.75, 24, 619.55], "Traffic.Category3.Ramp.Offset": ["interpolate", ["linear"], ["zoom"], 14, 1.25, 15, 1.55, 16, 2.45, 17, 3.1, 18, 4.95, 19, 8.05, 20, 17.35, 21, 27.25, 22, 46.45, 23, 96.05, 24, 142.5], "Traffic.Category4.Width": ["interpolate", ["linear"], ["zoom"], 16, 1.55, 17, 1.85, 18, 2.15, 19, 2.45, 20, 3.1, 24, 11.15], "Traffic.Category4.Offset": ["interpolate", ["linear"], ["zoom"], 16, 2.45, 17, 3.1, 18, 6.2, 19, 14.25, 20, 29.75, 21, 49.55, 22, 105.3, 23, 198.25, 24, 446.1], "Traffic.Category4.Ramp.Offset": ["ref", "Traffic.Category4.Offset"], "Street.Category0.Label.Size": ["interpolate", ["linear"], ["zoom"], 10, 0, 10, 9, 12, 9.75, 14, 11, 18, 17.5, 20, 22, 22, 25, 24, 28], "Street.Category0.Label.Ramp.Size": ["ref", "Street.Category0.Label.Size"], "Street.Category0.Label.Color": ["interpolate", ["linear"], ["zoom"], 10, "#002337", 12, "#002337", 15, "#00273c"], "Street.Category0.Label.Outline.Width": ["interpolate", ["linear"], ["zoom"], 10, 0, 10, 1.25, 11, 1.25, 14, 1.5, 16, 1.75, 20, 2, 24, 2.25], "Street.Category0.Label.Unpaved.Color": ["ref", "Street.Category0.Label.Color"], "Street.Category1.Label.Size": ["interpolate", ["linear"], ["zoom"], 11, 0, 11, 9, 12, 9.25, 14, 9.75, 18, 14.5, 20, 18, 22, 21, 24, 24], "Street.Category1.Label.Ramp.Size": ["ref", "Street.Category1.Label.Size"], "Street.Category1.Label.Color": ["interpolate", ["linear"], ["zoom"], 12, "#002d46", 15, "#00304b"], "Street.Category1.Label.Outline.Width": ["interpolate", ["linear"], ["zoom"], 11, 0, 11, 1.25, 14, 1.5, 16, 1.75, 20, 2, 24, 2.25], "Street.Category1.Label.Unpaved.Color": ["ref", "Street.Category1.Label.Color"], "Street.Category2.Label.Size": ["interpolate", ["linear"], ["zoom"], 12, 0, 12, 9, 14, 9.25, 18, 13, 20, 16, 22, 19, 24, 21], "Street.Category2.Label.Ramp.Size": ["ref", "Street.Category2.Label.Size"], "Street.Category2.Label.Color": "#063550", "Street.Category2.Label.Outline.Width": ["interpolate", ["linear"], ["zoom"], 12, 0, 12, 1.25, 14, 1.5, 16, 1.75, 20, 2, 24, 2.25], "Street.Category2.Label.Unpaved.Color": ["ref", "Street.Category2.Label.Color"], "Street.Category3.Label.Size": ["interpolate", ["linear"], ["zoom"], 13, 0, 13, 9, 14, 9, 18, 11.5, 20, 15, 22, 17, 24, 19], "Street.Category3.Label.Ramp.Size": ["ref", "Street.Category3.Label.Size"], "Street.Category3.Label.Color": "#083e55", "Street.Category3.Label.Outline.Width": ["interpolate", ["linear"], ["zoom"], 13, 0, 13, 1.375, 14, 1.5, 16, 1.75, 20, 2, 24, 2.25], "Street.Category3.Label.Unpaved.Color": ["ref", "Street.Category3.Label.Color"], "Street.Category4.Label.Size": ["interpolate", ["linear"], ["zoom"], 15, 0, 15, 9, 18, 10.5, 20, 13, 22, 15, 24, 18], "Street.Category4.Label.Ramp.Size": ["ref", "Street.Category4.Label.Size"], "Street.Category4.Label.Color": "#0c425a", "Street.Category4.Label.Outline.Width": ["interpolate", ["linear"], ["zoom"], 15, 0, 15, 1.5, 18, 1.75, 24, 2], "Street.Category4.Label.Unpaved.Color": ["ref", "Street.Category4.Label.Color"], "Street.Pedestrian.Label.Color": ["ref", "Street.Category4.Label.Color"], "Street.Pedestrian.Label.Outline.Color": ["ref", "Street.Category4.Label.Outline.Color"], "Street.Pedestrian.Label.Outline.Width": ["ref", "Street.Category4.Label.Outline.Width"], "Street.Pedestrian.Label.Size": ["ref", "Street.Category4.Label.Size"], "Street.Pedestrian.Label.Unpaved.Color": ["ref", "Street.Pedestrian.Label.Color"], "Street.Pedestrian.Label.Unpaved.Outline.Color": ["ref", "Street.Pedestrian.Label.Outline.Color"], "Street.Walkway.Label.Size": ["ref", "Street.Category4.Label.Size"], "Street.Walkway.Label.Outline.Width": ["ref", "Street.Category4.Label.Outline.Width"], "Street.Walkway.Label.Color": ["ref", "Street.Category4.Label.Color"], "Street.Walkway.Label.Outline.Color": ["ref", "Street.Category4.Label.Outline.Color"], "Street.Walkway.Label.Unpaved.Color": ["ref", "Street.Walkway.Label.Color"], "Street.Walkway.Label.Unpaved.Outline.Color": ["ref", "Street.Walkway.Label.Outline.Color"], "Rail.Is.AlsoInCity.Visibility": 15, "Rail.Is.NotInCity.Visibility": 25, "Rail.Speed.Line.Opacity": ["interpolate", ["linear"], ["zoom"], 16, 1, 16.5, 0.75, 17, 0], "Rail.State.Line.Opacity": ["ref", "Rail.Speed.Line.Opacity"], "Rail.Private.Line.Opacity": ["ref", "Rail.Speed.Line.Opacity"], "MountainRange.Label.Outline.Width": ["interpolate", ["linear"], ["zoom"], 0, 1, 13, 1.5], "MountainRange.Label.Color": "#999999", "MountainRange.Label.Outline.Color": "#ffffffe6", "Truck.Category0.Width": ["interpolate", ["linear"], ["zoom"], 0, 0.6, 8, 0.9, 9, 1.25, 10, 1.55, 11, 1.85, 13, 2.15, 14, 2.15, 15, 2.15, 16, 3.1, 17, 4.95, 19, 9.3, 20, 11.75, 24, 55.75], "Truck.Category1.Width": ["interpolate", ["linear"], ["zoom"], 0, 0.6, 9, 0.75, 11, 1.25, 13, 1.55, 14, 1.85, 15, 2.15, 16, 2.45, 17, 4.35, 18, 6.8, 19, 8.05, 20, 9.9, 24, 42.15], "Truck.Category2.Width": ["interpolate", ["linear"], ["zoom"], 0, 0.6, 11, 0.6, 13, 1.1, 14, 1.4, 15, 1.4, 16, 2.3, 17, 3.1, 18, 5.25, 19, 6.5, 20, 8.35, 24, 40.25], "Truck.Category3.Width": ["interpolate", ["linear"], ["zoom"], 0, 0.6, 13, 0.6, 14, 0.75, 15, 0.9, 16, 1.4, 17, 2.45, 18, 4, 19, 4.95, 20, 6.8, 24, 37.15], "Truck.Category4.Width": ["interpolate", ["linear"], ["zoom"], 0, 0.6, 15, 0.6, 16, 0.75, 17, 1.85, 18, 2.8, 19, 3.7, 20, 4.95, 24, 30.95], "Truck.Pedestrian.Width": ["interpolate", ["linear"], ["zoom"], 0, 0.6, 16, 0.6, 17, 1.25, 18, 1.85, 19, 2.45, 20, 3.1, 24, 3.7], "TruckFeature.Japan.Rail.Line.Color": ["interpolate", ["linear"], ["zoom"], 13, "#a0a4a8", 16, "#b9bec3"], "TruckFeature.Japan.Rail.Subway.Label.Color": ["interpolate", ["linear"], ["zoom"], 11, "#707070", 15, "#7f7f7f"], "TruckFeature.Japan.Rail.Subway.Label.Outline.Color": "#ffffffdc", "Street.Category2.SimpleLine.MinZoomLevel": 9.28, "Street.Category3.SimpleLine.MinZoomLevel": 12.28, "Street.Category4.SimpleLine.MinZoomLevel": 14.28, "Street.SimpleLine.ZoomLevelSpan": 1.0, "Street.Category4.SimpleLine.ZoomLevelSpan": 1.0, "PTFeature.Japan.Rail.Line.Width": 0, "PTFeature.Japan.Rail.Outline.Width": ["ref", "PTFeature.Japan.Rail.Line.Width"], "PTFeature.Japan.Rail.Label.Size": 0, "AsiaSelectedSystems.Transit.Subway.Line.Width": ["interpolate", ["linear"], ["zoom"], 11.5, 0, 11.5, 0.65, 13, 0.75, 16, 0.9, 20, 1.25, 24, 1.55], "AsiaSelectedSystems.Transit.Subway.Outline.Width": ["interpolate", ["linear"], ["zoom"], 11.5, 0, 11.5, 0.35, 13, 0.45, 16, 0.6, 20, 0.9, 24, 1.25], "AsiaSelectedSystems.Transit.Subway.Line.Offset": ["interpolate", ["linear"], ["zoom"], 11.5, 0, 11.5, 1.4, 13, 1.7, 16, 2.15, 20, 3.1, 24, 4], "AsiaSelectedSystems.Transit.Subway.Label.Size": ["interpolate", ["linear"], ["zoom"], 12.5, 0, 12.5, 9.2, 14, 9.5, 18, 13, 20, 16.5, 22, 19, 24, 22], "AsiaSelectedSystems.Transit.Subway.Label.Outline.Width": ["interpolate", ["linear"], ["zoom"], 12.5, 0, 12.5, 1.53, 16, 1.75, 20, 2, 24, 2.25], "AsiaSelectedSystems.Transit.Subway.Fallback.Line.Color": ["ref", "Transit.Fallback.Line.Color"], "AsiaSelectedSystems.Transit.Subway.Fallback.Label.Color": ["ref", "AsiaSelectedSystems.Transit.Subway.Fallback.Line.Color"], "AsiaSelectedSystems.Transit.Subway.Outline.Color": "#ffffff", "AsiaSelectedSystems.Transit.Subway.Label.Outline.Color": "#ffffffdc", "AsiaSelectedSystems.Transit.HighSpeed.Label.Outline.Color": ["ref", "AsiaSelectedSystems.Transit.Subway.Label.Outline.Color"], "Transit.Suburban.Line.MergeCriteria": ["ref", "Is.Transit.Line.MergeCriteria.TypeColor"], "Transit.Regional.Line.MergeCriteria": ["ref", "Is.Transit.Line.MergeCriteria.TypeColor"], "Transit.Intercity.Line.MergeCriteria": ["ref", "Is.Transit.Line.MergeCriteria.TypeColor"], "Transit.HighSpeed.Line.MergeCriteria": ["ref", "Is.Transit.Line.MergeCriteria.TypeColor"], "Transit.Ferry.Line.MergeCriteria": ["ref", "Is.Transit.Line.MergeCriteria.TypeColor"], "Transit.Train.Line.MergeCriteria": ["ref", "Is.Transit.Line.MergeCriteria.TypeColor"], "Transit.Fallback.Line.MergeCriteria": ["ref", "Is.Transit.Line.MergeCriteria.TypeColor"], "Transit.Label.Color": "#ffffff", "Transit.HighSpeed.SecondLine.Color": ["ref", "Transit.Label.Color"], "AsiaSelectedSystems.Transit.HighSpeed.SecondLine.Color": ["ref", "Transit.HighSpeed.SecondLine.Color"], "Transit.HighSpeed.Fallback.Outline.Color": ["ref", "Transit.HighSpeed.Fallback.Line.Color"], "Transit.HighSpeed.Fallback.Line.Color": "#da2828", "AsiaSelectedSystems.Transit.HighSpeed.Fallback.Line.Color": ["ref", "Transit.HighSpeed.Fallback.Line.Color"], "AsiaSelectedSystems.Transit.HighSpeed.Fallback.Outline.Color": ["ref", "Transit.HighSpeed.Fallback.Outline.Color"], "AsiaSelectedSystems.Transit.HighSpeed.Fallback.Label.Color": ["ref", "Transit.HighSpeed.Fallback.Line.Color"], "Transit.HighSpeed.Outline.Color.Darken": ["interpolate", ["linear"], ["zoom"], 10, 0, 11, 0.075], "Transit.HighSpeed.Line.Gap.Length": ["step", ["zoom"], 2.25, 8, 2.25, 8.5, 2, 9, 3, 9.5, 2.75, 10, 4, 10.5, 3.75, 11, 4.25, 11.5, 3.75, 12, 4.5, 12.5, 4, 13, 5, 13.5, 4.5, 14, 5.75, 14.5, 5.25, 15, 6.75, 15.5, 6.25, 16, 7.5, 16.5, 6.5, 17, 8.5, 17.5, 7.5, 18, 10.5, 18.5, 9, 19, 13, 19.5, 11.5, 20, 15.5, 20.5, 14, 21, 17, 21.5, 15.5, 22, 19, 22.5, 17.25, 23, 21.25, 23.5, 19.5, 24, 23.5], "Transit.HighSpeed.Line.Dash.Length": ["step", ["zoom"], 8, 8, 8, 8.5, 6.75, 9, 9, 9.5, 7.75, 10, 10.25, 10.5, 8.75, 11, 11, 11.5, 9.5, 12, 11.75, 12.5, 10.25, 13, 12.5, 13.5, 11, 14, 13.5, 14.5, 12, 15, 14.5, 15.5, 13, 16, 16, 16.5, 14.5, 17, 18.5, 17.5, 17, 18, 21.75, 18.5, 20, 19, 24, 19.5, 22.25, 20, 26.25, 20.5, 24.5, 21, 28.5, 21.5, 26.75, 22, 31, 22.5, 29.25, 23, 34, 23.5, 32.25, 24, 37], "Transit.HighSpeed.Line.Width": ["interpolate", ["linear"], ["zoom"], 8, 0, 8, 1, 10, 1.75, 12, 2, 16, 2.75, 18, 3.75, 20, 4.75, 24, 6.5], "Transit.HighSpeed.Outline.Width": ["interpolate", ["linear"], ["zoom"], 8, 0, 8, 0.65, 10, 0.85, 12, 1, 16, 1.1, 18, 1.25, 20, 1.5, 24, 2], "Transit.HighSpeed.Second.Outline.Width": ["interpolate", ["linear"], ["zoom"], 8, 0, 8, 0.85, 10, 0.9, 12, 1, 16, 1.25, 18, 1.5, 20, 1.75, 24, 2.25], "Transit.HighSpeed.Line.Offset": ["interpolate", ["linear"], ["zoom"], 8, 0, 8, 4, 10, 5.25, 12, 6, 16, 7.45, 18, 9.25, 20, 11.25, 24, 15], "Transit.HighSpeed.Label.Size": ["interpolate", ["linear"], ["zoom"], 10, 0, 10, 9, 14, 11.75, 18, 14.75, 20, 16.75, 24, 22], "Transit.HighSpeed.Label.Outline.Width": ["interpolate", ["linear"], ["zoom"], 10, 0, 10, 1.535, 16, 1.75, 24, 2.5], "AsiaSelectedSystems.Transit.HighSpeed.Outline.Color.Darken": ["ref", "Transit.HighSpeed.Outline.Color.Darken"], "AsiaSelectedSystems.Transit.HighSpeed.Line.Gap.Length": ["ref", "Transit.HighSpeed.Line.Gap.Length"], "AsiaSelectedSystems.Transit.HighSpeed.Line.Dash.Length": ["ref", "Transit.HighSpeed.Line.Dash.Length"], "AsiaSelectedSystems.Transit.HighSpeed.Line.Width": ["interpolate", ["linear"], ["zoom"], 8, 0, 8, 0.5, 10, 0.9, 12, 1, 16, 1.4, 18, 1.9, 20, 2.4, 24, 3.3], "AsiaSelectedSystems.Transit.HighSpeed.Outline.Width": ["ref", "Transit.HighSpeed.Outline.Width"], "AsiaSelectedSystems.Transit.HighSpeed.Second.Outline.Width": ["interpolate", ["linear"], ["zoom"], 8, 0, 8, 0.85, 10, 0.9, 12, 1, 16, 1.2, 18, 1.5, 20, 1.75, 24, 2.25], "AsiaSelectedSystems.Transit.HighSpeed.Line.Offset": ["interpolate", ["linear"], ["zoom"], 8, 0, 8, 3.5, 10, 4, 12, 5, 16, 6, 18, 6.5, 20, 8, 24, 11], "AsiaSelectedSystems.Transit.HighSpeed.Label.Size": ["ref", "Transit.HighSpeed.Label.Size"], "AsiaSelectedSystems.Transit.HighSpeed.Label.Outline.Width": ["ref", "Transit.HighSpeed.Label.Outline.Width"], "Transit.Intercity.Line.Width": ["interpolate", ["linear"], ["zoom"], 10, 0, 10, 1.75, 11, 2.25, 12, 2.5, 16, 3.5, 18, 4.5, 20, 6.25, 24, 8], "Transit.Intercity.Outline.Width": ["interpolate", ["linear"], ["zoom"], 10, 0, 10, 0.9, 11, 0.95, 12, 1, 16, 1.25, 18, 1.5, 20, 1.75, 24, 2.25], "Transit.Intercity.Line.Offset": ["interpolate", ["linear"], ["zoom"], 10, 0, 10, 3.55, 11, 4.15, 12, 4.5, 16, 6, 18, 7.5, 20, 9.75, 24, 12.5], "Transit.Intercity.Label.Size": ["interpolate", ["linear"], ["zoom"], 12, 0, 12, 9.5, 14, 10.75, 18, 13.75, 20, 15.75, 24, 20.75], "Transit.Intercity.Label.Outline.Width": ["interpolate", ["linear"], ["zoom"], 12, 0, 12, 1.605, 16, 1.75, 24, 2.5], "Transit.Regional.Line.Width": ["interpolate", ["linear"], ["zoom"], 11, 0, 11, 1.25, 12, 1.5, 16, 2.25, 18, 3, 20, 4.25, 24, 5.75], "Transit.Regional.Outline.Width": ["interpolate", ["linear"], ["zoom"], 11, 0, 11, 0.75, 12, 1, 16, 1.25, 18, 1.5, 20, 1.75, 24, 2.25], "Transit.Regional.Line.Offset": ["interpolate", ["linear"], ["zoom"], 11, 0, 11, 2.75, 12, 3.5, 16, 4.75, 18, 6, 20, 7.75, 24, 10.25], "Transit.Regional.Label.Size": ["interpolate", ["linear"], ["zoom"], 13, 0, 13, 9.8, 14, 10, 18, 13, 20, 15, 24, 20], "Transit.Regional.Label.Outline.Width": ["interpolate", ["linear"], ["zoom"], 13, 0, 13, 1.64, 16, 1.75, 24, 2.5], "Transit.Subway.Line.Width": ["interpolate", ["linear"], ["zoom"], 11, 0, 11, 0.65, 12, 0.75, 16, 1.25, 18, 2, 20, 2.95, 24, 4.75], "Transit.Subway.Outline.Width": ["interpolate", ["linear"], ["zoom"], 11, 0, 11, 0.5, 12, 0.75, 16, 1, 18, 1.25, 20, 1.5, 24, 2], "Transit.Subway.Line.Offset": ["interpolate", ["linear"], ["zoom"], 11, 0, 11, 1.65, 12, 2.25, 16, 3.25, 18, 4.5, 20, 5.95, 24, 8.75], "Transit.Subway.Label.Size": ["interpolate", ["linear"], ["zoom"], 13, 0, 13, 9.35, 14, 9.25, 18, 12.25, 20, 14.25, 24, 19.25], "Transit.Subway.Label.Outline.Width": ["interpolate", ["linear"], ["zoom"], 13, 0, 13, 1.5, 16, 1.65, 24, 2.25], "Transit.Tram.Line.Width": ["interpolate", ["linear"], ["zoom"], 12, 0, 12, 0.5, 16, 0.9, 18, 1.55, 20, 2.15, 24, 3.85], "Transit.Tram.Outline.Width": ["interpolate", ["linear"], ["zoom"], 12, 0, 12, 0.3, 16, 0.6, 18, 0.75, 20, 0.9, 24, 1.25], "Transit.Tram.Line.Offset": ["interpolate", ["linear"], ["zoom"], 12, 0, 12, 1.15, 16, 2.15, 18, 3.1, 20, 4, 24, 6.35], "Transit.Tram.Label.Size": ["interpolate", ["linear"], ["zoom"], 14, 0, 14, 8.5, 18, 11.5, 20, 13.5, 24, 18.5], "Transit.Tram.Label.Outline.Width": ["interpolate", ["linear"], ["zoom"], 14, 0, 14, 1.25, 16, 1.5, 24, 2], "Transit.Monorail.Line.Width": ["ref", "Transit.Tram.Line.Width"], "Transit.Monorail.Outline.Width": ["ref", "Transit.Tram.Outline.Width"], "Transit.Monorail.Line.Offset": ["ref", "Transit.Tram.Line.Offset"], "Transit.Monorail.Label.Size": ["ref", "Transit.Tram.Label.Size"], "Transit.Monorail.Label.Outline.Width": ["ref", "Transit.Tram.Label.Outline.Width"], "Transit.Suburban.Line.Width": ["ref", "Transit.Tram.Line.Width"], "Transit.Suburban.Outline.Width": ["ref", "Transit.Tram.Outline.Width"], "Transit.Suburban.Line.Offset": ["ref", "Transit.Tram.Line.Offset"], "Transit.Suburban.Label.Size": ["ref", "Transit.Tram.Label.Size"], "Transit.Suburban.Label.Outline.Width": ["ref", "Transit.Tram.Label.Outline.Width"], "Transit.Aerial.Line.Width": ["interpolate", ["linear"], ["zoom"], 13, 0, 13, 0.6, 16, 0.9, 18, 1.55, 20, 2.15, 24, 3.85], "Transit.Aerial.Outline.Width": ["interpolate", ["linear"], ["zoom"], 13, 0, 13, 0.45, 16, 0.6, 18, 0.75, 20, 0.9, 24, 1.25], "Transit.Aerial.Line.Offset": ["interpolate", ["linear"], ["zoom"], 12, 0, 12, 2.15, 16, 2.15, 18, 3.1, 20, 4, 24, 6.35], "Transit.Aerial.Label.Size": ["interpolate", ["linear"], ["zoom"], 15, 0, 15, 8.5, 18, 10.5, 20, 12.5, 24, 17.5], "Transit.Aerial.Label.Outline.Width": ["interpolate", ["linear"], ["zoom"], 14, 1.25, 16, 1.5, 24, 2], "Transit.Funicular.Line.Width": ["ref", "Transit.Aerial.Line.Width"], "Transit.Funicular.Outline.Width": ["ref", "Transit.Aerial.Outline.Width"], "Transit.Funicular.Line.Offset": ["ref", "Transit.Aerial.Line.Offset"], "Transit.Funicular.Label.Size": ["ref", "Transit.Aerial.Label.Size"], "Transit.Funicular.Label.Outline.Width": ["ref", "Transit.Aerial.Label.Outline.Width"], "Transit.Label.Outline.Color.Darken": 0, "Transit.Fallback.Label.Outline.Color.Darken": ["ref", "Transit.Label.Outline.Color.Darken"], "Transit.Fallback.Line.Color": "#545454", "Transit.Fallback.Label.Outline.Color": ["ref", "Transit.Fallback.Line.Color"], "Transit.Fallback.Line.Width": ["ref", "Transit.Aerial.Line.Width"], "Transit.Fallback.Outline.Width": ["ref", "Transit.Aerial.Outline.Width"], "Transit.Fallback.Line.Offset": ["ref", "Transit.Aerial.Line.Offset"], "Transit.Fallback.Label.Size": ["ref", "Transit.Aerial.Label.Size"], "Transit.Fallback.Label.Outline.Width": ["ref", "Transit.Aerial.Label.Outline.Width"], "NationalPark.Label.Size": ["interpolate", ["linear"], ["zoom"], 6, 0, 6, 10, 10, 10, 10, 0], "AmusementPark.Label.Size": 0, "AnimalPark.Label.Size": 0, "Cemetery.Label.Size": ["interpolate", ["linear"], ["zoom"], 12, 0, 12, 10, 15, 10, 15, 0], "HospitalCampus.Label.Size": 0, "Park.Label.Size": ["interpolate", ["linear"], ["zoom"], 12, 0, 12, 10, 15, 10, 15, 0], "Airport.Label.Size": 0, "GolfCourse.Label.Size": 0, "MilitaryBase.Label.Size": ["interpolate", ["linear"], ["zoom"], 6, 0, 6, 10, 12, 10, 13, 11, 15, 11, 16, 12, 16, 0], "SportsComplex.Label.Size": ["interpolate", ["linear"], ["zoom"], 12, 0, 12, 10, 15, 10, 15, 0], "ShoppingComplex.Label.Size": ["interpolate", ["linear"], ["zoom"], 12, 0, 12, 10, 15, 10, 15, 0], "Beach.Label.Size": ["interpolate", ["linear"], ["zoom"], 12, 0, 12, 10, 15, 10, 15, 0], "UniversityCampus.Label.Size": ["interpolate", ["linear"], ["zoom"], 12, 0, 12, 10, 14, 11, 15, 11, 15, 0], "School.Label.Size": ["interpolate", ["linear"], ["zoom"], 15, 0, 15, 11, 16, 12, 16, 0], "Dam.Label.Size": ["interpolate", ["linear"], ["zoom"], 12, 0, 12, 10, 15, 10, 16, 11, 20, 11, 24, 13.2], "IndustrialComplex.Label.Size": ["interpolate", ["linear"], ["zoom"], 12, 0, 12, 10, 15, 10, 15, 0], "SkiingGrounds.Color": ["ref", "SportsComplex.Color"], "SkiingGrounds.Label.Color": ["ref", "SportsComplex.Label.Color"], "SkiingGrounds.Label.Outline.Color": ["ref", "SportsComplex.Label.Outline.Color"], "SkiingGrounds.Label.Size": ["ref", "SportsComplex.Label.Size"], "SkiingGrounds.Label.Outline.Width": ["ref", "SportsComplex.Label.Outline.Width"], "ExitInfo.Number.Icon.Width": 0, "ExitInfo.Number.Icon.Height": 0, "ExitInfo.Number.Label.Size": 0, "ExitInfo.Name.Label.Size": 0, "PTFeature.Japan.Ferry.Label.Size": ["interpolate", ["linear"], ["zoom"], 10, 0, 10, 10, 12, 10, 14, 11, 15, 12, 16, 12, 17, 13, 20, 13, 24, 15.6], "PTFeature.Street.Category0.Label.Size": ["interpolate", ["linear"], ["zoom"], 14, 0, 14, 11, 18, 17.5, 20, 22, 22, 25, 24, 28], "PTFeature.Street.Category0.Label.Ramp.Size": ["ref", "PTFeature.Street.Category0.Label.Size"], "PTFeature.Street.Category1.Label.Size": ["interpolate", ["linear"], ["zoom"], 15, 0, 15, 10.95, 18, 14.5, 20, 18, 22, 21, 24, 24], "PTFeature.Street.Category1.Label.Ramp.Size": ["ref", "PTFeature.Street.Category1.Label.Size"], "PTFeature.Street.Category2.Label.Size": ["interpolate", ["linear"], ["zoom"], 16, 0, 16, 11.15, 18, 13, 20, 16, 22, 19, 24, 21], "PTFeature.Street.Category2.Label.Ramp.Size": ["ref", "PTFeature.Street.Category2.Label.Size"], "PTFeature.Street.Category3.Label.Size": ["interpolate", ["linear"], ["zoom"], 17, 0, 17, 10.9, 18, 11.5, 20, 15, 22, 17, 24, 19], "PTFeature.Street.Category3.Label.Ramp.Size": ["ref", "PTFeature.Street.Category3.Label.Size"], "PTFeature.Street.Category4.Label.Size": ["interpolate", ["linear"], ["zoom"], 18, 0, 18, 10.5, 20, 13, 22, 15, 24, 18], "PTFeature.Street.Category4.Label.Ramp.Size": ["ref", "PTFeature.Street.Category4.Label.Size"], "PTFeature.Street.Walkway.Label.Size": ["ref", "PTFeature.Street.Category4.Label.Size"], "PTFeature.Street.Pedestrian.Label.Size": ["ref", "PTFeature.Street.Category4.Label.Size"], "PTFeature.Street.Category0.Label.Toll.Outline.Color": "#faffff", "PTFeature.Street.Category1.Label.Toll.Outline.Color": ["ref", "PTFeature.Street.Category0.Label.Toll.Outline.Color"], "PTFeature.Street.Category2.Label.Toll.Outline.Color": ["ref", "PTFeature.Street.Category0.Label.Toll.Outline.Color"], "PTFeature.Street.Category3.Label.Toll.Outline.Color": ["ref", "PTFeature.Street.Category0.Label.Toll.Outline.Color"], "PTFeature.Street.Category4.Label.Toll.Outline.Color": ["ref", "PTFeature.Street.Category0.Label.Toll.Outline.Color"]}}