{"definitions": {"Toll.Class": "Car", "Rail.Subway.Line.Width": ["interpolate", ["linear"], ["zoom"], 15, 0, 15, 1.3, 16, 1.4, 20, 1.7, 24, 2], "Rail.Tram.Line.Width": ["interpolate", ["linear"], ["zoom"], 15, 0, 15, 0.9, 16, 1, 20, 1.25, 24, 1.75], "Rail.Tram.Outline.Width": ["interpolate", ["linear"], ["zoom"], 15, 0, 15, 0.15, 20, 0.25, 24, 0.5], "Rail.Tram.Label.Outline.Width": ["interpolate", ["linear"], ["zoom"], 15, 0, 15, 1.85, 16, 1.92, 20, 2.2, 24, 2.5], "CableCar.Line.Width": ["interpolate", ["linear"], ["zoom"], 15, 0, 15, 0.9, 16, 1, 20, 1.25, 24, 1.75], "CableCar.Outline.Width": ["interpolate", ["linear"], ["zoom"], 15, 0, 15, 0.1, 20, 0.2, 24, 0.4], "Street.Category0.Width": ["interpolate", ["linear"], ["zoom"], 5, 1.1, 6, 1.4, 7, 1.55, 8, 1.85, 9, 2.25, 10, 3, 11, 3.25, 15, 3.5, 16, 5.85, 17, 11, 18, 22.75, 19, 32.75, 20, 76.25, 21, 157, 22, 250.5, 23, 530, 24, 1553], "Street.Category0.Ramp.Width": ["interpolate", ["linear"], ["zoom"], 11, 1.55, 13, 1.65, 16, 2.9, 17, 5.5, 18, 11.5, 19, 16.5, 20, 38.15, 22, 125.25, 24, 776.5], "Street.Category1.Width": ["interpolate", ["linear"], ["zoom"], 5, 0.75, 8, 1.25, 9, 1.25, 10, 2.15, 11, 2.25, 13, 2.5, 14, 3, 15, 3.15, 15.5, 3.25, 16, 4, 16.5, 5.5, 17, 8, 18, 13, 19, 25.5, 20, 50.5, 21, 112, 22, 224, 23, 373.5, 24, 1357], "Street.Category1.Ramp.Width": ["interpolate", ["linear"], ["zoom"], 13, 1.25, 14, 1.5, 15, 1.55, 16, 2, 17, 4, 18, 6.5, 19, 12.75, 20, 25.25, 22, 112, 24, 678.5], "Street.Category2.Width": ["interpolate", ["linear"], ["zoom"], 0, 0.6, 8, 0.75, 10, 0.9, 11, 1.25, 13, 2, 14, 2.25, 15, 2.5, 16, 3, 17, 6, 18, 11.5, 19, 23.5, 20, 48.5, 21, 99.75, 22, 212, 23, 360, 24, 806], "Street.Category2.Ramp.Width": ["interpolate", ["linear"], ["zoom"], 14, 1.1, 15, 1.25, 16, 1.5, 17, 3, 18, 5.75, 19, 11.75, 20, 24.25, 22, 106, 24, 403], "Street.Category3.Width": ["interpolate", ["linear"], ["zoom"], 0, 0.6, 10, 0.75, 12, 0.75, 13, 1.5, 14, 1.75, 15, 2, 16, 2.25, 17, 5.25, 18, 9.25, 19, 21.25, 20, 46.25, 21, 93.5, 22, 186.5, 23, 310.5, 24, 743.75], "Street.Category3.Ramp.Width": ["interpolate", ["linear"], ["zoom"], 14, 0.9, 15, 1, 16, 1.1, 17, 2.65, 18, 4.65, 19, 10.65, 20, 23.15, 22, 93.25, 24, 371.9], "Street.Category4.Width": ["interpolate", ["linear"], ["zoom"], 0, 0.6, 13, 0.75, 14, 0.75, 15, 1, 16, 1.5, 17, 2.75, 18, 6.5, 19, 12.75, 20, 31.25, 21, 62.25, 22, 124.25, 23, 186.25, 24, 558], "Street.Category4.Ramp.Width": ["interpolate", ["linear"], ["zoom"], 15, 0.5, 16, 0.75, 17, 1.4, 18, 3.25, 19, 6.4, 20, 15.65, 22, 62.15, 24, 279], "Street.Category0.Arrow.Toll.Color": ["interpolate", ["linear"], ["zoom"], 16.75, "#879ba800", 17, "#8aaa9d", 18, "#87a89b73", 18.5, "#93b8a900"], "Street.Category0.Arrow.TollTunnel.Color": ["interpolate", ["linear"], ["zoom"], 16.75, "#87a89b00", 17, "#87a89b33", 18, "#87a89b1a", 18.5, "#93b8a900"], "Street.Category1.Arrow.Toll.Color": ["interpolate", ["linear"], ["zoom"], 16.75, "#77889400", 17, "#7a968b", 18, "#61786f66", 18.5, "#596e6600"], "Street.Category1.Arrow.TollTunnel.Color": ["interpolate", ["linear"], ["zoom"], 16.75, "#61786f00", 17, "#61786f33", 18, "#61786f0d", 18.5, "#93b8a900"], "Street.Category2.Arrow.Toll.Color": ["interpolate", ["linear"], ["zoom"], 17, "#7a968b00", 17.25, "#7a968b", 18, "#61786f99", 18.5, "#596e6600"], "Street.Category2.Arrow.TollTunnel.Color": ["interpolate", ["linear"], ["zoom"], 17, "#7a968b00", 17.25, "#7a968b33", 18, "#61786f0d", 18.5, "#596e6600"], "Street.Category3.Arrow.Toll.Color": ["interpolate", ["linear"], ["zoom"], 17, "#7a968b00", 17.25, "#7a968b", 18, "#61786f80", 18.5, "#596e6600"], "Street.Category3.Arrow.TollTunnel.Color": ["interpolate", ["linear"], ["zoom"], 17, "#5d736a00", 17.25, "#5d736a33", 18, "#5d736a80", 18.5, "#566a6200"], "Street.Category4.Arrow.Toll.Color": ["interpolate", ["linear"], ["zoom"], 17.25, "#647c7200", 17.5, "#5d736a5a"], "Street.Category4.Arrow.TollTunnel.Color": ["interpolate", ["linear"], ["zoom"], 17.25, "#5d736a00", 17.5, "#5d736a33"]}}