{"definitions": {"Grass.Color": ["ref", "Park.Color"], "Grassland.Outline.Color": ["interpolate", ["linear"], ["zoom"], 17, "#cad5e080", 17.5, "#cad5e0"], "GolfCourse.Color": ["ref", "Park.Color"], "GolfCourse.Label.Color": ["ref", "Park.Label.Color"], "Cemetery.Color": ["ref", "Park.Color"], "Cemetery.Label.Color": ["ref", "Park.Label.Color"], "IndustrialComplex.Color": ["interpolate", ["linear"], ["zoom"], 14, "#dfe7ed", 15, "#dae4eb"], "Runway.Color": ["interpolate", ["linear"], ["zoom"], 14, "#d5e0e8", 15, "#d3dfe8"], "FloodProneArea.Color": "#cae3de", "MilitaryBase.Color": ["ref", "IndustrialComplex.Color"], "MilitaryBase.Label.Color": ["ref", "IndustrialComplex.Label.Color"], "MilitaryBase.Label.Outline.Color": ["ref", "IndustrialComplex.Label.Outline.Color"], "InstitutionalOffice.Label.Color": ["ref", "IndustrialComplex.Label.Color"], "InstitutionalOffice.Label.Outline.Color": ["ref", "IndustrialComplex.Label.Outline.Color"], "NationalPark.Label.Size": ["interpolate", ["linear"], ["zoom"], 6, 0, 6, 10, 10, 10, 10, 0], "AmusementPark.Label.Size": 0, "AnimalPark.Label.Size": 0, "Cemetery.Label.Size": ["interpolate", ["linear"], ["zoom"], 12, 0, 12, 10, 15, 10, 15, 0], "HospitalCampus.Label.Size": 0, "Park.Label.Size": ["interpolate", ["linear"], ["zoom"], 12, 0, 12, 10, 15, 10, 15, 0], "Airport.Label.Size": 0, "GolfCourse.Label.Size": 0, "MilitaryBase.Label.Size": ["interpolate", ["linear"], ["zoom"], 12, 0, 12, 11, 15, 11, 16, 12, 16, 0], "SportsComplex.Label.Size": ["interpolate", ["linear"], ["zoom"], 12, 0, 12, 10, 15, 10, 15, 0], "ShoppingComplex.Label.Size": ["interpolate", ["linear"], ["zoom"], 12, 0, 12, 10, 15, 10, 15, 0], "Beach.Label.Size": ["interpolate", ["linear"], ["zoom"], 12, 0, 12, 10, 15, 10, 15, 0], "UniversityCampus.Label.Size": ["interpolate", ["linear"], ["zoom"], 12, 0, 12, 10, 14, 11, 15, 11, 15, 0], "School.Label.Size": ["interpolate", ["linear"], ["zoom"], 15, 0, 15, 11, 16, 12, 16, 0], "Dam.Label.Size": ["interpolate", ["linear"], ["zoom"], 12, 0, 12, 10, 15, 10, 16, 11, 20, 11, 24, 13.2], "IndustrialComplex.Label.Size": ["interpolate", ["linear"], ["zoom"], 12, 0, 12, 10, 15, 10, 15, 0], "PavedArea.Color": ["ref", "BuiltupArea.Color"], "PedestrianArea.Color": "#f8fafa", "PedestrianArea.Outline.Color": ["interpolate", ["linear"], ["zoom"], 17, "#d5e1ed80", 17.5, "#d5e1ed"], "WaterBreak.Color": "#baccd7", "BuiltupArea.Color": ["interpolate", ["linear"], ["zoom"], 5, "#e2e6e8", 16, "#e4eaeb", 17, "#e1e7e8"], "ExtrudedBuilding.Color": "#e2e3e6b3", "Building.Color": "#f6f8fab3", "Building.Outline.Width": ["interpolate", ["linear"], ["zoom"], 15, 0.15, 17, 0.3], "Building.Outline.Color": ["interpolate", ["linear"], ["zoom"], 15.5, "#e0e4ec", 17, "#e0e4ec", 18, "#dbdfe8"], "Building.Label.Color": "#7c8f91", "BuildingAddress.Label.Color": "#8f838f", "UndergroundArea.Color": "#a78a8d33", "UndergroundArea.Outline.Color": "#b380864d", "Building.Underground.TrainStation.Outline.Color": "#c0838b72", "RailwayStation.Outline.Color": "#b66d774d", "CommuterStation.Outline.Color": "#c07a844d", "RailwayStation.Color": ["interpolate", ["linear"], ["zoom"], 13, "#eeb1b9d2", 14, "#ffccd4d2", 15, "#eec4cbb4"], "CommuterStation.Color": ["interpolate", ["linear"], ["zoom"], 14, "#ffccd400", 14, "#ffccd4d2", 15, "#eec4cbb4"], "Building.TrainStation.Color": ["interpolate", ["linear"], ["zoom"], 15, "#eebfc6b4", 18, "#eeced4b4"], "Building.TrainStation.Outline.Color": ["interpolate", ["linear"], ["zoom"], 15, "#c9a6ad", 18, "#c9aab0"], "ExtrudedBuilding.TrainStation.Color": ["interpolate", ["linear"], ["zoom"], 15, "#deb2b9b4", 18, "#debfc5b4"], "ExtrudedBuilding.TrainStation.Outline.Color": ["interpolate", ["linear"], ["zoom"], 15, "#a96c7489", 18, "#bc7c8689"], "ExtrudedBuilding.Underground.TrainStation.Outline.Color": ["ref", "ExtrudedBuilding.TrainStation.Outline.Color"], "Building.Hotel.Color": ["ref", "Building.Color"], "ExtrudedBuilding.Hotel.Color": ["ref", "ExtrudedBuilding.Color"], "ExtrudedBuilding.Hotel.Outline.Color": ["ref", "ExtrudedBuilding.Outline.Color"], "Building.Hotel.Label.Outline.Color": ["ref", "Building.Label.Outline.Color"], "Building.Hotel.Label.Color": ["ref", "Building.Label.Color"], "Building.Hotel.Outline.Color": ["ref", "Building.Outline.Color"], "Building.Education.Color": ["ref", "Building.Color"], "ExtrudedBuilding.Education.Color": ["ref", "ExtrudedBuilding.Color"], "ExtrudedBuilding.Education.Outline.Color": ["ref", "ExtrudedBuilding.Outline.Color"], "Building.Education.Label.Outline.Color": ["ref", "Building.Label.Outline.Color"], "Building.Education.Label.Color": ["ref", "Building.Label.Color"], "Building.Education.Outline.Color": ["ref", "Building.Outline.Color"], "Building.TollBooth.Color": ["ref", "Building.Color"], "ExtrudedBuilding.TollBooth.Color": ["ref", "ExtrudedBuilding.Color"], "ExtrudedBuilding.TollBooth.Outline.Color": ["ref", "ExtrudedBuilding.Outline.Color"], "Building.TollBooth.Label.Outline.Color": ["ref", "Building.Label.Outline.Color"], "Building.TollBooth.Label.Color": ["ref", "Building.Label.Color"], "Building.TollBooth.Outline.Color": ["ref", "Building.Outline.Color"], "Building.Government.Label.Outline.Color": ["ref", "Building.Label.Outline.Color"], "Building.Government.Color": ["ref", "Building.Color"], "ExtrudedBuilding.Government.Color": ["ref", "ExtrudedBuilding.Color"], "ExtrudedBuilding.Government.Outline.Color": ["ref", "ExtrudedBuilding.Outline.Color"], "Building.Government.Label.Color": ["ref", "Building.Label.Color"], "Building.Government.Outline.Color": ["ref", "Building.Outline.Color"], "Building.Hospital.Color": ["ref", "Building.Color"], "ExtrudedBuilding.Hospital.Color": ["ref", "ExtrudedBuilding.Color"], "ExtrudedBuilding.Hospital.Outline.Color": ["ref", "ExtrudedBuilding.Outline.Color"], "Building.Hospital.Label.Outline.Color": ["ref", "Building.Label.Outline.Color"], "Building.Hospital.Label.Color": ["ref", "Building.Label.Color"], "Building.Hospital.Outline.Color": ["ref", "Building.Outline.Color"], "Street.Category0.Label.Toll.Color": ["ref", "Street.Category0.Label.Color"], "Street.Category0.Label.Toll.Outline.Color": ["ref", "Street.Category0.Label.Outline.Color"], "Street.Category0.Toll.Color": ["ref", "Street.Category0.Color"], "Street.Category0.Toll.Outline.Color": ["ref", "Street.Category0.Outline.Color"], "Street.Category1.Toll.Outline.Color": ["ref", "Street.Category1.Outline.Color"], "Street.Category2.Toll.Outline.Color": ["ref", "Street.Category2.Outline.Color"], "Street.Category3.Toll.Outline.Color": ["ref", "Street.Category3.Outline.Color"], "Street.Category4.Toll.Outline.Color": ["ref", "Street.Category3.Outline.Color"], "Street.Category0.TollBridge.Color": ["ref", "Street.Category0.Bridge.Color"], "Street.Category0.Arrow.Toll.Color": ["ref", "Street.Category0.Color"], "Street.Category1.Arrow.Toll.Color": ["ref", "Street.Category0.Color"], "Street.Category2.Arrow.Toll.Color": ["ref", "Street.Category0.Color"], "Street.Category3.Arrow.Toll.Color": ["ref", "Street.Category0.Color"], "Street.Category4.Arrow.Toll.Color": ["ref", "Street.Category0.Color"], "PolygonalRoads.Other.Service.Color": ["ref", "Street.Category0.Color"], "PolygonalRoads.Outline.Color": ["interpolate", ["linear"], ["zoom"], 16.5, "#c1d4e680", 17.5, "#c1d4e6"], "Street.Category0.Width": ["interpolate", ["linear"], ["zoom"], 0, 1.1, 5, 1.25, 6, 1.5, 7, 2, 7, 1, 8, 1.25, 9, 1.55, 10, 2.3, 11, 2.45, 15, 2.45, 16, 4.65, 17, 9.3, 18, 21.05, 19, 30.95, 20, 74.35, 21, 154.9, 22, 247.8, 23, 526.6, 24, 1548.9], "Street.Category0.Outline.Width": ["interpolate", ["linear"], ["zoom"], 7, 0, 7, 0.5, 8, 0.5, 14, 0.65, 15, 0.65, 16, 0.8, 18, 1.1, 20, 1.1, 24, 2.05], "Street.Category1.Outline.Width": ["interpolate", ["linear"], ["zoom"], 10.3, 0, 10.3, 0.5, 20, 0.5, 24, 1.1], "Street.Category1.Width": ["interpolate", ["linear"], ["zoom"], 5, 0.5, 8, 0.65, 9, 0.75, 10.3, 1, 10.3, 0.65, 11, 0.75, 13, 1.4, 14, 2, 15, 2.15, 15.5, 2.45, 16, 3.1, 16.5, 4.95, 17, 7.45, 18, 12.5, 19, 25, 20, 50, 21, 111, 22, 223, 23, 372, 24, 1355], "Street.Category2.Outline.Width": ["interpolate", ["linear"], ["zoom"], 12.3, 0, 12.3, 0.35, 13, 0.35, 20, 0.5, 24, 0.8], "Street.Category2.RTS.Outline.Width": ["interpolate", ["linear"], ["zoom"], 12, 0, 12, 0.35, 13, 0.35, 20, 0.5, 24, 0.8], "Street.Category2.Width": ["interpolate", ["linear"], ["zoom"], 10, 0.5, 11, 0.65, 12.3, 0.65, 12.3, 0.5, 13, 0.75, 14, 1.7, 15, 2, 16, 2.15, 17, 5.55, 18, 11, 19, 23, 20, 48, 21, 99, 22, 211, 23, 359, 24, 805], "Street.Category2.RTS.Width": ["interpolate", ["linear"], ["zoom"], 10, 0.5, 11, 0.65, 12, 0.65, 13, 0.75, 14, 1.75, 15, 2.25, 16, 2.5, 17, 5.55, 18, 11, 19, 23, 20, 48, 21, 99, 22, 211, 23, 359, 24, 805], "Street.Category3.RTS.Width": ["interpolate", ["linear"], ["zoom"], 0, 0.6, 10, 0.75, 12, 0.75, 13, 1.1, 14, 1.65, 15, 1.65, 16, 1.85, 17, 4.95, 18, 9, 19, 21, 20, 46, 21, 93, 22, 186, 23, 310, 24, 743], "Street.Category4.RTS.Width": ["interpolate", ["linear"], ["zoom"], 0, 0.6, 13, 0.75, 14, 0.75, 15, 0.9, 16, 1, 17, 2.45, 18, 6.2, 19, 12.4, 20, 30.95, 21, 61.95, 22, 123.9, 23, 185.85, 24, 557.6], "Street.Category0.Bridge.Color": "#b1becc3c", "Decorative.Road.Line.Color": "#c2d1d196", "Decorative.Stairs.Line.Color": ["ref", "Decorative.Road.Line.Color"], "Decorative.Line.Color": ["ref", "Decorative.Road.Line.Color"], "Decorative.RailRoad.Line.Color": ["ref", "Decorative.Road.Line.Color"], "Divider.Color": ["ref", "BuiltupArea.Color"], "Divider.Outline.Color": ["interpolate", ["linear"], ["zoom"], 17, "#bfd1d980", 17.5, "#bfd1d9"], "Decorative.FloodGate.Line.Color": ["interpolate", ["linear"], ["zoom"], 15, "#a9c0cc80", 16, "#a9c0ccbb"], "Rail.Speed.Line.Color": "#c8c8c8", "Rail.Speed.SecondLine.Color": "#7d7d7d", "Rail.Speed.Label.Outline.Color": "#ffffffaa", "TruckFeature.Japan.Rail.Subway.Label.Outline.Color": "#ffffffaa", "Rail.Speed.Label.Color": "#787878", "Rail.State.Line.Color": ["ref", "Rail.Speed.Line.Color"], "Rail.State.SecondLine.Color": ["ref", "Rail.Speed.SecondLine.Color"], "Rail.State.Label.Outline.Color": ["ref", "Rail.Speed.Label.Outline.Color"], "Rail.State.Label.Color": ["ref", "Rail.Speed.Label.Color"], "Rail.Private.Line.Color": "#9b9b9b", "Rail.Private.Label.Outline.Color": ["ref", "Rail.Speed.Label.Outline.Color"], "Rail.Private.Label.Color": ["ref", "Rail.Speed.Label.Color"], "Rail.Subway.Line.Color": "#b9b9b9", "Rail.Subway.Label.Outline.Color": ["ref", "Rail.Private.Label.Outline.Color"], "Rail.Subway.Label.Color": "#969696", "TruckFeature.Japan.Rail.Subway.Label.Color": "#969696", "POI.MountainPeak.Label.Size": ["interpolate", ["linear"], ["zoom"], 5, 8, 8, 9, 12, 9, 13, 10, 15, 10, 16, 11, 20, 11, 24, 13.2], "POI.MountainPeak.Icon.Size": ["interpolate", ["linear"], ["zoom"], 0, 8, 10, 8, 11, 9, 12, 10, 13, 10, 20, 10, 24, 12], "AsiaSelectedSystems.Transit.Subway.Line.Width": 0, "AsiaSelectedSystems.Transit.Subway.Outline.Width": 0, "AsiaSelectedSystems.Transit.Subway.Label.Size": 0, "AsiaSelectedSystems.Transit.HighSpeed.Line.Width": 0, "AsiaSelectedSystems.Transit.HighSpeed.Outline.Width": 0, "AsiaSelectedSystems.Transit.HighSpeed.Second.Outline.Width": 0, "AsiaSelectedSystems.Transit.HighSpeed.Label.Size": 0, "PTFeature.Japan.Rail.Subway.Line.Width": ["interpolate", ["linear"], ["zoom"], 11, 0.45, 13, 0.6, 16, 0.75, 20, 1.1, 24, 1.4], "PTFeature.Japan.Rail.Subway.Outline.Width": 0, "PTFeature.Japan.Rail.Subway.Label.Size": ["interpolate", ["linear"], ["zoom"], 12.5, 0, 12.5, 9.2, 14, 9.5, 18, 13, 20, 16.5, 22, 19, 24, 22], "PTFeature.Japan.Rail.Speed.Line.Width": ["interpolate", ["linear"], ["zoom"], 8, 0, 8, 1.05, 12, 1.1, 14, 1.25, 16, 1.55, 18, 2, 20, 2.15, 24, 2.8], "PTFeature.Japan.Rail.Speed.Outline.Width": 0, "PTFeature.Japan.Rail.Speed.Label.Size": ["interpolate", ["linear"], ["zoom"], 10, 0, 10, 9, 12, 9.75, 14, 11, 18, 16.5, 20, 20, 22, 23, 24, 26], "Rail.Tram.Line.Color": ["ref", "Rail.Subway.Line.Color"], "Rail.Tram.Label.Outline.Color": ["ref", "Rail.Subway.Label.Outline.Color"], "Rail.Tram.Label.Color": ["ref", "Rail.Subway.Label.Color"], "CableCar.Line.Color": ["ref", "Rail.Subway.Line.Color"], "CableCar.Label.Color": ["ref", "Rail.Subway.Label.Color"], "CableCar.Label.Outline.Color": ["ref", "Rail.Subway.Label.Outline.Color"], "Rail.Line.Color": ["interpolate", ["linear"], ["zoom"], 15, "#cdcdcd", 15, "#d2d2d2", 16, "#c8c8c8", 17, "#b9b9b9"], "TruckFeature.Japan.Rail.Line.Color": ["interpolate", ["linear"], ["zoom"], 15, "#cdcdcd", 15, "#d2d2d2", 16, "#c8c8c8", 17, "#b9b9b9"], "Rail.SecondLine.Color": ["ref", "Rail.Line.Color"], "Rail.Label.Color": ["interpolate", ["linear"], ["zoom"], 15, "#7d7d7d", 16, "#737373", 17, "#646464"], "Rail.Label.Outline.Color": ["ref", "Rail.Private.Label.Outline.Color"], "PTFeature.Street.Category0.Label.Toll.Outline.Color": "#ffffff", "Traffic.Flow.Free.Color": ["ref", "Japan.Traffic.Flow.Free.Color"], "Japan.Traffic.Flow.Free.Color": "#8eeaad", "Traffic.Flow.Free.Outline.Color": ["ref", "Japan.Traffic.Flow.Free.Outline.Color"], "Japan.Traffic.Flow.Free.Outline.Color": "#57bb76"}}