{"definitions": {"POI.Generic.Label.Color": "#ffffff", "POI.Generic.Label.Outline.Color": "#2c2d34", "GolfCourse.Label.Color": ["ref", "Park.Label.Color"], "GolfCourse.Label.Outline.Color": ["ref", "Park.Label.Outline.Color"], "Cemetery.Label.Color": ["ref", "Park.Label.Color"], "Cemetery.Label.Outline.Color": ["ref", "Park.Label.Outline.Color"], "MilitaryBase.Label.Color": ["ref", "IndustrialComplex.Label.Color"], "MilitaryBase.Label.Outline.Color": ["ref", "IndustrialComplex.Label.Outline.Color"], "PolygonalRoads.Tunnel.Color": "#9cadc6be", "Building.Hotel.Label.Color": ["ref", "Building.Label.Color"], "Building.Hotel.Label.Outline.Color": ["ref", "Building.Label.Outline.Color"], "Building.Education.Label.Color": ["ref", "Building.Label.Color"], "Building.Education.Label.Outline.Color": ["ref", "Building.Label.Outline.Color"], "Building.TollBooth.Label.Color": ["ref", "Building.Label.Color"], "Building.TollBooth.Label.Outline.Color": ["ref", "Building.Label.Outline.Color"], "Building.Government.Label.Color": ["ref", "Building.Label.Color"], "Building.Government.Label.Outline.Color": ["ref", "Building.Label.Outline.Color"], "Building.Hospital.Label.Color": ["ref", "Building.Label.Color"], "Building.Hospital.Label.Outline.Color": ["ref", "Building.Label.Outline.Color"], "Street.Category0.Color": ["interpolate", ["linear"], ["zoom"], 5, "#a9bcd1", 10, "#92a2b4", 13, "#858d99", 16, "#767f8bbe", 18, "#5e667266", 19, "#5e66724d"], "Street.Category0.Outline.Color": ["interpolate", ["linear"], ["zoom"], 10, "#2f4353", 14, "#1a2731", 16, "#14242c00"], "Street.Category0.Label.Color": ["interpolate", ["linear"], ["zoom"], 13, "#eceff5", 16, "#e9edf4"], "Street.Category0.Label.Outline.Color": ["interpolate", ["linear"], ["zoom"], 13, "#182237f2", 16, "#090c15e6"], "Street.Category0.Label.Toll.Color": ["ref", "Street.Category0.Label.Color"], "Street.Category0.Label.Toll.Outline.Color": ["ref", "Street.Category0.Label.Outline.Color"], "Street.Category0.Toll.Color": ["ref", "Street.Category0.Color"], "Street.Category0.Toll.Outline.Color": ["ref", "Street.Category0.Outline.Color"], "Street.Category1.Toll.Outline.Color": ["ref", "Street.Category1.Outline.Color"], "Street.Category2.Toll.Outline.Color": ["ref", "Street.Category2.Outline.Color"], "Street.Category3.Toll.Outline.Color": ["ref", "Street.Category3.Outline.Color"], "Street.Category4.Toll.Outline.Color": ["ref", "Street.Category3.Outline.Color"], "Street.Category0.TollBridge.Color": ["ref", "Street.Category0.Bridge.Color"], "Street.Category0.Arrow.Toll.Color": ["ref", "Street.Category0.Color"], "Street.Category1.Arrow.Toll.Color": ["ref", "Street.Category0.Color"], "Street.Category2.Arrow.Toll.Color": ["ref", "Street.Category0.Color"], "Street.Category3.Arrow.Toll.Color": ["ref", "Street.Category0.Color"], "Street.Category4.Arrow.Toll.Color": ["ref", "Street.Category0.Color"], "PolygonalRoads.Other.Service.Color": ["ref", "Street.Category0.Color"], "Street.Category0.Width": ["interpolate", ["linear"], ["zoom"], 5, 1.1, 6, 1.4, 7, 1.55, 8, 1.85, 9, 2.25, 10, 3, 11, 3.25, 15, 3.5, 16, 5.85, 17, 11, 18, 22.75, 19, 32.75, 20, 76.25, 21, 157, 22, 250.5, 23, 530, 24, 1553], "Street.Category1.Width": ["interpolate", ["linear"], ["zoom"], 5, 0.5, 8, 0.65, 9, 0.75, 10, 1.5, 11, 2, 13, 2.5, 14, 2.75, 15, 3, 15.5, 3.25, 16, 4, 16.5, 5.5, 17, 8, 18, 13, 19, 25.5, 20, 50.5, 21, 112, 22, 224, 23, 373.5, 24, 1357], "Street.Category1.Ramp.Width": ["interpolate", ["linear"], ["zoom"], 13, 1.25, 14, 1.4, 15, 1.5, 16, 2, 17, 4, 18, 6.5, 19, 12.75, 20, 25.25, 22, 112, 24, 678.5], "Street.Category2.Width": ["interpolate", ["linear"], ["zoom"], 10, 0.5, 11, 0.65, 12, 1.5, 14, 2, 15, 2.5, 16, 3, 17, 6, 18, 11.5, 19, 23.5, 20, 48.5, 21, 99.75, 22, 212, 23, 360, 24, 806], "Street.Category2.Ramp.Width": ["interpolate", ["linear"], ["zoom"], 14, 1, 15, 1.25, 16, 1.5, 17, 3, 18, 5.75, 19, 11.75, 20, 24.25, 22, 106, 24, 403], "Street.Category3.Width": ["interpolate", ["linear"], ["zoom"], 12, 0.5, 13, 1, 14, 1.25, 15, 2, 16, 2.25, 17, 5.25, 18, 9.25, 19, 21.25, 20, 46.25, 21, 93.5, 22, 186.5, 23, 310.5, 24, 743.75], "Street.Category3.Ramp.Width": ["interpolate", ["linear"], ["zoom"], 14, 0.65, 15, 1, 16, 1.1, 17, 2.65, 18, 4.65, 19, 10.65, 20, 23.15, 22, 93.25, 24, 371.9], "Street.Category4.Width": ["interpolate", ["linear"], ["zoom"], 14, 0.5, 15, 1, 16, 1.5, 17, 2.75, 18, 6.5, 19, 12.75, 20, 31.25, 21, 62.25, 22, 124.25, 23, 186.25, 24, 558], "Rail.Speed.Line.Color": ["interpolate", ["linear"], ["zoom"], 10, "#d1d9cc", 13, "#b9c2b4", 17, "#b9c2b4d9", 18, "#b9c2b499"], "Rail.Speed.SecondLine.Color": ["interpolate", ["linear"], ["zoom"], 10, "#696b65", 13, "#4a4b49", 17, "#4a4b49d9", 18, "#4a4b4999"], "Rail.Speed.Outline.Color": ["interpolate", ["linear"], ["zoom"], 10, "#464743", 13, "#303629", 17, "#303629d9", 18, "#30362999"], "Rail.Speed.Label.Color": "#aeafae", "Rail.Speed.Label.Outline.Color": "#2d2d2d", "Rail.State.Line.Color": ["ref", "Rail.Speed.Line.Color"], "Rail.State.SecondLine.Color": ["ref", "Rail.Speed.SecondLine.Color"], "Rail.State.Outline.Color": ["ref", "Rail.Speed.Outline.Color"], "Rail.State.Label.Color": ["ref", "Rail.Speed.Label.Color"], "Rail.State.Label.Outline.Color": ["ref", "Rail.Speed.Label.Outline.Color"], "Rail.Private.Line.Width": ["interpolate", ["linear"], ["zoom"], 11, 0.85, 13, 1.1, 16, 1.25, 18, 1.5, 20, 1.75, 24, 2.25], "Rail.Private.Line.Color": ["interpolate", ["linear"], ["zoom"], 11, "#dddddd", 13, "#bdbdbd", 17, "#bdbdbdd9", 18, "#bdbdbd99"], "Rail.Private.Outline.Color": ["interpolate", ["linear"], ["zoom"], 13, "#737373", 17, "#737373d9", 18, "#73737399"], "Rail.Private.Outline.Width": ["interpolate", ["linear"], ["zoom"], 11, 0.3, 20, 0.5, 24, 0.6], "Rail.Private.Label.Color": ["ref", "Rail.Speed.Label.Color"], "Rail.Private.Label.Outline.Color": ["ref", "Rail.Speed.Label.Outline.Color"], "Rail.Subway.Line.Color": ["interpolate", ["linear"], ["zoom"], 11, "#d3d3d3", 13, "#b3b3b3", 17, "#b3b3b3d9", 18, "#b3b3b399"], "Rail.Subway.Outline.Color": ["interpolate", ["linear"], ["zoom"], 13, "#696969", 17, "#696969d9", 18, "#69696999"], "Rail.Subway.Label.Color": "#a2a2a3", "Rail.Subway.Label.Outline.Color": "#272727", "Rail.Subway.Line.Width": ["interpolate", ["linear"], ["zoom"], 11, 0.6, 13, 0.85, 16, 1, 20, 1.35, 24, 1.65], "PTFeature.Japan.Rail.Subway.Line.Width": ["interpolate", ["linear"], ["zoom"], 11, 0.6, 13, 0.85, 16, 1, 20, 1.35, 24, 1.65], "Rail.Subway.Outline.Width": ["interpolate", ["linear"], ["zoom"], 11, 0.3, 20, 0.5, 24, 0.6], "PTFeature.Japan.Rail.Subway.Outline.Width": ["interpolate", ["linear"], ["zoom"], 11, 0.3, 20, 0.5, 24, 0.6], "PTFeature.Japan.Rail.Speed.Line.Width": ["interpolate", ["linear"], ["zoom"], 8, 0, 8, 1.55, 10, 1.55, 12, 2.2, 14, 2.6, 16, 2.8, 18, 3, 20, 3.4, 24, 3.8], "PTFeature.Japan.Rail.Speed.Outline.Width": ["interpolate", ["linear"], ["zoom"], 8, 0, 8, 0.25, 10, 0.75, 20, 1.25, 24, 2], "Rail.Tram.Line.Color": ["ref", "Rail.Subway.Line.Color"], "Rail.Tram.Outline.Color": ["ref", "Rail.Subway.Outline.Color"], "Rail.Tram.Label.Color": ["ref", "Rail.Subway.Label.Color"], "Rail.Tram.Label.Outline.Color": ["ref", "Rail.Subway.Label.Outline.Color"], "Rail.Tram.Line.Width": ["interpolate", ["linear"], ["zoom"], 12, 0, 12, 0.75, 13, 0.85, 16, 0.95, 20, 1.25, 24, 1.5], "CableCar.Line.Color": ["ref", "Rail.Subway.Line.Color"], "CableCar.Outline.Color": ["ref", "Rail.Subway.Outline.Color"], "CableCar.Label.Color": ["ref", "Rail.Subway.Label.Color"], "CableCar.Label.Outline.Color": ["ref", "Rail.Subway.Label.Outline.Color"], "CableCar.Line.Width": ["interpolate", ["linear"], ["zoom"], 13, 0, 13, 0.85, 16, 0.95, 20, 1.25, 24, 1.5], "Rail.Line.Color": ["interpolate", ["linear"], ["zoom"], 13, "#a9a9a9", 17, "#a5a5a5d9", 18, "#a5a5a599"], "TruckFeature.Japan.Rail.Line.Color": ["interpolate", ["linear"], ["zoom"], 13, "#a9a9a9", 17, "#a5a5a5d9", 18, "#a5a5a599"], "Rail.Line.Width": ["interpolate", ["linear"], ["zoom"], 12, 0, 12, 0.65, 13, 0.65, 16, 0.75, 18, 1, 20, 1.25, 24, 1.5], "Rail.Label.Color": ["interpolate", ["linear"], ["zoom"], 13, "#b8b8b9", 16, "#aeaeaf"], "Rail.Label.Outline.Color": ["interpolate", ["linear"], ["zoom"], 13, "#424242", 16, "#393939"], "AsiaSelectedSystems.Transit.Subway.Line.Width": 0, "AsiaSelectedSystems.Transit.Subway.Outline.Width": 0, "AsiaSelectedSystems.Transit.Subway.Label.Outline.Width": 0, "AsiaSelectedSystems.Transit.Subway.Line.Offset": 0, "POI.RoadFacility.Label.Color": "#282828", "POI.TrafficLight.Label.Color": ["ref", "POI.RoadFacility.Label.Color"], "POI.TransitAccess.Label.Color": "#ffffff", "PTFeature.Street.Category0.Label.Toll.Outline.Color": ["interpolate", ["linear"], ["zoom"], 13, "#283348", 16, "#242c3e"], "Traffic.Flow.Free.Color": ["ref", "Japan.Traffic.Flow.Free.Color"], "Traffic.Japan.Flow.Free.Color": ["interpolate", ["linear"], ["zoom"], 11, "#6bcb8c", 14, "#68c789"], "Traffic.Flow.Free.Outline.Color": ["ref", "Japan.Traffic.Flow.Free.Outline.Color"], "Traffic.Japan.Flow.Free.Outline.Color": ["interpolate", ["linear"], ["zoom"], 11, "#15632f", 14, "#105a28"]}}