{"definitions": {"Toll.Class": "Car", "IndustrialComplex.Color": ["interpolate", ["linear"], ["zoom"], 9, "#182935", 15, "#162631"], "UniversityCampus.Color": "#1c1d15", "UndergroundArea.Color": "#93484e00", "UndergroundArea.Outline.Color": "#9f3d4500", "Building.Education.Color": ["ref", "Building.Color"], "Building.Education.Outline.Color": ["ref", "Building.Outline.Color"], "Building.Hospital.Color": ["ref", "Building.Color"], "Building.Hospital.Outline.Color": ["ref", "Building.Outline.Color"], "Building.Government.Color": ["ref", "Building.Color"], "Building.Government.Outline.Color": ["ref", "Building.Outline.Color"], "ExtrudedBuilding.Education.Color": ["ref", "ExtrudedBuilding.Color"], "ExtrudedBuilding.Education.Outline.Color": ["ref", "ExtrudedBuilding.Outline.Color"], "ExtrudedBuilding.Hospital.Color": ["ref", "ExtrudedBuilding.Color"], "ExtrudedBuilding.Hospital.Outline.Color": ["ref", "ExtrudedBuilding.Outline.Color"], "ExtrudedBuilding.Government.Color": ["ref", "ExtrudedBuilding.Education.Color"], "ExtrudedBuilding.Government.Outline.Color": ["ref", "ExtrudedBuilding.Outline.Color"], "ExtrudedBuilding.Hotel.Color": ["ref", "ExtrudedBuilding.Color"], "RailwayStation.Color": ["interpolate", ["linear"], ["zoom"], 15, "#a8636c00", 15, "#a8636cb4"], "RailwayStation.Outline.Color": ["interpolate", ["linear"], ["zoom"], 15, "#1d0e0f00", 15, "#1d0e0f4d"], "CommuterStation.Color": ["ref", "RailwayStation.Color"], "CommuterStation.Outline.Color": ["interpolate", ["linear"], ["zoom"], 15, "#2a151600", 15, "#2a151600"], "POI.TransitAccess.Label.Size": 0, "Building.Label.Size": ["interpolate", ["linear"], ["zoom"], 18, 0, 18, 10.5, 19, 11.5, 24, 14], "Rail.Subway.Line.Width": ["interpolate", ["linear"], ["zoom"], 15, 0, 15, 1.05, 16, 1.25, 20, 1.85, 24, 2.15], "Rail.Tram.Outline.Width": ["interpolate", ["linear"], ["zoom"], 15, 0, 15, 0.2], "Street.Category1.Toll.Color": ["ref", "Street.Category0.Toll.Color"], "Street.Category1.Toll.Outline.Color": ["ref", "Street.Category0.Toll.Outline.Color"], "Street.Category1.TollTunnel.Outline.Color": ["ref", "Street.Category0.Tunnel.Outline.Color"], "Street.Category1.TollTunnel.Color": ["ref", "Street.Category0.Tunnel.Color"], "Street.Category1.TollBridge.Color": ["ref", "Street.Category0.TollBridge.Color"], "Street.Category1.Label.Toll.Color": ["ref", "Street.Category0.Label.Toll.Color"], "Street.Category1.Label.Toll.Outline.Color": ["ref", "Street.Category0.Label.Toll.Outline.Color"], "Street.Category2.Toll.Color": ["ref", "Street.Category0.Toll.Color"], "Street.Category2.Toll.Outline.Color": ["ref", "Street.Category0.Toll.Outline.Color"], "Street.Category2.TollTunnel.Outline.Color": ["ref", "Street.Category0.Tunnel.Outline.Color"], "Street.Category2.TollTunnel.Color": ["ref", "Street.Category0.Tunnel.Color"], "Street.Category2.TollBridge.Color": ["ref", "Street.Category0.TollBridge.Color"], "Street.Category2.Label.Toll.Color": ["ref", "Street.Category0.Label.Toll.Color"], "Street.Category2.Label.Toll.Outline.Color": ["ref", "Street.Category0.Label.Toll.Outline.Color"], "Street.Category3.Toll.Color": ["ref", "Street.Category0.Toll.Color"], "Street.Category3.Toll.Outline.Color": ["ref", "Street.Category0.Toll.Outline.Color"], "Street.Category3.TollTunnel.Outline.Color": ["ref", "Street.Category0.Tunnel.Outline.Color"], "Street.Category3.TollTunnel.Color": ["ref", "Street.Category0.Tunnel.Color"], "Street.Category3.TollBridge.Color": ["ref", "Street.Category0.TollBridge.Color"], "Street.Category3.Label.Toll.Color": ["ref", "Street.Category0.Label.Toll.Color"], "Street.Category3.Label.Toll.Outline.Color": ["ref", "Street.Category0.Label.Toll.Outline.Color"], "Street.Category4.Toll.Color": ["ref", "Street.Category0.Toll.Color"], "Street.Category4.Toll.Outline.Color": ["ref", "Street.Category0.Toll.Outline.Color"], "Street.Category4.TollTunnel.Outline.Color": ["ref", "Street.Category0.Tunnel.Outline.Color"], "Street.Category4.TollTunnel.Color": ["ref", "Street.Category0.Tunnel.Color"], "Street.Category4.TollBridge.Color": ["ref", "Street.Category0.TollBridge.Color"], "Street.Category4.Label.Toll.Color": ["ref", "Street.Category0.Label.Toll.Color"], "Street.Category4.Label.Toll.Outline.Color": ["ref", "Street.Category0.Label.Toll.Outline.Color"]}}