{"definitions": {"Grass.Color": ["ref", "Park.Color"], "Grassland.Outline.Color": ["interpolate", ["linear"], ["zoom"], 17, "#292e3680", 17.5, "#292e36"], "GolfCourse.Color": ["ref", "Park.Color"], "GolfCourse.Label.Color": ["ref", "Park.Label.Color"], "Cemetery.Color": ["ref", "Park.Color"], "Cemetery.Label.Color": ["ref", "Park.Label.Color"], "IndustrialComplex.Color": "#13242f", "UniversityCampus.Label.Color": "#4e553b", "Runway.Color": ["interpolate", ["linear"], ["zoom"], 12, "#12202a", 15, "#0f1a23", 17, "#0f1921"], "MilitaryBase.Color": ["ref", "IndustrialComplex.Color"], "MilitaryBase.Label.Color": ["ref", "IndustrialComplex.Label.Color"], "MilitaryBase.Label.Outline.Color": ["ref", "IndustrialComplex.Label.Outline.Color"], "WaterBreak.Color": "#151a21", "Dam.Color": "#101c27", "Dam.Label.Color": "#5f686a", "PavedArea.Color": ["ref", "BuiltupArea.Color"], "PedestrianArea.Color": "#0b151c", "PedestrianArea.Outline.Color": ["interpolate", ["linear"], ["zoom"], 16.5, "#25293080", 17, "#252930"], "BuildingAddress.Label.Color": "#47556c", "Building.Label.Color": "#4e596b", "Building.Label.Outline.Color": "#0f0f0f", "UndergroundArea.Color": "#4c242b41", "UndergroundArea.Outline.Color": "#7d30334d", "RailwayStation.Outline.Color": "#1d0e0f4d", "CommuterStation.Outline.Color": "#3b1f204d", "RailwayStation.Color": ["interpolate", ["linear"], ["zoom"], 14, "#59343ad2", 15, "#59343ab4"], "CommuterStation.Color": ["interpolate", ["linear"], ["zoom"], 14, "#59343a00", 14, "#59343ad2", 15, "#59343ab4"], "Building.TrainStation.Color": "#61393fb4", "Building.TrainStation.Outline.Color": "#3b2626", "ExtrudedBuilding.TrainStation.Color": "#593339b4", "ExtrudedBuilding.TrainStation.Outline.Color": ["interpolate", ["linear"], ["zoom"], 15, "#733944c0", 18, "#74454dc8"], "ExtrudedBuilding.Underground.TrainStation.Outline.Color": ["ref", "ExtrudedBuilding.TrainStation.Outline.Color"], "Building.Hotel.Color": ["ref", "Building.Color"], "ExtrudedBuilding.Hotel.Color": ["ref", "ExtrudedBuilding.Color"], "ExtrudedBuilding.Hotel.Outline.Color": ["ref", "ExtrudedBuilding.Outline.Color"], "Building.Hotel.Label.Outline.Color": ["ref", "Building.Label.Outline.Color"], "Building.Hotel.Label.Color": ["ref", "Building.Label.Color"], "Building.Hotel.Outline.Color": ["ref", "Building.Outline.Color"], "Building.Education.Color": ["ref", "Building.Color"], "ExtrudedBuilding.Education.Color": ["ref", "ExtrudedBuilding.Color"], "ExtrudedBuilding.Education.Outline.Color": ["ref", "ExtrudedBuilding.Outline.Color"], "Building.Education.Label.Outline.Color": ["ref", "Building.Label.Outline.Color"], "Building.Education.Label.Color": ["ref", "Building.Label.Color"], "Building.Education.Outline.Color": ["ref", "Building.Outline.Color"], "Building.TollBooth.Color": ["ref", "Building.Color"], "ExtrudedBuilding.TollBooth.Color": ["ref", "ExtrudedBuilding.Color"], "ExtrudedBuilding.TollBooth.Outline.Color": ["ref", "ExtrudedBuilding.Outline.Color"], "Building.TollBooth.Label.Outline.Color": ["ref", "Building.Label.Outline.Color"], "Building.TollBooth.Label.Color": ["ref", "Building.Label.Color"], "Building.TollBooth.Outline.Color": ["ref", "Building.Outline.Color"], "Building.Government.Label.Outline.Color": ["ref", "Building.Label.Outline.Color"], "Building.Government.Color": ["ref", "Building.Color"], "ExtrudedBuilding.Government.Color": ["ref", "ExtrudedBuilding.Color"], "ExtrudedBuilding.Government.Outline.Color": ["ref", "ExtrudedBuilding.Outline.Color"], "Building.Government.Label.Color": ["ref", "Building.Label.Color"], "Building.Government.Outline.Color": ["ref", "Building.Outline.Color"], "Building.Hospital.Color": ["ref", "Building.Color"], "ExtrudedBuilding.Hospital.Color": ["ref", "ExtrudedBuilding.Color"], "ExtrudedBuilding.Hospital.Outline.Color": ["ref", "ExtrudedBuilding.Outline.Color"], "Building.Hospital.Label.Outline.Color": ["ref", "Building.Label.Outline.Color"], "Building.Hospital.Label.Color": ["ref", "Building.Label.Color"], "Building.Hospital.Outline.Color": ["ref", "Building.Outline.Color"], "Street.Category0.Outline.Color": "#030508", "Street.Category0.Label.Toll.Color": ["ref", "Street.Category0.Label.Color"], "Street.Category0.Label.Toll.Outline.Color": ["ref", "Street.Category0.Label.Outline.Color"], "Street.Category0.Toll.Color": ["ref", "Street.Category0.Color"], "Street.Category0.Toll.Outline.Color": ["ref", "Street.Category0.Outline.Color"], "Street.Category1.Toll.Outline.Color": ["ref", "Street.Category1.Outline.Color"], "Street.Category2.Toll.Outline.Color": ["ref", "Street.Category2.Outline.Color"], "Street.Category3.Toll.Outline.Color": ["ref", "Street.Category3.Outline.Color"], "Street.Category4.Toll.Outline.Color": ["ref", "Street.Category3.Outline.Color"], "Street.Category0.TollBridge.Color": ["ref", "Street.Category0.Bridge.Color"], "Street.Category0.Arrow.Toll.Color": ["ref", "Street.Category0.Color"], "Street.Category1.Arrow.Toll.Color": ["ref", "Street.Category0.Color"], "Street.Category2.Arrow.Toll.Color": ["ref", "Street.Category0.Color"], "Street.Category3.Arrow.Toll.Color": ["ref", "Street.Category0.Color"], "Street.Category4.Arrow.Toll.Color": ["ref", "Street.Category0.Color"], "PolygonalRoads.Other.Service.Color": ["ref", "Street.Category0.Color"], "PolygonalRoads.Outline.Color": ["interpolate", ["linear"], ["zoom"], 16.5, "#292e3680", 17, "#292e36"], "Street.Category0.Width": ["interpolate", ["linear"], ["zoom"], 0, 1.1, 5, 1.25, 6, 1.5, 7, 2, 7, 1, 8, 1.25, 9, 1.55, 10, 3, 11, 3.25, 15, 3.5, 16, 5.85, 17, 11, 18, 22.75, 19, 32.75, 20, 76.25, 21, 157, 22, 250.5, 23, 530, 24, 1553], "Street.Category0.Ramp.Width": ["interpolate", ["linear"], ["zoom"], 0, 0.5, 11, 1.6, 13, 1.7, 16, 2.9, 17, 5.5, 18, 11.5, 19, 16.5, 20, 38.15, 22, 125.25, 24, 776.5], "Street.Category0.Outline.Width": ["interpolate", ["linear"], ["zoom"], 7, 0, 7, 0.5, 8, 0.5, 14, 0.65, 15, 0.65, 16, 0.8, 18, 1.1, 20, 1.1, 24, 2.05], "Street.Category1.Width": ["interpolate", ["linear"], ["zoom"], 5, 0.5, 8, 0.65, 9, 0.75, 10.3, 1, 10.3, 0.65, 11, 0.75, 13, 1.4, 14, 2.5, 15, 2.75, 15.5, 3, 16, 3.75, 16.5, 5.5, 17, 8, 18, 13, 19, 25.5, 20, 50.5, 21, 112, 22, 224, 23, 373.5, 24, 1357], "Street.Category1.Ramp.Width": ["interpolate", ["linear"], ["zoom"], 13, 0.7, 14, 1.25, 15, 1.4, 16, 2, 17, 4, 18, 6.5, 19, 12.75, 20, 25.25, 22, 112, 24, 678.5], "Street.Category1.Outline.Width": ["interpolate", ["linear"], ["zoom"], 10.3, 0, 10.3, 0.5, 20, 0.5, 24, 1.1], "Street.Category2.Width": ["interpolate", ["linear"], ["zoom"], 10, 0.5, 11, 0.65, 12.3, 0.65, 12.3, 0.5, 13, 0.75, 14, 1.7, 15, 2.35, 16, 2.5, 17, 6, 18, 11.5, 19, 23.5, 20, 48.5, 21, 99.75, 22, 212, 23, 360, 24, 806], "Street.Category2.Ramp.Width": ["interpolate", ["linear"], ["zoom"], 14, 0.85, 15, 1.15, 16, 1.25, 17, 3, 18, 5.75, 19, 11.75, 20, 24.25, 22, 106, 24, 403], "Street.Category2.RTS.Width": ["interpolate", ["linear"], ["zoom"], 10, 0.5, 11, 0.65, 12, 0.65, 13, 0.75, 14, 1.75, 15, 2.5, 16, 2.75, 17, 6, 18, 11.5, 19, 23.5, 20, 48.5, 21, 99.75, 22, 212, 23, 360, 24, 806], "Street.Category2.Outline.Width": ["interpolate", ["linear"], ["zoom"], 12.3, 0, 12.3, 0.35, 13, 0.35, 20, 0.5, 24, 0.8], "Street.Category2.RTS.Outline.Width": ["interpolate", ["linear"], ["zoom"], 12, 0, 12, 0.35, 13, 0.35, 20, 0.5, 24, 0.8], "Street.Category3.RTS.Width": ["interpolate", ["linear"], ["zoom"], 0, 0.6, 10, 0.75, 12, 0.75, 13, 1.1, 14, 1.65, 15, 1.75, 16, 1.95, 17, 5.25, 18, 9.25, 19, 21.25, 20, 46.25, 21, 93.5, 22, 186.5, 23, 310.5, 24, 743.75], "Street.Category3.Outline.Width": ["interpolate", ["linear"], ["zoom"], 15.75, 0, 16, 0.3, 20, 0.3, 24, 0.5], "Street.Category3.RTS.Outline.Width": ["interpolate", ["linear"], ["zoom"], 15, 0, 15, 0.3, 20, 0.3, 24, 0.5], "Street.Category4.RTS.Width": ["interpolate", ["linear"], ["zoom"], 0, 0.6, 13, 0.75, 14, 0.75, 15, 0.9, 16, 1, 17, 2.75, 18, 6.5, 19, 12.75, 20, 31.25, 21, 62.25, 22, 124.25, 23, 186.25, 24, 558], "Street.Category4.Outline.Width": ["interpolate", ["linear"], ["zoom"], 16, 0, 16.5, 0.3, 20, 0.3, 24, 0.4], "Street.Category4.RTS.Outline.Width": ["interpolate", ["linear"], ["zoom"], 16, 0, 16, 0.3, 20, 0.3, 24, 0.4], "PolygonalRoads.RestrictedArea.Color": "#0f1921", "TunnelEntrance.Color": "#1e2b3a", "PolygonalRoads.Tunnel.Color": "#42454d", "Decorative.FloodGate.Line.Color": ["interpolate", ["linear"], ["zoom"], 15, "#0e101180", 16, "#0e1011dd"], "Decorative.Road.Line.Color": "#0e0f10b3", "Decorative.Stairs.Line.Color": ["ref", "Decorative.Road.Line.Color"], "Decorative.Line.Color": ["ref", "Decorative.Road.Line.Color"], "Decorative.RailRoad.Line.Color": ["ref", "Decorative.Road.Line.Color"], "Divider.Color": ["ref", "BuiltupArea.Color"], "Divider.Outline.Color": ["interpolate", ["linear"], ["zoom"], 17, "#292e3680", 17.5, "#292e36"], "Rail.Speed.Line.Color": "#595b57", "Rail.Speed.SecondLine.Color": "#373934", "Rail.Speed.Label.Outline.Color": "#141111c8", "TruckFeature.Japan.Rail.Subway.Label.Outline.Color": "#141111c8", "Rail.Speed.Label.Color": "#585858", "Rail.State.Line.Color": ["ref", "Rail.Speed.Line.Color"], "Rail.State.SecondLine.Color": ["ref", "Rail.Speed.SecondLine.Color"], "Rail.State.Label.Outline.Color": ["ref", "Rail.Speed.Label.Outline.Color"], "Rail.State.Label.Color": ["ref", "Rail.Speed.Label.Color"], "Rail.Private.Line.Color": "#4a4e4c", "Rail.Private.Outline.Color": "#1f1f1f", "Rail.Private.Label.Outline.Color": ["ref", "Rail.Speed.Label.Outline.Color"], "Rail.Private.Label.Color": ["ref", "Rail.Speed.Label.Color"], "Rail.Subway.Line.Color": "#3f403f", "PTFeature.Japan.Rail.Subway.Line.Width": ["interpolate", ["linear"], ["zoom"], 11, 0.6, 13, 0.85, 16, 1.25, 20, 1.85, 24, 2.15], "Rail.Subway.Outline.Width": ["interpolate", ["linear"], ["zoom"], 11, 0.3, 20, 0.5, 24, 0.6], "PTFeature.Japan.Rail.Subway.Outline.Width": ["interpolate", ["linear"], ["zoom"], 11, 0.3, 20, 0.5, 24, 0.6], "Rail.Subway.Outline.Color": "#0d0d0d", "Rail.Subway.Label.Outline.Color": ["ref", "Rail.Private.Label.Outline.Color"], "Rail.Subway.Label.Color": "#4c4d4b", "TruckFeature.Japan.Rail.Subway.Label.Color": "#4c4d4b", "Rail.Tram.Outline.Width": ["interpolate", ["linear"], ["zoom"], 12, 0, 12, 0.15, 20, 0.25, 24, 0.5], "Rail.Tram.Line.Color": "#434443", "Rail.Tram.Outline.Color": "#1a1a1a", "Rail.Tram.Label.Outline.Color": ["ref", "Rail.Subway.Label.Outline.Color"], "Rail.Tram.Label.Color": ["ref", "Rail.Subway.Label.Color"], "CableCar.Outline.Width": ["interpolate", ["linear"], ["zoom"], 13, 0, 13, 0.15, 20, 0.25, 24, 0.5], "CableCar.Line.Color": ["ref", "Rail.Tram.Line.Color"], "CableCar.Outline.Color": ["ref", "Rail.Tram.Outline.Color"], "CableCar.Label.Color": ["ref", "Rail.Tram.Label.Color"], "CableCar.Label.Outline.Color": ["ref", "Rail.Tram.Label.Outline.Color"], "Rail.Line.Color": ["interpolate", ["linear"], ["zoom"], 14, "#232428", 14, "#2c2f35", 17, "#3a3e46"], "StateBoundary.Color": ["interpolate", ["linear"], ["zoom"], 8, "#3f2429", 8, "#482b32", 10, "#40262c", 15, "#3b2329", 15, "#41272e"], "StateBoundary.Outline.Color": "#3c1e2733", "State.Label.Color": "#664c59", "State.Label.Outline.Color": "#180c10bf", "Oaza.Label.Color": "#5f404b", "Oaza.Label.Outline.Color": "#1e0e1382", "MunicipalityBoundary.Color": ["interpolate", ["linear"], ["zoom"], 10, "#40262c", 15, "#3b2329", 15, "#41272e"], "MunicipalityBoundary.Outline.Color": ["interpolate", ["linear"], ["zoom"], 10, "#441c2726", 15, "#35171f4d"], "DistrictBoundary.Color": ["interpolate", ["linear"], ["zoom"], 15, "#472b33", 18, "#41272e"], "DistrictBoundary.Outline.Color": ["interpolate", ["linear"], ["zoom"], 14, "#3c1a2426", 18, "#3818224d"], "NeighborhoodBoundary.Color": ["interpolate", ["linear"], ["zoom"], 15, "#452a31", 18, "#3d252b"], "NeighborhoodBoundary.Outline.Color": ["interpolate", ["linear"], ["zoom"], 15, "#3a192326", 18, "#3617214d"], "MicrohoodBoundary.Color": "#482e34", "MicrohoodBoundary.Outline.Color": "#3617214d", "TruckFeature.Japan.Rail.Line.Color": ["interpolate", ["linear"], ["zoom"], 14, "#2a2c30", 16, "#2c2f35", 17, "#444952"], "Rail.SecondLine.Color": ["ref", "Rail.Line.Color"], "Rail.Label.Color": ["interpolate", ["linear"], ["zoom"], 11, "#808185", 16, "#67686b"], "POI.RoadFacility.Label.Color": "#777777", "POI.TrafficLight.Label.Color": ["ref", "POI.RoadFacility.Label.Color"], "POI.TransitAccess.Label.Color": ["ref", "POI.RoadFacility.Label.Color"], "PTFeature.Street.Category0.Label.Toll.Outline.Color": "#0f1113", "Traffic.Flow.Free.Color": ["ref", "Japan.Traffic.Flow.Free.Color"], "Japan.Traffic.Flow.Free.Color": "#387850", "Traffic.Flow.Free.Outline.Color": ["ref", "Japan.Traffic.Flow.Free.Outline.Color"], "Japan.Traffic.Flow.Free.Outline.Color": "#1f4430"}}