{"definitions": {"Toll.Class": "Car", "IndustrialComplex.Color": ["interpolate", ["linear"], ["zoom"], 9, "#e2e8f1", 15, "#e9edf5"], "Grass.Color": ["ref", "Woodland.Color"], "UndergroundArea.Color": "#93484e00", "UndergroundArea.Outline.Color": "#9f3d4500", "Building.Education.Color": ["ref", "Building.Color"], "Building.Education.Outline.Color": ["ref", "Building.Outline.Color"], "Building.Hospital.Color": ["ref", "Building.Color"], "Building.Hospital.Outline.Color": ["ref", "Building.Outline.Color"], "Building.Government.Color": ["ref", "Building.Color"], "Building.Government.Outline.Color": ["ref", "Building.Outline.Color"], "ExtrudedBuilding.Education.Color": ["ref", "ExtrudedBuilding.Color"], "ExtrudedBuilding.Hospital.Color": ["ref", "ExtrudedBuilding.Color"], "ExtrudedBuilding.Government.Color": ["ref", "ExtrudedBuilding.Education.Color"], "ExtrudedBuilding.Hotel.Color": ["ref", "ExtrudedBuilding.Color"], "RailwayStation.Color": ["interpolate", ["linear"], ["zoom"], 15, "#ffaab600", 15, "#ffaab6b4"], "RailwayStation.Outline.Color": ["interpolate", ["linear"], ["zoom"], 15, "#c75d6a00", 15, "#c75d6a4d"], "CommuterStation.Color": ["ref", "RailwayStation.Color"], "CommuterStation.Outline.Color": ["interpolate", ["linear"], ["zoom"], 15, "#d16a7800", 15, "#d16a784d"], "POI.TransitAccess.Label.Size": 0, "Building.Label.Size": ["interpolate", ["linear"], ["zoom"], 18, 0, 18, 10.5, 19, 11.5, 24, 14], "Rail.Subway.Line.Width": ["interpolate", ["linear"], ["zoom"], 15, 0, 15, 0.7, 20, 1.1, 24, 1.4], "Rail.Subway.Label.Size": ["interpolate", ["linear"], ["zoom"], 15, 0, 15, 10.5, 18, 13, 20, 16.5, 22, 19, 24, 22], "Rail.Tram.Line.Width": ["interpolate", ["linear"], ["zoom"], 15, 0, 15, 0.65, 16, 0.7, 20, 1, 24, 1.25], "Rail.Tram.Label.Size": ["interpolate", ["linear"], ["zoom"], 15, 0, 15, 9.95, 18, 12, 20, 15, 22, 18, 24, 20], "CableCar.Line.Width": ["interpolate", ["linear"], ["zoom"], 15, 0, 15, 0.65, 16, 0.7, 20, 1, 24, 1.25], "CableCar.Label.Size": ["interpolate", ["linear"], ["zoom"], 15, 0, 15, 9.5, 18, 10, 20, 13, 22, 16, 24, 18], "RollerCoaster.Line.Width": ["interpolate", ["linear"], ["zoom"], 15, 0, 15, 0.65, 16, 0.7, 20, 1, 24, 1.25], "Street.Category0.Ramp.Width": ["interpolate", ["linear"], ["zoom"], 0, 0.5, 13, 1.2, 16, 2.3, 17, 4.65, 18, 10.5, 19, 15.4, 20, 37.15, 22, 123.9, 24, 774.45], "Street.Category0.Outline.Width": ["interpolate", ["linear"], ["zoom"], 7, 0, 8, 0.5, 14, 0.65, 15, 0.65, 16, 0.8, 18, 1.1, 20, 1.1, 24, 2.05], "Street.Category0.Width": ["interpolate", ["linear"], ["zoom"], 0, 1.1, 5, 1.1, 6, 1.4, 7, 1.55, 8, 1.25, 9, 1.55, 9.05, 1.9, 10, 2.3, 11, 2.45, 15, 2.45, 16, 4.65, 17, 9.3, 18, 21.05, 19, 30.95, 20, 74.35, 21, 154.9, 22, 247.8, 23, 526.6, 24, 1548.9], "Street.Category1.Ramp.Width": ["interpolate", ["linear"], ["zoom"], 13, 0.85, 14, 1, 15, 1.05, 16, 1.55, 17, 3.7, 18, 6.25, 19, 12.5, 20, 25, 22, 111.5, 24, 677.5], "Street.Category1.Width": ["interpolate", ["linear"], ["zoom"], 0, 0.75, 5, 0.75, 8, 1.25, 9, 1.25, 10, 1.55, 11, 1.7, 13, 1.7, 14, 2, 15, 2.15, 15.5, 2.45, 16, 3.1, 16.5, 4.95, 17, 7.45, 18, 12.5, 19, 25, 20, 50, 21, 111, 22, 223, 23, 372, 24, 1355], "Street.Category2.Ramp.Width": ["interpolate", ["linear"], ["zoom"], 14, 0.85, 15, 1, 16, 1.05, 17, 2.7, 18, 5.5, 19, 11.5, 20, 24, 22, 105.5, 24, 402.5], "Street.Category2.Width": ["interpolate", ["linear"], ["zoom"], 0, 0.6, 8, 0.75, 10, 0.9, 11, 1.25, 13, 1.55, 14, 1.7, 15, 2, 16, 2.15, 17, 5.55, 18, 11, 19, 23, 20, 48, 21, 99, 22, 211, 23, 359, 24, 805], "Street.Category2.RTS.Width": ["interpolate", ["linear"], ["zoom"], 0, 0.6, 8, 0.75, 10, 0.9, 11, 1.55, 13, 1.55, 14, 1.7, 15, 2, 16, 2.15, 17, 5.55, 18, 11, 19, 23, 20, 48, 21, 99, 22, 211, 23, 359, 24, 805], "Street.Category3.Ramp.Width": ["interpolate", ["linear"], ["zoom"], 14, 0.6, 15, 0.75, 16, 0.75, 17, 2.45, 18, 4.5, 19, 10.5, 20, 23, 22, 93, 24, 371.5], "Street.Category3.Outline.Width": ["interpolate", ["linear"], ["zoom"], 15.75, 0, 16, 0.3, 20, 0.3, 24, 0.5], "Street.Category3.RTS.Outline.Width": ["interpolate", ["linear"], ["zoom"], 14, 0, 14, 0.3, 20, 0.3, 24, 0.5], "Street.Category3.Width": ["interpolate", ["linear"], ["zoom"], 0, 0.6, 10, 0.75, 12, 0.75, 13, 1.1, 14, 1.25, 15, 1.55, 16, 1.55, 17, 4.95, 18, 9, 19, 21, 20, 46, 21, 93, 22, 186, 23, 310, 24, 743], "Street.Category3.RTS.Width": ["interpolate", ["linear"], ["zoom"], 0, 0.6, 10, 0.75, 12, 0.75, 13, 1.25, 14, 1.75, 15, 1.85, 16, 2.5, 17, 4.95, 18, 9, 19, 21, 20, 46, 21, 93, 22, 186, 23, 310, 24, 743], "Street.Category4.Ramp.Width": ["interpolate", ["linear"], ["zoom"], 15, 0.45, 17, 1.22, 18, 3.1, 19, 6.2, 20, 15.47, 22, 61.95, 24, 278.8], "Street.Category4.Outline.Width": ["interpolate", ["linear"], ["zoom"], 16, 0, 16.5, 0.3, 20, 0.3, 24, 0.4], "Street.Category4.RTS.Outline.Width": ["interpolate", ["linear"], ["zoom"], 16, 0, 16, 0.3, 20, 0.3, 24, 0.4], "Street.Category4.Width": ["interpolate", ["linear"], ["zoom"], 0, 0.6, 13, 0.75, 14, 0.75, 15, 0.9, 16, 0.9, 17, 2.45, 18, 6.2, 19, 12.4, 20, 30.95, 21, 61.95, 22, 123.9, 23, 185.85, 24, 557.6], "Street.Category4.RTS.Width": ["interpolate", ["linear"], ["zoom"], 0, 0.6, 13, 0.75, 14, 0.75, 15, 0.9, 16, 2, 17, 2.45, 18, 6.2, 19, 12.4, 20, 30.95, 21, 61.95, 22, 123.9, 23, 185.85, 24, 557.6]}}