{"definitions": {"PolygonalRoads.RestrictedArea.Color": "#121e28", "Divider.Color": "#414953", "Divider.Outline.Color": ["interpolate", ["linear"], ["zoom"], 17, "#3a414c80", 17.5, "#3a414c"], "PolygonalRoads.Tunnel.Color": "#5b5859", "Decorative.Stairs.Line.Color": "#303741", "Decorative.Line.Color": "#282b35", "Decorative.Road.Line.Color": "#44474cb3", "TunnelEntrance.Color": "#414953", "WaterBreak.Color": "#2d3946", "Dam.Color": ["interpolate", ["linear"], ["zoom"], 14, "#2a313a", 17, "#333c46"], "Dam.Label.Color": "#656e71", "Dam.Label.Outline.Color": "#07090c99", "PavedArea.Color": "#0e1b25", "PedestrianArea.Color": ["ref", "PavedArea.Color"], "PedestrianArea.Outline.Color": ["interpolate", ["linear"], ["zoom"], 16.5, "#3a414c80", 17, "#3a414c"], "Grass.Color": "#05282e", "FloodProneArea.Color": "#031c25", "Decorative.FloodGate.Line.Color": ["interpolate", ["linear"], ["zoom"], 15, "#30363a80", 16, "#30363add"], "UndergroundArea.Color": "#7b3a4041", "UndergroundArea.Outline.Color": "#220d0e4d", "Wetland.Label.Color": "#4e666c", "Wetland.Label.Outline.Color": "#080a0a99", "Grassland.Color": ["ref", "Park.Color"], "Grassland.Outline.Color": ["interpolate", ["linear"], ["zoom"], 17, "#3a414c80", 17.5, "#3a414c"], "Cemetery.Label.Color": ["interpolate", ["linear"], ["zoom"], 15, "#365c67", 15.2, "#3c5858"], "GolfCourse.Color": "#062a31", "GolfCourse.Label.Color": "#2c6670", "GolfCourse.Label.Outline.Color": "#03161a", "MilitaryBase.Color": ["interpolate", ["linear"], ["zoom"], 7, "#27273d66", 13, "#27273d59", 16, "#27273d4d"], "LowSpeedZone.Outline.Color": "#b24a1d", "LowSpeedZone.SecondOutline.Color": "#b24a1d71", "LowSpeedZone.ThirdOutline.Color": "#b24a1d40", "Runway.Color": ["interpolate", ["linear"], ["zoom"], 15, "#242937", 15.5, "#212b39"], "HospitalCampus.Color": ["interpolate", ["linear"], ["zoom"], 15, "#2a1d1e", 16, "#261b1b"], "HospitalCampus.Label.Color": "#654d4f", "UniversityCampus.Color": "#212314", "UniversityCampus.Label.Color": "#4f563b", "RailwayStation.Color": ["interpolate", ["linear"], ["zoom"], 13, "#a15f68d2", 14, "#a8636cd2", 15, "#a8636cb4"], "RailwayStation.Outline.Color": "#1d0e0f4d", "CommuterStation.Color": ["interpolate", ["linear"], ["zoom"], 14, "#a15a6300", 14, "#a8636cd2", 15, "#a8636cb4"], "CommuterStation.Outline.Color": "#2a151600", "PolygonalRoads.Other.Service.Color": ["interpolate", ["linear"], ["zoom"], 15, "#27323d", 16, "#32414e"], "PolygonalRoads.Outline.Color": ["interpolate", ["linear"], ["zoom"], 16.5, "#3a414c80", 17, "#3a414c"], "Street.Category0.Toll.Color": ["interpolate", ["linear"], ["zoom"], 6, "#426061", 8, "#52746f", 11, "#577a76", 11, "#567d77", 13, "#4f7972", 15, "#547d78", 17, "#56827e"], "Street.Category0.Toll.Outline.Color": ["interpolate", ["linear"], ["zoom"], 7, "#151b1b", 8, "#151c1a", 11, "#151e1c", 13, "#181f1d"], "Street.Category0.Toll.Centerline.Color": ["interpolate", ["linear"], ["zoom"], 11, "#425b55", 13, "#3e5754"], "Street.Category0.TollTunnel.Color": ["interpolate", ["linear"], ["zoom"], 6, "#2d4b4c", 8, "#3c5e59", 11, "#416460", 11, "#406661", 13, "#39635c", 15, "#3e6662", 17, "#406b67"], "Street.Category0.TollTunnel.Outline.Color": ["interpolate", ["linear"], ["zoom"], 6, "#3e5c5d", 8, "#4e6f6b", 11, "#537571", 11, "#527872", 13, "#4b746e", 15, "#507873", 17, "#527d79"], "Street.Category0.TollTunnel.Centerline.Color": ["interpolate", ["linear"], ["zoom"], 11, "#2d4640", 13, "#2a423f"], "Street.Category0.TollBridge.Color": ["interpolate", ["linear"], ["zoom"], 13, "#2f3e3a", 16, "#4e676273"], "Street.Category0.Bridge.Outline.Width": ["interpolate", ["linear"], ["zoom"], 15, 0, 17, 1.1, 20, 1.45, 24, 3.9], "Street.Category1.Color": ["interpolate", ["linear"], ["zoom"], 7, "#384755", 8, "#3c4958", 10, "#43505b", 11, "#485665", 13, "#50616f", 16, "#5d6b7a"], "Street.Category2.Color": ["interpolate", ["linear"], ["zoom"], 8, "#2f3945", 12, "#3b4756", 13, "#3c4857", 16, "#485869"], "Street.Category3.Color": ["interpolate", ["linear"], ["zoom"], 12, "#485768", 13.3, "#313d4a", 14, "#35414f", 16, "#32414e"], "Street.Category3.RTS.Color": ["interpolate", ["linear"], ["zoom"], 13, "#313d4a", 14, "#35414f", 16, "#32414e"], "Street.Category4.Color": ["interpolate", ["linear"], ["zoom"], 13, "#232c36", 15.1, "#435368", 15.3, "#384757", 16, "#32414e"], "Street.Category4.RTS.Color": ["interpolate", ["linear"], ["zoom"], 14, "#293445", 16, "#32414e"], "Street.Walkway.Color": ["interpolate", ["linear"], ["zoom"], 15.9, "#11292b", 16, "#0f2326"], "Street.Pedestrian.Color": ["interpolate", ["linear"], ["zoom"], 14.9, "#29323a", 16, "#1b2126"], "Street.Category0.Label.Toll.Color": ["interpolate", ["linear"], ["zoom"], 10, "#a0b7b7", 12, "#9db3b3", 15, "#94b0b0"], "Street.Category0.Label.Toll.Outline.Color": ["interpolate", ["linear"], ["zoom"], 11, "#001812f2", 14, "#001812d9", 17, "#001812cc"], "Street.Category0.Label.Color": "#b1c5cb", "Street.Category1.Label.Color": "#9bacb2", "Street.Category1.Toll.Color": ["ref", "Street.Category0.Toll.Color"], "Street.Category1.Toll.Outline.Color": ["ref", "Street.Category0.Toll.Outline.Color"], "Street.Category1.Label.Toll.Outline.Color": ["ref", "Street.Category0.Label.Toll.Outline.Color"], "Street.Category2.Toll.Color": ["ref", "Street.Category0.Toll.Color"], "Street.Category2.Toll.Outline.Color": ["ref", "Street.Category0.Toll.Outline.Color"], "Street.Category2.Label.Toll.Outline.Color": ["ref", "Street.Category0.Label.Toll.Outline.Color"], "Street.Category3.Toll.Color": ["ref", "Street.Category0.Toll.Color"], "Street.Category3.Toll.Outline.Color": ["ref", "Street.Category0.Toll.Outline.Color"], "Street.Category3.Label.Toll.Outline.Color": ["ref", "Street.Category0.Label.Toll.Outline.Color"], "Street.Category4.Toll.Color": ["ref", "Street.Category0.Toll.Color"], "Street.Category4.Toll.Outline.Color": ["ref", "Street.Category0.Toll.Outline.Color"], "Street.Category4.Label.Toll.Outline.Color": ["ref", "Street.Category0.Label.Toll.Outline.Color"], "Street.Category0.Arrow.Toll.Color": ["interpolate", ["linear"], ["zoom"], 16.75, "#3c545400", 17, "#3c545480", 18, "#3c545480", 18.5, "#3c545400"], "Street.Category1.Arrow.Toll.Color": ["ref", "Street.Category0.Arrow.Toll.Color"], "Street.Category2.Arrow.Toll.Color": ["interpolate", ["linear"], ["zoom"], 17, "#2f444400", 17.25, "#2f444480", 18, "#2f444480", 18.5, "#2f444400"], "Street.Category3.Arrow.Toll.Color": ["ref", "Street.Category2.Arrow.Toll.Color"], "Street.Category4.Arrow.Toll.Color": ["interpolate", ["linear"], ["zoom"], 17.25, "#2f444400", 17.5, "#2f444480", 18, "#2f444480", 18.5, "#2f444400"], "Street.Category0.Arrow.Tunnel.Color": ["ref", "Street.Category0.Arrow.Color"], "Street.Category1.Arrow.Tunnel.Color": ["ref", "Street.Category1.Arrow.Color"], "Street.Category2.Arrow.Tunnel.Color": ["ref", "Street.Category2.Arrow.Color"], "Street.Category3.Arrow.Tunnel.Color": ["ref", "Street.Category3.Arrow.Color"], "Street.Category4.Arrow.Tunnel.Color": ["ref", "Street.Category4.Arrow.Color"], "Street.Category0.Arrow.Color": ["interpolate", ["linear"], ["zoom"], 16.75, "#424c5600", 17, "#424c5680", 18, "#424c5680", 18.5, "#424c5600"], "Street.Category1.Arrow.Color": ["ref", "Street.Category0.Arrow.Color"], "Street.Category2.Arrow.Color": ["interpolate", ["linear"], ["zoom"], 17, "#333e4a00", 17.25, "#333e4a80", 18, "#333e4a80", 18.5, "#333e4a00"], "Street.Category3.Arrow.Color": ["interpolate", ["linear"], ["zoom"], 17, "#1e282f00", 17.25, "#1e282f80", 18, "#1e282f80", 18.5, "#1e282f00"], "Street.Category4.Arrow.Color": ["interpolate", ["linear"], ["zoom"], 17.25, "#1e282f00", 17.5, "#1e282fe6", 19, "#1e282f80"], "Street.Category0.Width": ["interpolate", ["linear"], ["zoom"], 0, 1.1, 5, 1.1, 6, 1.4, 7, 1.55, 8, 1.85, 9, 2.25, 10, 3, 11, 3.25, 15, 3.5, 16, 5.85, 17, 11, 18, 22.75, 19, 32.75, 20, 76.25, 21, 157, 22, 250.5, 23, 530, 24, 1553], "Street.Category0.Ramp.Width": ["interpolate", ["linear"], ["zoom"], 0, 0.5, 11, 1.55, 13, 1.65, 16, 2.9, 17, 5.5, 18, 11.5, 19, 16.5, 20, 38.15, 22, 125.25, 24, 776.5], "Street.Category1.Width": ["interpolate", ["linear"], ["zoom"], 0, 0.75, 5, 0.75, 8, 1.25, 9, 1.25, 10, 2.15, 11, 2.25, 13, 2.25, 14, 2.5, 15, 2.75, 15.5, 3, 16, 3.75, 16.5, 5.5, 17, 8, 18, 13, 19, 25.5, 20, 50.5, 21, 112, 22, 224, 23, 373.5, 24, 1357], "Street.Category1.Ramp.Width": ["interpolate", ["linear"], ["zoom"], 13, 1.15, 14, 1.25, 15, 1.4, 16, 2, 17, 4, 18, 6.5, 19, 12.75, 20, 25.25, 22, 112, 24, 678.5], "Street.Category2.Width": ["interpolate", ["linear"], ["zoom"], 0, 0.6, 8, 0.75, 10, 0.9, 11, 1.25, 13, 1.85, 14, 2, 15, 2.35, 16, 2.5, 17, 6, 18, 11.5, 19, 23.5, 20, 48.5, 21, 99.75, 22, 212, 23, 360, 24, 806], "Street.Category2.RTS.Width": ["interpolate", ["linear"], ["zoom"], 0, 0.6, 8, 0.75, 10, 0.9, 11, 1.55, 13, 1.85, 14, 2, 15, 2.35, 16, 2.5, 17, 6, 18, 11.5, 19, 23.5, 20, 48.5, 21, 99.75, 22, 212, 23, 360, 24, 806], "Street.Category2.Ramp.Width": ["interpolate", ["linear"], ["zoom"], 14, 1, 15, 1.15, 16, 1.25, 17, 3, 18, 5.75, 19, 11.75, 20, 24.25, 22, 106, 24, 403], "Street.Category3.Width": ["interpolate", ["linear"], ["zoom"], 0, 0.6, 10, 0.75, 12, 0.75, 13, 1.1, 14, 1.25, 15, 1.55, 16, 1.75, 17, 5.25, 18, 9.25, 19, 21.25, 20, 46.25, 21, 93.5, 22, 186.5, 23, 310.5, 24, 743.75], "Street.Category3.RTS.Width": ["interpolate", ["linear"], ["zoom"], 0, 0.6, 10, 0.75, 12, 0.75, 13, 1.25, 14, 1.75, 15, 2.05, 16, 2.7, 17, 5.25, 18, 9.25, 19, 21.25, 20, 46.25, 21, 93.5, 22, 186.5, 23, 310.5, 24, 743.75], "Street.Category3.Ramp.Width": ["interpolate", ["linear"], ["zoom"], 14, 0.65, 15, 0.75, 16, 0.9, 17, 2.65, 18, 4.65, 19, 10.65, 20, 23.15, 22, 93.25, 24, 371.9], "Street.Category4.Width": ["interpolate", ["linear"], ["zoom"], 0, 0.6, 13, 0.75, 14, 0.75, 15, 0.9, 16, 0.9, 17, 2.75, 18, 6.5, 19, 12.75, 20, 31.25, 21, 62.25, 22, 124.25, 23, 186.25, 24, 558], "Street.Category4.RTS.Width": ["interpolate", ["linear"], ["zoom"], 0, 0.6, 13, 0.75, 14, 0.75, 15, 0.9, 16, 2.2, 17, 2.75, 18, 6.5, 19, 12.75, 20, 31.25, 21, 62.25, 22, 124.25, 23, 186.25, 24, 558], "Street.Category4.Ramp.Width": ["interpolate", ["linear"], ["zoom"], 16, 0.45, 17, 1.4, 18, 3.25, 19, 6.4, 20, 15.65, 22, 62.15, 24, 279], "Street.Pedestrian.Label.Color": ["ref", "Street.Category4.Label.Color"], "Street.Pedestrian.Label.Outline.Color": ["ref", "Street.Category4.Label.Outline.Color"], "StateBoundary.Width": ["interpolate", ["linear"], ["zoom"], 7, 0, 7, 1, 13, 1.3, 15, 1.4, 24, 2], "MunicipalityBoundary.Gap.Length": ["step", ["zoom"], 4.95, 9, 1.25, 10, 1.25, 12, 1.25, 13, 1.55, 14, 1.85, 15, 2, 16, 2.15, 18, 2.3, 20, 2.45, 24, 2.65], "MunicipalityBoundary.Width": ["interpolate", ["linear"], ["zoom"], 10, 0.6, 13, 0.9, 15, 1.1, 24, 2], "DistrictBoundary.Gap.Length": ["step", ["zoom"], 7.45, 13, 1.25, 14, 1.25, 15, 2.65, 16, 3.1, 18, 4.95, 20, 6.2, 24, 6.8], "DistrictBoundary.Width": ["interpolate", ["linear"], ["zoom"], 15, 0, 15, 0.5, 17, 0.8, 20, 1, 24, 1.5], "NeighborhoodBoundary.Gap.Length": ["step", ["zoom"], 8.05, 14, 0.9, 15, 1.55, 16, 2.45, 18, 3.7, 20, 4.95, 24, 6.2], "NeighborhoodBoundary.Width": ["interpolate", ["linear"], ["zoom"], 16, 0, 16, 0.4, 18, 0.65, 20, 0.8, 24, 1.2], "MicrohoodBoundary.Gap.Length": ["step", ["zoom"], 10.55, 17, 0, 17, 0.9, 18, 2.45, 20, 3.1, 24, 3.7], "MicrohoodBoundary.Width": ["interpolate", ["linear"], ["zoom"], 17, 0, 17, 0.4, 20, 0.5, 24, 1.2], "POI.TransitAccess.Label.Outline.Color": "#6e2c35", "POI.RoadFacility.Label.Outline.Color": ["interpolate", ["linear"], ["zoom"], 10, "#213533", 15, "#28403e"], "POI.TrafficLight.Label.Outline.Color": "#17171a", "Building.TrainStation.Color": ["interpolate", ["linear"], ["zoom"], 15, "#a8636cb4", 18, "#a2666fb4"], "Building.TrainStation.Outline.Color": ["interpolate", ["linear"], ["zoom"], 15, "#75464e", 18, "#5f3940"], "ExtrudedBuilding.TrainStation.Color": ["interpolate", ["linear"], ["zoom"], 15, "#9e535fb4", 18, "#a1646db4"], "ExtrudedBuilding.TrainStation.Outline.Color": ["interpolate", ["linear"], ["zoom"], 15, "#733944c0", 18, "#6f4148c8"], "Building.Underground.TrainStation.Outline.Color": ["ref", "Building.TrainStation.Outline.Color"], "ExtrudedBuilding.Underground.TrainStation.Outline.Color": ["ref", "ExtrudedBuilding.TrainStation.Outline.Color"], "ExtrudedBuilding.Outline.Color": ["interpolate", ["linear"], ["zoom"], 17.5, "#171b2edd", 18, "#13172add"], "Building.Hotel.Color": "#3b3a4eb4", "Building.Hotel.Outline.Color": "#1b1f26", "Building.Hotel.Label.Color": "#605e83", "ExtrudedBuilding.Hotel.Color": "#3e3a51b4", "ExtrudedBuilding.Hotel.Outline.Color": ["interpolate", ["linear"], ["zoom"], 17.5, "#2f2d3ebb", 18, "#232232bb"], "Building.Education.Color": "#313021b4", "Building.Education.Outline.Color": ["interpolate", ["linear"], ["zoom"], 15, "#1d2114", 18, "#1a1d12"], "Building.Education.Label.Color": "#6c6c4d", "ExtrudedBuilding.Education.Color": "#34301eb4", "ExtrudedBuilding.Education.Outline.Color": ["interpolate", ["linear"], ["zoom"], 17.5, "#272416cd", 18, "#1d1908cd"], "Building.TollBooth.Color": "#829d98b4", "Building.TollBooth.Outline.Color": "#53605e", "Building.TollBooth.Label.Color": "#265147", "ExtrudedBuilding.TollBooth.Color": "#7a9b93b4", "ExtrudedBuilding.TollBooth.Outline.Color": ["interpolate", ["linear"], ["zoom"], 17.5, "#67827bba", 18, "#5a746dba"], "Building.Government.Color": "#454545b4", "Building.Government.Outline.Color": "#202020", "Building.Government.Label.Color": "#676767", "ExtrudedBuilding.Government.Color": "#3f3f3fb4", "ExtrudedBuilding.Government.Outline.Color": ["interpolate", ["linear"], ["zoom"], 17.5, "#303030ce", 18, "#252525ce"], "Building.Hospital.Color": "#3a2628b4", "Building.Hospital.Outline.Color": ["interpolate", ["linear"], ["zoom"], 15, "#28191b", 18, "#1f1214"], "Building.Hospital.Label.Color": "#7d5f64", "ExtrudedBuilding.Hospital.Color": "#41292bb4", "ExtrudedBuilding.Hospital.Outline.Color": ["interpolate", ["linear"], ["zoom"], 17.5, "#2f1e1fdf", 18, "#231314df"], "Rail.Speed.Label.Color": "#747c8a", "Rail.Speed.Label.Outline.Color": "#02264edc", "Rail.Speed.Line.Color": ["interpolate", ["linear"], ["zoom"], 8, "#6e88ad", 11, "#6884ad"], "Rail.Speed.SecondLine.Color": ["interpolate", ["linear"], ["zoom"], 8, "#103988", 11, "#0c3788"], "Rail.State.Label.Color": "#767676", "Rail.State.Label.Outline.Color": "#231919dc", "Rail.State.Line.Color": "#848682", "Rail.State.SecondLine.Color": "#3f3a3d", "Rail.Private.Label.Color": "#6c6c6c", "Rail.Private.Label.Outline.Color": "#1c1c1cdc", "Rail.Private.Line.Color": ["interpolate", ["linear"], ["zoom"], 14, "#7d7d7d", 15, "#767676"], "Rail.Private.Outline.Width": 0.9, "Rail.Private.Outline.Color": "#1f1f1f", "Rail.Private.Line.Width": ["interpolate", ["linear"], ["zoom"], 11, 0.6, 13, 1.05, 16, 1.4, 20, 1.85, 24, 2.45], "Rail.Subway.Label.Color": ["interpolate", ["linear"], ["zoom"], 12, "#7b757f", 16, "#706b73"], "Rail.Subway.Label.Outline.Color": "#250f3cdc", "Rail.Subway.Line.Color": ["interpolate", ["linear"], ["zoom"], 11, "#4a1f74", 15, "#481e73"], "Rail.Subway.Line.Width": ["interpolate", ["linear"], ["zoom"], 11, 0.6, 13, 0.85, 16, 1.25, 20, 1.85, 24, 2.15], "Rail.Tram.Label.Color": "#626262", "Rail.Tram.Label.Outline.Color": "#191919dc", "Rail.Tram.Line.Color": ["interpolate", ["linear"], ["zoom"], 10, "#565656", 16, "#545454"], "Rail.Tram.Outline.Width": ["interpolate", ["linear"], ["zoom"], 12, 0, 12, 0.2], "Rail.Tram.Outline.Color": "#585858", "CableCar.Label.Color": "#555555", "CableCar.Label.Outline.Color": "#141414dc", "CableCar.Line.Color": "#4d4d4d", "Rail.Line.Color": ["interpolate", ["linear"], ["zoom"], 12, "#2b2b2e", 17, "#4f5055"], "StateBoundary.Color": ["interpolate", ["linear"], ["zoom"], 6, "#5e323a", 11, "#693340", 16, "#61313c"], "StateBoundary.Outline.Color": ["interpolate", ["linear"], ["zoom"], 6, "#6929361a", 11, "#69293618", 16, "#421a2240"], "StateBoundary.Outline.Width": ["interpolate", ["linear"], ["zoom"], 7, 0, 7, 3.1, 8, 3.7, 10, 3.7, 11, 4.35, 24, 7.45], "State.Label.Color": "#905b6d", "State.Label.Outline.Color": "#200f1499", "Oaza.Label.Color": "#865566", "Oaza.Label.Outline.Color": "#1e0e1382", "Aza.Label.Color": ["ref", "Oaza.Label.Color"], "Aza.Label.Outline.Color": ["ref", "Oaza.Label.Outline.Color"], "Block.Label.Color": ["ref", "Oaza.Label.Color"], "Block.Label.Outline.Color": ["ref", "Oaza.Label.Outline.Color"], "Parcel.Label.Color": ["ref", "BuildingAddress.Label.Color"], "Parcel.Label.Outline.Color": ["ref", "BuildingAddress.Label.Outline.Color"], "MunicipalityBoundary.Color": ["interpolate", ["linear"], ["zoom"], 10, "#4c242d", 13, "#582834", 14, "#6f303f", 18, "#622a38"], "MunicipalityBoundary.Outline.Color": ["interpolate", ["linear"], ["zoom"], 10, "#4d202c26", 11, "#411c2733", 15, "#3c1a234d", 18, "#3a19224d"], "MunicipalityBoundary.Outline.Width": ["interpolate", ["linear"], ["zoom"], 10, 2.45, 13, 2.8, 16, 4.35, 24, 5], "DistrictBoundary.Color": ["interpolate", ["linear"], ["zoom"], 14, "#4f272f", 15, "#65303d", 18, "#773444"], "DistrictBoundary.Outline.Color": ["interpolate", ["linear"], ["zoom"], 14, "#441e2926", 18, "#3f1b264d"], "DistrictBoundary.Outline.Width": ["interpolate", ["linear"], ["zoom"], 15, 0, 15, 1.5, 17, 2.25, 20, 3, 24, 4], "NeighborhoodBoundary.Color": ["interpolate", ["linear"], ["zoom"], 15, "#5e2a37", 18, "#743544"], "NeighborhoodBoundary.Outline.Color": ["interpolate", ["linear"], ["zoom"], 15, "#411e2926", 18, "#3b1b254d"], "NeighborhoodBoundary.Outline.Width": ["interpolate", ["linear"], ["zoom"], 16, 0, 16, 1.5, 18, 2, 20, 2.5, 24, 3.5], "MicrohoodBoundary.Color": "#743242", "MicrohoodBoundary.Outline.Color": "#3819234d", "MicrohoodBoundary.Outline.Width": ["interpolate", ["linear"], ["zoom"], 17, 0, 17, 1.5, 20, 2, 24, 2.75], "PTFeature.Japan.Rail.Line.Color": "#3e3e3e", "Rail.Line.Width": ["interpolate", ["linear"], ["zoom"], 12, 0, 12, 0.6, 13, 0.6, 16, 0.9, 17, 1.1, 20, 1.25, 24, 1.55], "POI.RoadFacility.Label.Color": "#cccccc", "POI.TrafficLight.Label.Color": "#949494", "POI.TransitAccess.Label.Color": "#9b9b9b", "Traffic.Flow.Free.Color": ["ref", "Japan.Traffic.Flow.Free.Color"], "Japan.Traffic.Flow.Free.Color": "#3d8358", "Traffic.Flow.Free.Outline.Color": ["ref", "Japan.Traffic.Flow.Free.Outline.Color"], "Japan.Traffic.Flow.Free.Outline.Color": "#224a35", "TruckFeature.Japan.Rail.Line.Color": ["interpolate", ["linear"], ["zoom"], 13, "#404040", 16, "#41474c"], "TruckFeature.Japan.Rail.Subway.Label.Color": ["interpolate", ["linear"], ["zoom"], 12, "#7b757f", 16, "#706b73"], "TruckFeature.Japan.Rail.Subway.Label.Outline.Color": ["interpolate", ["linear"], ["zoom"], 11, "#343136aa", 15, "#2e2c30aa"], "Truck.Color.Inactive": "#4d3082", "AsiaSelectedSystems.Transit.Subway.Outline.Color": "#000000", "AsiaSelectedSystems.Transit.Subway.Label.Outline.Color": "#000000dc", "Transit.Line.Color.Darken": 0.1, "AsiaSelectedSystems.Transit.Subway.Label.Color.Darken": 0.2, "AsiaSelectedSystems.Transit.HighSpeed.Label.Color.Darken": 0, "Transit.Label.Outline.Color.Darken": ["ref", "Transit.Line.Color.Darken"], "Transit.Fallback.Label.Outline.Color.Darken": 0, "AsiaSelectedSystems.Transit.Subway.Fallback.Line.Color": ["ref", "Transit.Fallback.Line.Color"], "AsiaSelectedSystems.Transit.Subway.Fallback.Label.Color": ["ref", "AsiaSelectedSystems.Transit.Subway.Fallback.Line.Color"], "Transit.Outline.Color": ["ref", "AsiaSelectedSystems.Transit.Subway.Outline.Color"], "Transit.Label.Color": ["ref", "Transit.Outline.Color"], "Transit.HighSpeed.SecondLine.Color": ["ref", "Transit.Outline.Color"], "Transit.HighSpeed.Fallback.Line.Color": "#bf3030", "Transit.HighSpeed.Outline.Color.Darken": 0.025, "Transit.Fallback.Line.Color": "#676970", "Transit.Fallback.Label.Outline.Color": ["ref", "Transit.Fallback.Line.Color"], "PTFeature.Street.Category0.Label.Toll.Outline.Color": "#001812"}}