{"definitions": {"Is.Japan.AdditionalBoundary": false, "Is.StateBoundary": ["all", ["==", ["get", "$localized-kind"], "region"]], "Is.CountryBoundary": ["all", ["==", ["get", "$localized-kind"], "country"]], "Is.StateBoundary.Disputed": ["all", ["==", ["get", "$localized-kind"], "disputed"], ["==", ["get", "kind_detail"], 4]], "Is.StateBoundary.Disputed.Dash": ["all", ["==", ["get", "kind_detail"], 4], ["any", ["all", ["has", "border_style"], ["==", ["get", "border_style"], "dashed"]], ["ref", "Is.StateBoundary.Disputed"]]], "Is.StateBoundary.Disputed.Dotted": ["all", ["==", ["get", "kind_detail"], 4], ["any", ["all", ["has", "border_style"], ["==", ["get", "border_style"], "dotted"]], ["ref", "Is.StateBoundary.Disputed"]]], "Is.CountryBoundary.Disputed": ["all", ["==", ["get", "$localized-kind"], "disputed"], ["==", ["get", "kind_detail"], 2]], "Is.CountryBoundary.Disputed.Dash": ["all", ["==", ["get", "kind_detail"], 2], ["any", ["all", ["has", "border_style"], ["==", ["get", "border_style"], "dashed"]], ["ref", "Is.CountryBoundary.Disputed"]]], "Is.CountryBoundary.Disputed.Dotted": ["all", ["==", ["get", "kind_detail"], 2], ["any", ["all", ["has", "border_style"], ["==", ["get", "border_style"], "dotted"]], ["ref", "Is.CountryBoundary.Disputed"]]], "Is.Boundary.Layer": ["==", ["get", "$layer"], "boundaries"]}}