{"definitions": {"IsoCountryCode": ["case", ["==", ["get", "source"], "ipc"], "JP", ["case", ["has", "network"], ["regex-replace", ["get", "network"], ":.*", ""], ["get", "country"]]], "Is.IsoCountryCode.US": ["==", ["ref", "IsoCountryCode"], "US"], "Is.IsoCountryCode.GB": ["==", ["ref", "IsoCountryCode"], "GB"], "Is.IsoCountryCode.CA": ["==", ["ref", "IsoCountryCode"], "CA"], "Is.IsoCountryCode.MX": ["==", ["ref", "IsoCountryCode"], "MX"], "Is.IsoCountryGroup.AMER": ["any", ["ref", "Is.IsoCountryCode.US"], ["ref", "Is.IsoCountryCode.CA"], ["ref", "Is.IsoCountryCode.MX"]], "Is.Japan.Content": ["==", ["get", "source"], "ipc"]}}