{"definitions": {"Is.ExitInfo.Layer": ["all", ["==", ["get", "$layer"], "pois"], ["==", ["get", "pds_category"], "400-4100-0226"], ["any", ["has", "exit_number"], ["has", "exit_name"]]], "Is.ExitInfo.Name": ["all", ["==", ["get", "$layer"], "pois"], ["==", ["get", "pds_category"], "400-4100-0226"], ["has", "exit_name"], ["has", "originating_road_kind"]], "Is.ExitInfo.Number": ["all", ["==", ["get", "$layer"], "pois"], ["==", ["get", "pds_category"], "400-4100-0226"], ["has", "exit_number"], ["has", "originating_road_kind"]], "Is.ExitInfo.Street.Category0": ["all", ["==", ["get", "originating_road_kind"], "highway"], ["==", ["get", "originating_road_kind_detail"], "motorway"], ["!", ["ref", "Is.ExitInfo.Toll.Enabled"]]], "Is.ExitInfo.Street.Category0.Toll": ["all", ["==", ["get", "originating_road_kind"], "highway"], ["==", ["get", "originating_road_kind_detail"], "motorway"], ["ref", "Is.ExitInfo.Toll.Enabled"]], "Is.ExitInfo.Street.Category1": ["any", ["all", ["==", ["get", "originating_road_kind"], "highway"], ["==", ["get", "originating_road_kind_detail"], "trunk"], ["!", ["ref", "Is.ExitInfo.Toll.Enabled"]]], ["all", ["==", ["get", "originating_road_kind"], "major_road"], ["==", ["get", "originating_road_kind_detail"], "primary"], ["!", ["ref", "Is.ExitInfo.Toll.Enabled"]]]], "Is.ExitInfo.Street.Category1.Toll": ["any", ["all", ["==", ["get", "originating_road_kind"], "highway"], ["==", ["get", "originating_road_kind_detail"], "trunk"], ["ref", "Is.ExitInfo.Toll.Enabled"]], ["all", ["==", ["get", "originating_road_kind"], "major_road"], ["==", ["get", "originating_road_kind_detail"], "primary"], ["ref", "Is.ExitInfo.Toll.Enabled"]]], "Is.ExitInfo.Street.Category2": ["all", ["==", ["get", "originating_road_kind"], "major_road"], ["==", ["get", "originating_road_kind_detail"], "secondary"], ["!", ["ref", "Is.ExitInfo.Toll.Enabled"]]], "Is.ExitInfo.Street.Category2.Toll": ["all", ["==", ["get", "originating_road_kind"], "major_road"], ["==", ["get", "originating_road_kind_detail"], "secondary"], ["ref", "Is.ExitInfo.Toll.Enabled"]], "Is.ExitInfo.Street.Category3": ["all", ["==", ["get", "originating_road_kind"], "major_road"], ["==", ["get", "originating_road_kind_detail"], "tertiary"], ["!", ["ref", "Is.ExitInfo.Toll.Enabled"]]], "Is.ExitInfo.Street.Category3.Toll": ["all", ["==", ["get", "originating_road_kind"], "major_road"], ["==", ["get", "originating_road_kind_detail"], "tertiary"], ["ref", "Is.ExitInfo.Toll.Enabled"]], "Is.ExitInfo.Street.Category4": ["all", ["==", ["get", "originating_road_kind"], "minor_road"], ["!", ["ref", "Is.ExitInfo.Toll.Enabled"]]], "Is.ExitInfo.Street.Category4.Toll": ["all", ["==", ["get", "originating_road_kind"], "minor_road"], ["ref", "Is.ExitInfo.Toll.Enabled"]], "Is.ExitInfo.Toll.Enabled": ["ref", "Is.ExitInfo.Toll"], "Is.ExitInfo.Toll": ["get", "originating_toll"], "Is.ExitInfo.TruckToll": ["get", "originating_truck_toll"]}}