{"definitions": {"Is.POI.Annotation.Intersection.Unnamed": ["all", ["==", ["get", "pds_category"], "900-9400-0402"], ["!", ["has", "$localized-name"]]], "Is.POI.Annotation.RestrictedVisibility.Zoom11": ["all", ["any", ["==", ["get", "pds_category"], "400-4300-0199"], ["==", ["get", "pds_category"], "400-4300-0200"], ["==", ["get", "pds_category"], "400-4300-0201"]], ["<=", ["get", "min_zoom"], 10]], "Is.POI.Annotation.RestrictedVisibility.Zoom13": ["all", ["any", ["==", ["get", "kind_detail"], "ward_office"], ["==", ["get", "kind_detail"], "town_village_office"], ["==", ["get", "pds_category"], "800-8100-0163"], ["==", ["get", "pds_category"], "300-3200-0031"], ["==", ["get", "pds_category"], "300-3200-0035"]], ["<=", ["get", "min_zoom"], 12]], "Is.POI.Annotation.RestrictedVisibility.Zoom14": ["all", ["any", ["==", ["get", "pds_category"], "800-8200-0173"], ["==", ["get", "pds_category"], "800-8000-0159"], ["==", ["get", "pds_category"], "800-8000-0000"], ["==", ["get", "pds_category"], "700-7300-0111"]], ["<=", ["get", "min_zoom"], 13]], "Is.POI.Annotation.RestrictedVisibility.Zoom15": ["all", ["any", ["==", ["get", "pds_category"], "700-7300-0113"], ["==", ["get", "pds_category"], "800-8700-0166"], ["all", ["==", ["get", "pds_category"], "900-9400-0402"], ["!=", ["get", "kind_detail"], "smart_interchange"], ["!=", ["get", "kind_detail"], "interchange"], ["!=", ["get", "kind_detail"], "interchange_toll"], ["!=", ["get", "kind_detail"], "junction"]]], ["<=", ["get", "min_zoom"], 14]], "Is.POI.Annotation.RestrictedVisibility.Zoom16": ["all", ["any", ["==", ["get", "pds_category"], "800-8200-0000"], ["==", ["get", "pds_category"], "800-8200-0174"], ["==", ["get", "pds_category"], "800-8250-0000"], ["==", ["get", "pds_category"], "700-7450-0114"], ["==", ["get", "pds_category"], "500-5100-0061"], ["==", ["get", "pds_category"], "700-7300-0110"], ["==", ["get", "pds_category"], "800-8100-0165"], ["ref", "Is.POI.Annotation.Intersection.Unnamed"]], ["<=", ["get", "min_zoom"], 15]], "Is.POI.Annotation.RestrictedVisibility.Zoom17": ["all", ["any", ["==", ["get", "pds_category"], "800-8700-0000"]], ["<=", ["get", "min_zoom"], 16]], "Is.POI.DisplayType.Label": ["all", ["==", ["get", "display_type"], "label"], ["!", ["ref", "Is.POI.Bridge"]], ["!", ["ref", "Is.POI.Tunnel"]], ["!", ["ref", "Is.POI.RoadFacility"]]], "Is.POI.DisplayType.Icon": ["==", ["get", "display_type"], "icon"]}}