{"definitions": {"Is.Building.Hospital": ["==", ["get", "kind_detail"], "hospital"], "Is.Building.Government": ["==", ["get", "kind_detail"], "government"], "Is.Building.TollBooth": ["==", ["get", "kind_detail"], "toll_booth"], "Is.Building.Education": ["any", ["==", ["get", "kind_detail"], "educational_institution"], ["==", ["get", "kind_detail"], "school"], ["==", ["get", "kind_detail"], "university"]], "Is.Building.Hotel": ["==", ["get", "kind_detail"], "hotel"], "Is.Building.TrainStation": ["all", ["==", ["get", "kind_detail"], "train_station"], ["!", ["get", "layer"]]], "Is.Building.MonorailStation": ["==", ["get", "kind_detail"], "monorail_station"], "Is.Building.InclinedStation": ["==", ["get", "kind_detail"], "inclined_rail_station"], "Is.Building.Residential": ["==", ["get", "kind_detail"], "residential"], "Is.Building.Commercial": ["any", ["==", ["get", "kind_detail"], "commercial"], ["==", ["get", "kind_detail"], "department_store"], ["==", ["get", "kind_detail"], "mall"]], "Is.Building.Factory": ["==", ["get", "kind_detail"], "factory"], "Is.Building.Passageway": ["any", ["==", ["get", "kind_detail"], "passageway"], ["==", ["get", "kind_detail"], "staircase"]], "Is.Building.TrainStationPlatform": ["==", ["get", "kind"], "railway_station_platform"], "Is.Building.SubwayStationPlatform": ["==", ["get", "kind"], "subway_station_platform"], "Is.Building.SubwayStation": false, "Is.Building.Underground.TrainStation": ["all", ["==", ["get", "kind_detail"], "train_station"], ["==", ["get", "layer"], -1]], "Is.Special.Building": ["case", ["==", ["get", "source"], "ipc"], ["any", ["ref", "Is.Building.TrainStation"], ["ref", "Is.Building.MonorailStation"], ["ref", "Is.Building.InclinedStation"], ["ref", "Is.Building.TrainStationPlatform"], ["ref", "Is.Building.SubwayStationPlatform"], ["ref", "Is.Building.Government"], ["ref", "Is.Building.Hotel"], ["ref", "Is.Building.Hospital"], ["ref", "Is.Building.Education"], ["ref", "Is.Building.Commercial"], ["ref", "Is.Building.Factory"], [">=", ["get", "height"], 60]], ["get", "kind_detail"]], "Is.Transit.Layer": ["==", ["get", "$layer"], "transit"]}}