{"definitions": {"Is.CableCar": ["==", ["get", "kind_detail"], "cable_car"], "Is.Gondola": ["==", ["get", "kind_detail"], "gondola"], "Is.Rail.Private": ["==", ["get", "kind_detail"], "private_rail"], "Is.Rail.State": ["==", ["get", "kind_detail"], "state_rail"], "Is.Rail.Speed": ["==", ["get", "kind_detail"], "speed_rail"], "Is.Rail.Subway": ["==", ["get", "kind_detail"], "subway"], "Is.Rail.Tram": ["==", ["get", "kind_detail"], "light_rail"], "Is.Rail.Monorail": ["==", ["get", "kind_detail"], "monorail"], "Is.RollerCoaster": ["==", ["get", "kind_detail"], "roller_coaster"], "Is.AlsoInCity": ["get", "is_present_in_city"]}}