{"definitions": {"Is.CityMesh": ["==", ["get", "kind"], "city_mesh"], "Is.IndustrialComplex": ["any", ["==", ["get", "kind"], "industrial"], ["==", ["get", "kind"], "other_facilities"]], "Is.Dam": ["==", ["get", "kind"], "dam"], "Is.InstitutionalOffice": ["==", ["get", "kind"], "institutional_office"], "Is.Wetland": ["==", ["get", "kind"], "wetland"], "Is.RailwayStation": ["==", ["get", "kind"], "railway_station"], "Is.CommuterStation": ["==", ["get", "kind"], "commuter_station"], "Is.School": ["==", ["get", "kind"], "school"], "Is.Retail": ["==", ["get", "kind"], "retail"], "Is.ServiceArea": ["==", ["get", "kind"], "service_area"], "Is.Transportation": ["==", ["get", "kind"], "transportation"], "Is.PlaceOfWorship": ["==", ["get", "kind"], "place_of_worship"], "Is.AttractionPark": ["==", ["get", "kind"], "attraction"], "Is.ImperialFacility": ["==", ["get", "kind"], "imperial_facility"], "Is.AccommodationFacility": ["==", ["get", "kind"], "accomodation_facility"], "Is.OutdoorFacility": ["==", ["get", "kind"], "outdoor_facility"], "Is.Grassland": ["==", ["get", "kind"], "grassland"], "Is.Grass": ["==", ["get", "kind"], "grass"], "Is.Breakwater": ["==", ["get", "kind"], "breakwater"], "Is.TunnelEntrance": ["==", ["get", "kind"], "tunnel_entrance"], "Is.Sand": ["==", ["get", "kind"], "sand"], "Is.UndergroundCity": ["==", ["get", "kind"], "underground_city"], "Is.Divider": ["any", ["==", ["get", "kind"], "divider"], ["==", ["get", "kind"], "city_divider"]], "Is.PavedArea": ["==", ["get", "kind"], "paved_area"], "Is.Steps": ["==", ["get", "kind"], "steps"], "Is.FloodProneArea": ["==", ["get", "kind"], "flood_prone_area"], "Is.Block": ["==", ["get", "kind"], "block"], "Is.PedestrianArea": ["==", ["get", "kind"], "pedestrian"], "Is.SkiingGrounds": ["==", ["get", "kind"], "skiing_grounds"], "Is.LowSpeedZone": ["==", ["get", "kind"], "low_speed_zone"], "Is.Decorative.Lines.Enabled": ["all", ["ref", "Is.Landuse.Layer"], ["!=", ["get", "kind"], "decorative_dashed_line"], ["==", ["get", "source"], "ipc"]], "Is.Decorative.WaterRoute": ["any", ["==", ["get", "kind"], "decorative_ferry_route"], ["==", ["get", "kind"], "decorative_passenger_boat_route"]], "Is.Decorative.Stairs": ["any", ["==", ["get", "kind"], "decorative_stairs_line"], ["==", ["get", "kind"], "decorative_road_surface_or_stairs_line"]], "Is.Decorative.TollGate": ["==", ["get", "kind"], "toll_gate"], "Is.Decorative.FloodGate": ["any", ["==", ["get", "kind"], "flood_gate"], ["==", ["get", "kind"], "erosion_control_dam"]], "Is.Decorative.Expressway": ["==", ["get", "kind"], "decorative_expressway"], "Is.Decorative.Line": ["any", ["==", ["get", "kind"], "decorative_solid_line"], ["==", ["get", "kind"], "decorative_buffer_stop"]], "Is.Decorative.Divider": ["==", ["get", "kind"], "decorative_center_divider"], "Is.Decorative.Road": ["any", ["==", ["get", "kind"], "decorative_road_background"], ["==", ["get", "kind"], "decorative_expressway"], ["==", ["get", "kind"], "decorative_road_overpass"]], "Is.Decorative.RailRoad": ["==", ["get", "kind"], "decorative_railroad_overpass"]}}