{"definitions": {"Is.PolygonalRoads.Expressway.All": ["any", ["==", ["get", "kind"], "expressway"], ["==", ["get", "kind"], "urban_expressway"]], "Is.PolygonalRoads.National": ["all", ["==", ["get", "kind"], "national_road"], ["==", ["get", "kind_detail"], "primary"]], "Is.PolygonalRoads.MajorSecondary": ["all", ["==", ["get", "kind"], "major_road"], ["==", ["get", "kind_detail"], "secondary_city"]], "Is.PolygonalRoads.MajorTertiary": ["all", ["==", ["get", "kind"], "major_road"], ["any", ["==", ["get", "kind_detail"], "tertiary"], ["==", ["get", "kind_detail"], "tertiary_city"]]], "Is.PolygonalRoads.Other.All": ["==", ["get", "kind"], "other_road"], "Is.PolygonalRoads.Other": ["all", ["==", ["get", "kind"], "other_road"], ["==", ["get", "kind_detail"], "service"]], "Is.PolygonalRoads.Other.Toll": ["all", ["==", ["get", "kind"], "other_road"], ["ref", "Is.Toll"]], "Is.PolygonalRoads.Expressway": ["all", ["==", ["get", "kind"], "expressway"], ["!", ["ref", "Is.Toll"]]], "Is.PolygonalRoads.Expressway.Toll": ["all", ["==", ["get", "kind"], "expressway"], ["ref", "Is.Toll"]], "Is.PolygonalRoads.UrbanExpressway": ["all", ["==", ["get", "kind"], "urban_expressway"], ["!", ["ref", "Is.Toll"]]], "Is.PolygonalRoads.UrbanExpressway.Toll": ["all", ["==", ["get", "kind"], "urban_expressway"], ["ref", "Is.Toll"]], "Is.Decorative.DashedLine": ["==", ["get", "kind"], "decorative_dashed_line"], "Is.PolygonalRoads.Layer": ["==", ["get", "$layer"], "landuse"], "Is.PolygonalRoads.RestrictedArea": ["==", ["get", "kind"], "road_in_restricted_area"]}}