{"definitions": {"Is.Landuse.Layer": ["==", ["get", "$layer"], "landuse"], "Is.Landuse.Label.Layer": ["==", ["get", "$layer"], "landuse"], "Is.EnvironmentalZone": ["all", ["==", ["get", "kind"], "low_emission_zone"], ["==", ["get", "kind_detail"], "environmental"]], "Is.CongestionZone": ["all", ["==", ["get", "kind"], "low_emission_zone"], ["==", ["get", "kind_detail"], "congestion"]], "Is.NationalPark": ["any", ["==", ["get", "kind"], "national_park"], ["==", ["get", "kind"], "nature_reserve"]], "Is.Woodland": ["==", ["get", "kind"], "forest"], "Is.AmusementPark": ["==", ["get", "kind"], "theme_park"], "Is.AnimalPark": ["==", ["get", "kind"], "zoo"], "Is.Cemetery": ["==", ["get", "kind"], "cemetery"], "Is.HospitalCampus": ["==", ["get", "kind"], "hospital"], "Is.Park": ["==", ["get", "kind"], "park"], "Is.PedestrianArea": ["==", ["get", "kind"], "pedestrian"], "Is.Airport": ["any", ["==", ["get", "kind"], "aerodrome"], ["==", ["get", "kind"], "airfield"]], "Is.HarborArea": ["==", ["get", "kind"], "harbour"], "Is.IndustrialComplex": ["==", ["get", "kind"], "industrial"], "Is.Glacier": ["==", ["get", "kind"], "glacier"], "Is.Desert": ["==", ["get", "kind"], "desert"], "Is.WaterPark": ["any", ["==", ["get", "kind"], "water_park"], ["==", ["get", "kind"], "water_national_park"]], "Is.Railyard": ["==", ["get", "kind"], "railway"], "Is.GolfCourse": ["==", ["get", "kind"], "golf_course"], "Is.NativeReservation": ["==", ["get", "kind"], "reservation"], "Is.MilitaryBase": ["==", ["get", "kind"], "military"], "Is.Allotment": ["==", ["get", "kind"], "allotments"], "Is.SportsComplex": ["==", ["get", "kind"], "sports_centre"], "Is.ShoppingComplex": ["==", ["get", "kind"], "commercial"], "Is.Beach": ["==", ["get", "kind"], "beach"], "Is.UniversityCampus": ["==", ["get", "kind"], "university"], "Is.ParkingArea": ["==", ["get", "kind"], "parking"], "Is.Runway": ["==", ["get", "kind"], "runway"], "Is.BuiltupArea": ["==", ["get", "kind"], "urban"], "Is.Neighborhood": ["==", ["get", "kind"], "urban_area"], "Is.LandParcel": ["==", ["get", "kind"], "parcel"]}}