{"definitions": {"Is.Street.Pedestrian": ["==", ["get", "$tilezen-street-category"], "pedestrian"], "Is.Street.Walkway": ["==", ["get", "$tilezen-street-category"], "walkway"], "Is.Street.Category0": ["==", ["get", "$tilezen-street-category"], "streetCategory0"], "Is.Street.Category1": ["==", ["get", "$tilezen-street-category"], "streetCategory1"], "Is.Street.Category2": ["==", ["get", "$tilezen-street-category"], "streetCategory2"], "Is.Street.Category3": ["==", ["get", "$tilezen-street-category"], "streetCategory3"], "Is.Street.Category4": ["==", ["get", "$tilezen-street-category"], "streetCategory4"], "StorageLevelCheck": ["<", ["get", "$storage-level"], 14], "Is.Not.RoadZLevel": ["!has", "z_level"]}}