{"definitions": {"Alpha.Blend.Type": "none", "Is.Roads.Layer": ["==", ["get", "$layer"], "roads"], "Is.Ferry": ["all", ["==", ["get", "$layer"], "roads"], ["==", ["get", "kind"], "ferry"]], "Is.Rail.Layer": ["all", ["==", ["get", "$layer"], "roads"], ["any", ["==", ["get", "kind"], "rail"], ["==", ["get", "kind"], "aerialway"]]], "Is.Rail": ["==", ["get", "kind_detail"], "rail"], "Is.RailLabel": ["ref", "Is.Rail.Layer"], "Is.RailFerry": false, "Is.Chairlift": ["==", ["get", "kind_detail"], "chair_lift"], "Is.Ski.Downhill": ["all", ["==", ["get", "$layer"], "roads"], ["==", ["get", "kind"], "piste"], ["==", ["get", "kind_detail"], "downhill"]], "Is.Ramp": ["get", "is_link"], "Is.Unpaved": ["==", ["get", "surface"], "unpaved"], "Is.RestrictedAccess": ["all", ["ref", "Is.Street.Category4"], ["any", ["!", ["get", "public_access"]], ["get", "delivery_road"], ["get", "private"]]], "Is.Tunnel": ["get", "is_tunnel"], "Is.UnderConstruction": ["get", "under_construction"], "Is.Bridge": ["get", "is_bridge"], "Is.Toll": ["get", "toll"], "Is.TruckToll": ["get", "toll_hgv"], "Toll.Class": "Car", "Is.Toll.Enabled": ["match", ["ref", "Toll.Class"], "Car", ["ref", "Is.Toll"], "Truck", ["ref", "Is.TruckToll"], ["ref", "Is.Toll"]], "Is.OneWay": ["get", "oneway"], "Is.ParkingLot": ["all", ["==", ["get", "kind_detail"], "service"], ["==", ["get", "service"], "parking_aisle"]], "Is.Japan.HasPolygonalRoads": ["get", "is_present_in_landuse"], "Is.HasPolygonalRoads": false, "Is.TruckPreferred": ["get", "all_tpr"]}}