{"definitions": {"Is.Places.Layer": ["==", ["get", "$layer"], "places"], "Is.Country.Capital": ["get", "country_capital"], "Is.State.Capital": ["get", "region_capital"], "Is.County.Capital": ["get", "county_capital"], "Is.City": ["all", ["any", ["==", ["ref", "Get.Kind"], "locality"], ["==", ["ref", "Get.Kind"], "borough"], ["==", ["ref", "Get.Kind"], "neighbourhood"]], ["!has", "country_capital"], ["!has", "region_capital"]], "Is.Supercity": ["get", "supercity"], "Is.Country": ["==", ["ref", "Get.Kind"], "country"], "Is.SmallCountry": ["ref", "Is.Country"], "Is.SuperSmallCountry": ["ref", "Is.Country"], "Is.State": ["all", ["==", ["ref", "Get.Kind"], "region"], ["==", ["get", "kind_detail"], "state"]], "Is.CityCenter": ["==", ["ref", "Get.Kind"], "locality"], "Is.CityCenter.Category1": ["all", ["==", ["ref", "Get.Kind"], "locality"], [">=", ["get", "population"], 10000000]], "Is.CityCenter.Category2": ["all", ["==", ["ref", "Get.Kind"], "locality"], [">=", ["get", "population"], 5000000], ["<", ["get", "population"], 10000000]], "Is.CityCenter.Category3": ["all", ["==", ["ref", "Get.Kind"], "locality"], [">=", ["get", "population"], 1000000], ["<", ["get", "population"], 5000000]], "Is.CityCenter.Category4": ["all", ["==", ["ref", "Get.Kind"], "locality"], [">=", ["get", "population"], 500000], ["<", ["get", "population"], 1000000]], "Is.CityCenter.Category5": ["all", ["==", ["ref", "Get.Kind"], "locality"], [">=", ["get", "population"], 200000], ["<", ["get", "population"], 500000]], "Is.CityCenter.Category6": ["all", ["==", ["ref", "Get.Kind"], "locality"], [">=", ["get", "population"], 100000], ["<", ["get", "population"], 200000]], "Is.CityCenter.Category7": ["all", ["==", ["ref", "Get.Kind"], "locality"], [">=", ["get", "population"], 50000], ["<", ["get", "population"], 100000]], "Is.CityCenter.Category8": ["all", ["==", ["ref", "Get.Kind"], "locality"], [">=", ["get", "population"], 20000], ["<", ["get", "population"], 50000]], "Is.CityCenter.Category9": ["all", ["==", ["ref", "Get.Kind"], "locality"], [">=", ["get", "population"], 10000], ["<", ["get", "population"], 20000]], "Is.CityCenter.Category10": ["all", ["==", ["ref", "Get.Kind"], "locality"], [">=", ["get", "population"], 5000], ["<", ["get", "population"], 10000]], "Is.CityCenter.Category11": ["all", ["==", ["ref", "Get.Kind"], "locality"], [">=", ["get", "population"], 2000], ["<", ["get", "population"], 5000]], "Is.CityCenter.Category12": ["all", ["==", ["ref", "Get.Kind"], "locality"], [">=", ["get", "population"], 1000], ["<", ["get", "population"], 2000]], "Is.CityCenter.Category13": ["all", ["==", ["ref", "Get.Kind"], "locality"], [">=", ["get", "population"], 200], ["<", ["get", "population"], 1000]], "Is.CityCenter.Category14": ["all", ["==", ["ref", "Get.Kind"], "locality"], ["<", ["get", "population"], 200]], "Is.CityCenter.Category15": ["any", ["all", ["==", ["ref", "Get.Kind"], "locality"], ["any", ["==", ["get", "population"], 0], ["!has", "population"]]], ["==", ["ref", "Get.Kind"], "borough"]], "Is.CityCenter.Class1": ["all", ["==", ["ref", "Get.Kind"], "locality"], [">=", ["get", "population"], 1000000]], "Is.CityCenter.Class2": ["all", ["==", ["ref", "Get.Kind"], "locality"], [">=", ["get", "population"], 200000], ["<", ["get", "population"], 1000000]], "Is.CityCenter.Class3": ["all", ["==", ["ref", "Get.Kind"], "locality"], [">=", ["get", "population"], 100000], ["<", ["get", "population"], 200000]], "Is.CityCenter.Class4": ["all", ["==", ["ref", "Get.Kind"], "locality"], [">=", ["get", "population"], 50000], ["<", ["get", "population"], 100000]], "Is.CityCenter.Class5": ["all", ["==", ["ref", "Get.Kind"], "locality"], [">=", ["get", "population"], 20000], ["<", ["get", "population"], 50000]], "Is.CityCenter.Class6": ["all", ["==", ["ref", "Get.Kind"], "locality"], [">=", ["get", "population"], 5000], ["<", ["get", "population"], 20000]], "Is.CityCenter.Class7": ["any", ["all", ["==", ["ref", "Get.Kind"], "locality"], ["!=", ["get", "kind_detail"], "hamlet"], ["any", ["<", ["get", "population"], 5000], ["!has", "population"]]], ["all", ["==", ["ref", "Get.Kind"], "borough"], ["==", ["get", "source"], "nav_info"]], ["all", ["==", ["ref", "Get.Kind"], "borough"], ["!has", "source"], ["<", ["get", "population_rank"], 5]], ["all", ["==", ["ref", "Get.Kind"], "borough"], ["==", ["get", "source"], "ipc"]]], "Is.CityCenter.Hamlet": ["any", ["==", ["get", "kind_detail"], "hamlet"], ["all", ["==", ["ref", "Get.Kind"], "borough"], ["!has", "source"], ["==", ["get", "population_rank"], 0]]], "Is.CityCenter.Neighborhood": ["==", ["ref", "Get.Kind"], "neighbourhood"], "Is.CityCenter.China.Neighborhood": ["all", ["==", ["ref", "Get.Kind"], "neighbourhood"], ["==", ["get", "source"], "nav_info"]], "Should.Hide.City": ["!has", "$localized-kind"]}}