{"definitions": {"Is.POI.Layer": ["all", ["==", ["get", "$layer"], "pois"], ["any", [">", ["get", "quality_score"], 3], ["==", ["get", "quality_score"], 0], ["none", ["get", "quality_score"]]]], "Is.POI.Ramp.Entry": ["get", "is_entry"], "Is.POI.Ramp.Exit": ["get", "is_exit"], "Is.POI.Bridge": ["==", ["get", "kind_detail"], "bridge"], "Is.POI.Tunnel": ["==", ["get", "kind_detail"], "tunnel"], "Is.POI.RoadFacility": ["==", ["ref", "POI.Icon.Lookup.Group"], "Japan Road Facility"], "Is.POI.TrafficLight": ["get", "has_traffic_lights"], "Is.POI.NationalImportance": ["get", "has_national_importance"], "Is.POI.MountainPeak": ["==", ["get", "pds_category"], "350-3510-0238"], "MountainPeak.Has.Elevation": ["has", "elevation"], "MountainPeak.Elevation": ["get", "elevation"]}}