{"definitions": {"Is.POI.TransitStop.Multimodal": ["get", "is_multimodal"], "Is.POI.TransitStop.HighSpeed": ["get", "is_high_speed"], "Is.POI.TransitStop.Intercity": ["get", "is_intercity"], "Is.POI.TransitStop.Regional": ["get", "is_regional"], "Is.POI.TransitStop.AirportTerminal": ["get", "is_airport_terminal"], "Is.POI.TransitStop.Touristic": ["get", "is_touristic"], "Is.POI.TransitStop.Train": ["get", "is_train"], "Is.POI.TransitStop.Suburban": ["get", "is_suburban"], "Is.POI.TransitStop.Subway": ["get", "is_subway"], "Is.POI.TransitStop.Monorail": ["get", "is_monorail"], "Is.POI.TransitStop.Tram": ["get", "is_tram"], "Is.POI.TransitStop.TramTouristic": ["get", "is_tram_touristic"], "Is.POI.TransitStop.Aerial": ["get", "is_aerial"], "Is.POI.TransitStop.Funicular": ["get", "is_funicular"], "Is.POI.TransitStop.Ferry": ["get", "is_ferry"], "Is.POI.TransitStop.WaterTransit": ["get", "is_water_transit"], "Is.POI.TransitStop.Bus": ["get", "is_bus"], "Is.POI.TransitStop.BusStation": ["get", "is_bus_station"], "Is.POI.TransitStop.Trolleybus": ["get", "is_trolleybus"], "Is.POI.TransitStopType.Station": ["==", ["get", "stop_type"], "station"], "Is.POI.TransitStopType.Stop": ["==", ["get", "stop_type"], "stop"], "Is.POI.TransitStopType.Platform": ["==", ["get", "stop_type"], "platform"], "Is.POI.TransitStopType.BoardingArea": ["==", ["get", "stop_type"], "boarding_area"], "Is.POI.TransitAccess": ["==", ["get", "stop_type"], "entrance_exit"], "Is.POI.TransitStopType.Any": ["has", "stop_type"]}}