{"definitions": {"Is.PublicTransit.Layer": ["==", ["get", "$layer"], "transit"], "Transit.Line.Offset": ["case", ["has", "logical_offset"], ["get", "logical_offset"], 0], "Transit.Line.Color": ["case", ["has", "colour"], ["get", "colour"], "#00000000"], "Is.Transit.Train": ["all", ["==", ["get", "kind"], "train"], ["!has", "kind_detail"]], "Is.Transit.Touristic": ["all", ["==", ["get", "kind"], "train"], ["==", ["get", "kind_detail"], "touristic"]], "Is.Transit.HighSpeed": ["all", ["==", ["get", "kind"], "train"], ["==", ["get", "kind_detail"], "high_speed"]], "Is.Transit.Intercity": ["all", ["==", ["get", "kind"], "train"], ["==", ["get", "kind_detail"], "intercity"]], "Is.Transit.AirportTerminal": ["all", ["==", ["get", "kind"], "train"], ["==", ["get", "kind_detail"], "airport_terminal"]], "Is.Transit.Regional": ["all", ["==", ["get", "kind"], "train"], ["==", ["get", "kind_detail"], "regional"]], "Is.Transit.Suburban": ["all", ["==", ["get", "kind"], "light_rail"], ["==", ["get", "kind_detail"], "suburban"]], "Is.Transit.Tram": ["all", ["==", ["get", "kind"], "light_rail"], ["==", ["get", "kind_detail"], "tram"]], "Is.Transit.Tram.Touristic": ["all", ["==", ["get", "kind"], "light_rail"], ["==", ["get", "kind_detail"], "tram_touristic"]], "Is.Transit.Subway": ["==", ["get", "kind"], "subway"], "Is.Transit.Monorail": ["==", ["get", "kind"], "monorail"], "Is.Transit.Aerial": ["==", ["get", "kind"], "aerial"], "Is.Transit.Funicular": ["==", ["get", "kind"], "funicular"], "Is.Transit.Ferry": ["==", ["get", "kind"], "ferry"], "Is.Transit.Air": ["==", ["get", "kind"], "air"], "Is.Transit.Bus": ["==", ["get", "kind"], "bus"], "Is.Transit.Trolleybus": ["==", ["get", "kind"], "trolleybus"], "Is.Transit.Coach": ["==", ["get", "kind"], "coach"], "Is.Transit.HasLineColor": ["has", "colour"], "Is.Transit.Line.MergeCriteria.TypeColor": ["has", "logical_offset"], "Is.Transit.Line.MergeCriteria.Type": ["any", ["all", ["!has", "logical_offset"], ["ref", "Is.PublicTransit.Layer"]], ["all", ["==", ["get", "logical_offset"], 0], ["==", ["get", "num_lines"], 1], ["ref", "Is.PublicTransit.Layer"]]]}}