{"definitions": {"Is.CanalWaterChannel": ["==", ["get", "kind"], "canal"], "Is.CanalWaterChannel.Class1": ["all", ["==", ["get", "kind"], "canal"], ["==", ["get", "display_class"], 1]], "Is.CanalWaterChannel.Class2": ["all", ["==", ["get", "kind"], "canal"], ["==", ["get", "display_class"], 2]], "Is.CanalWaterChannel.Class3": ["all", ["==", ["get", "kind"], "canal"], ["==", ["get", "display_class"], 3]], "Is.CanalWaterChannel.Class4": ["all", ["==", ["get", "kind"], "canal"], ["==", ["get", "display_class"], 4]], "Is.CanalWaterChannel.Class5": ["all", ["==", ["get", "kind"], "canal"], ["==", ["get", "display_class"], 5]], "Is.CanalWaterChannel.Class6": ["all", ["==", ["get", "kind"], "canal"], ["==", ["get", "display_class"], 6]], "Is.CanalWaterChannel.Class7": ["all", ["==", ["get", "kind"], "canal"], ["==", ["get", "display_class"], 7]], "Is.CanalWaterChannel.Class8": ["all", ["==", ["get", "kind"], "canal"], ["==", ["get", "display_class"], 8]], "Is.River": ["==", ["get", "kind"], "river"], "Is.River.Class1": ["all", ["==", ["get", "kind"], "river"], ["==", ["get", "display_class"], 1]], "Is.River.Class2": ["all", ["==", ["get", "kind"], "river"], ["==", ["get", "display_class"], 2]], "Is.River.Class3": ["all", ["==", ["get", "kind"], "river"], ["==", ["get", "display_class"], 3]], "Is.River.Class4": ["all", ["==", ["get", "kind"], "river"], ["==", ["get", "display_class"], 4]], "Is.River.Class5": ["all", ["==", ["get", "kind"], "river"], ["==", ["get", "display_class"], 5]], "Is.River.Class6": ["all", ["==", ["get", "kind"], "river"], ["==", ["get", "display_class"], 6]], "Is.River.Class7": ["all", ["==", ["get", "kind"], "river"], ["==", ["get", "display_class"], 7]], "Is.River.Class8": ["all", ["==", ["get", "kind"], "river"], ["==", ["get", "display_class"], 8]], "Is.IntermittentRiver": ["get", "intermittent"], "Is.IntermittentRiver.Class1": ["all", ["get", "intermittent"], ["==", ["get", "display_class"], 1]], "Is.IntermittentRiver.Class2": ["all", ["get", "intermittent"], ["==", ["get", "display_class"], 2]], "Is.IntermittentRiver.Class3": ["all", ["get", "intermittent"], ["==", ["get", "display_class"], 3]], "Is.IntermittentRiver.Class4": ["all", ["get", "intermittent"], ["==", ["get", "display_class"], 4]], "Is.IntermittentRiver.Class5": ["all", ["get", "intermittent"], ["==", ["get", "display_class"], 5]], "Is.IntermittentRiver.Class6": ["all", ["get", "intermittent"], ["==", ["get", "display_class"], 6]], "Is.IntermittentRiver.Class7": ["all", ["get", "intermittent"], ["==", ["get", "display_class"], 7]], "Is.IntermittentRiver.Class8": ["all", ["get", "intermittent"], ["==", ["get", "display_class"], 8]], "Is.BayHarbor": ["==", ["get", "kind"], "bay"], "Is.BayHarbor.Class1": ["all", ["==", ["get", "kind"], "bay"], ["==", ["get", "display_class"], 1]], "Is.BayHarbor.Class2": ["all", ["==", ["get", "kind"], "bay"], ["==", ["get", "display_class"], 2]], "Is.BayHarbor.Class3": ["all", ["==", ["get", "kind"], "bay"], ["==", ["get", "display_class"], 3]], "Is.BayHarbor.Class4": ["all", ["==", ["get", "kind"], "bay"], ["==", ["get", "display_class"], 4]], "Is.BayHarbor.Class5": ["all", ["==", ["get", "kind"], "bay"], ["==", ["get", "display_class"], 5]], "Is.BayHarbor.Class6": ["all", ["==", ["get", "kind"], "bay"], ["==", ["get", "display_class"], 6]], "Is.BayHarbor.Class7": ["all", ["==", ["get", "kind"], "bay"], ["==", ["get", "display_class"], 7]], "Is.BayHarbor.Class8": ["all", ["==", ["get", "kind"], "bay"], ["==", ["get", "display_class"], 8]], "Is.Lake": ["==", ["get", "kind"], "lake"], "Is.Lake.Class1": ["all", ["==", ["get", "kind"], "lake"], ["==", ["get", "display_class"], 1]], "Is.Lake.Class2": ["all", ["==", ["get", "kind"], "lake"], ["==", ["get", "display_class"], 2]], "Is.Lake.Class3": ["all", ["==", ["get", "kind"], "lake"], ["==", ["get", "display_class"], 3]], "Is.Lake.Class4": ["all", ["==", ["get", "kind"], "lake"], ["==", ["get", "display_class"], 4]], "Is.Lake.Class5": ["all", ["==", ["get", "kind"], "lake"], ["==", ["get", "display_class"], 5]], "Is.Lake.Class6": ["all", ["==", ["get", "kind"], "lake"], ["==", ["get", "display_class"], 6]], "Is.Lake.Class7": ["all", ["==", ["get", "kind"], "lake"], ["==", ["get", "display_class"], 7]], "Is.Lake.Class8": ["all", ["==", ["get", "kind"], "lake"], ["==", ["get", "display_class"], 8]], "Is.Ocean": ["==", ["get", "kind"], "ocean"], "Is.Sea": ["==", ["get", "kind"], "sea"], "Is.Fjord": ["==", ["get", "kind"], "fjord"], "Is.Strait": ["==", ["get", "kind"], "strait"], "Is.Water.Layer": ["==", ["get", "$layer"], "water"], "Is.Water.LineLabel": ["==", ["get", "$layer"], "water"], "Is.Water.PointLabel": ["==", ["get", "$layer"], "water"], "Is.Not.Water.Label.Line": ["!has", "is_label"], "Is.Bathymetry.4000m": ["all", ["==", ["get", "kind"], "bathymetry"], ["==", ["get", "depth"], 4000]], "Is.Bathymetry.5000m": ["all", ["==", ["get", "kind"], "bathymetry"], ["==", ["get", "depth"], 5000]], "Is.Bathymetry.6000m": ["all", ["==", ["get", "kind"], "bathymetry"], ["==", ["get", "depth"], 6000]]}}