{"vehicle restrictions": {"enabledByDefault": false, "modes": [{"name": "active & inactive", "requiredLayers": ["tilezen_truck_attributes"], "extendedDefinitions": {"Rail.Subway.Line.Color": ["ref", "TruckFeature.Japan.Rail.Line.Color"], "Rail.Private.Line.Color": ["ref", "TruckFeature.Japan.Rail.Line.Color"], "Rail.Tram.Line.Color": ["ref", "TruckFeature.Japan.Rail.Line.Color"], "Rail.Line.Color": ["case", ["==", ["get", "source"], "ipc"], ["ref", "TruckFeature.Japan.Rail.Line.Color"], ["ref", "TruckFeature.Rail.Line.Color"]], "CableCar.Line.Color": ["ref", "TruckFeature.Japan.Rail.Line.Color"], "Gondola.Line.Color": ["ref", "TruckFeature.Japan.Rail.Line.Color"], "Rail.Subway.Label.Color": ["ref", "TruckFeature.Japan.Rail.Subway.Label.Color"], "Rail.Subway.Label.Outline.Color": ["ref", "TruckFeature.Japan.Rail.Subway.Label.Outline.Color"]}}, {"name": "permanent only", "requiredLayers": ["tilezen_truck_attributes"], "extendedDefinitions": {"Rail.Subway.Line.Color": ["ref", "TruckFeature.Japan.Rail.Line.Color"], "Rail.Private.Line.Color": ["ref", "TruckFeature.Japan.Rail.Line.Color"], "Rail.Tram.Line.Color": ["ref", "TruckFeature.Japan.Rail.Line.Color"], "Rail.Line.Color": ["case", ["==", ["get", "source"], "ipc"], ["ref", "TruckFeature.Japan.Rail.Line.Color"], ["ref", "TruckFeature.Rail.Line.Color"]], "CableCar.Line.Color": ["ref", "TruckFeature.Japan.Rail.Line.Color"], "Gondola.Line.Color": ["ref", "TruckFeature.Japan.Rail.Line.Color"], "Rail.Subway.Label.Color": ["ref", "TruckFeature.Japan.Rail.Subway.Label.Color"], "Rail.Subway.Label.Outline.Color": ["ref", "TruckFeature.Japan.Rail.Subway.Label.Outline.Color"], "Show.TruckFeature.Restriction.PermanentOnly": true}}], "disabledMode": {"disabledLayers": ["tilezen_truck_attributes"], "disabledStyleRules": ["truck_attributes_lines", "truck_attributes_outlines", "truck_attributes_labels", "truck_attributes_point_labels"]}}, "public transit": {"enabledByDefault": true, "modes": [{"name": "asia selected systems", "disabledStyleRules": ["public_transit_lines", "public_transit_outlines", "public_transit_labels", "japan_public_transit_lines", "japan_public_transit_outlines", "japan_public_transit_second_outlines", "japan_public_transit_labels"], "extendedDefinitions": {"Rail.Subway.Line.Width": ["ref", "PTFeature.Japan.Rail.Subway.Line.Width"], "Rail.Subway.Outline.Width": ["ref", "PTFeature.Japan.Rail.Subway.Outline.Width"], "Rail.Subway.Label.Size": ["ref", "PTFeature.Japan.Rail.Subway.Label.Size"], "Rail.Speed.Line.Width": ["ref", "PTFeature.Japan.Rail.Speed.Line.Width"], "Rail.Speed.Outline.Width": ["ref", "PTFeature.Japan.Rail.Speed.Outline.Width"], "Rail.Speed.Label.Size": ["ref", "PTFeature.Japan.Rail.Speed.Label.Size"], "POI.TransitStop.Label.Category": ["case", ["==", ["get", "source"], "ipc"], "poi-transit-stop-labels", "poi-labels"]}}, {"name": "all systems", "disabledStyleRules": ["public_transit_asia_selected_systems_lines", "public_transit_asia_selected_systems_outlines", "public_transit_asia_selected_systems_second_outlines", "public_transit_asia_selected_systems_labels"], "extendedDefinitions": {"Rail.Subway.Line.Width": ["ref", "PTFeature.Japan.Rail.Line.Width"], "Rail.Subway.Outline.Width": ["ref", "PTFeature.Japan.Rail.Outline.Width"], "Rail.Subway.Label.Size": ["ref", "PTFeature.Japan.Rail.Label.Size"], "Rail.Speed.Line.Width": ["ref", "PTFeature.Japan.Rail.Line.Width"], "Rail.Speed.Outline.Width": ["ref", "PTFeature.Japan.Rail.Outline.Width"], "Rail.Speed.Label.Size": ["ref", "PTFeature.Japan.Rail.Label.Size"], "Rail.State.Line.Width": ["ref", "PTFeature.Japan.Rail.Line.Width"], "Rail.State.Outline.Width": ["ref", "PTFeature.Japan.Rail.Outline.Width"], "Rail.State.Label.Size": ["ref", "PTFeature.Japan.Rail.Label.Size"], "Rail.Private.Line.Width": ["ref", "PTFeature.Japan.Rail.Line.Width"], "Rail.Private.Outline.Width": ["ref", "PTFeature.Japan.Rail.Outline.Width"], "Rail.Private.Label.Size": ["ref", "PTFeature.Japan.Rail.Label.Size"], "Rail.Tram.Line.Width": ["ref", "PTFeature.Japan.Rail.Line.Width"], "Rail.Tram.Outline.Width": ["ref", "PTFeature.Japan.Rail.Outline.Width"], "Rail.Tram.Line.Color": ["ref", "PTFeature.Japan.Rail.Line.Color"], "Rail.Tram.Label.Size": ["ref", "PTFeature.Japan.Rail.Label.Size"], "Gondola.Line.Width": ["ref", "PTFeature.Japan.Rail.Line.Width"], "Gondola.Outline.Width": ["ref", "PTFeature.Japan.Rail.Outline.Width"], "Gondola.Line.Color": ["ref", "PTFeature.Japan.Rail.Line.Color"], "CableCar.Line.Width": ["ref", "PTFeature.Japan.Rail.Line.Width"], "CableCar.Outline.Width": ["ref", "PTFeature.Japan.Rail.Outline.Width"], "CableCar.Line.Color": ["ref", "PTFeature.Japan.Rail.Line.Color"], "Rail.Line.Color": ["case", ["==", ["get", "source"], "ipc"], ["ref", "PTFeature.Japan.Rail.Line.Color"], ["ref", "PTFeature.Rail.Line.Color"]], "Ferry.Label.Size": ["case", ["==", ["get", "source"], "ipc"], ["ref", "PTFeature.Japan.Ferry.Label.Size"], 0], "POI.TransitStop.Label.Category": "poi-transit-stop-labels", "POI.TransitStop.Label.Outline.Color": ["ref", "PTFeature.POI.TransitStop.Label.Outline.Color"], "POI.TransitStop.Label.Color": ["ref", "PTFeature.POI.TransitStop.Label.Color"], "RoadShield.MinZoomLevel": ["case", ["ref", "Is.Street.Category0"], 14, ["ref", "Is.Street.Category1"], 15, ["ref", "Is.Street.Category2"], 16, ["ref", "Is.Street.Category3"], 17, ["ref", "Is.Street.Category4"], 18, ["ref", "Is.Street.Pedestrian"], 19, ["ref", "Is.Street.Walkway"], 19, null], "Street.Category0.Label.Size": ["ref", "PTFeature.Street.Category0.Label.Size"], "Street.Category1.Label.Size": ["ref", "PTFeature.Street.Category1.Label.Size"], "Street.Category2.Label.Size": ["ref", "PTFeature.Street.Category2.Label.Size"], "Street.Category3.Label.Size": ["ref", "PTFeature.Street.Category3.Label.Size"], "Street.Category4.Label.Size": ["ref", "PTFeature.Street.Category4.Label.Size"], "Street.Walkway.Label.Size": ["ref", "PTFeature.Street.Walkway.Label.Size"], "Street.Pedestrian.Label.Size": ["ref", "PTFeature.Street.Pedestrian.Label.Size"], "Street.Category0.Label.Ramp.Size": ["ref", "PTFeature.Street.Category0.Label.Ramp.Size"], "Street.Category1.Label.Ramp.Size": ["ref", "PTFeature.Street.Category1.Label.Ramp.Size"], "Street.Category2.Label.Ramp.Size": ["ref", "PTFeature.Street.Category2.Label.Ramp.Size"], "Street.Category3.Label.Ramp.Size": ["ref", "PTFeature.Street.Category3.Label.Ramp.Size"], "Street.Category4.Label.Ramp.Size": ["ref", "PTFeature.Street.Category4.Label.Ramp.Size"], "Street.Category0.Label.Outline.Color": ["ref", "PTFeature.Street.Category0.Label.Outline.Color"], "Street.Category1.Label.Outline.Color": ["ref", "PTFeature.Street.Category1.Label.Outline.Color"], "Street.Category2.Label.Outline.Color": ["ref", "PTFeature.Street.Category2.Label.Outline.Color"], "Street.Category3.Label.Outline.Color": ["ref", "PTFeature.Street.Category3.Label.Outline.Color"], "Street.Category4.Label.Outline.Color": ["ref", "PTFeature.Street.Category4.Label.Outline.Color"], "Street.Category0.Label.Toll.Outline.Color": ["ref", "PTFeature.Street.Category0.Label.Toll.Outline.Color"], "Street.Category1.Label.Toll.Outline.Color": ["ref", "PTFeature.Street.Category1.Label.Toll.Outline.Color"], "Street.Category2.Label.Toll.Outline.Color": ["ref", "PTFeature.Street.Category2.Label.Toll.Outline.Color"], "Street.Category3.Label.Toll.Outline.Color": ["ref", "PTFeature.Street.Category3.Label.Toll.Outline.Color"], "Street.Category4.Label.Toll.Outline.Color": ["ref", "PTFeature.Street.Category4.Label.Toll.Outline.Color"]}}], "disabledMode": {"disabledStyleRules": ["public_transit_lines", "public_transit_outlines", "public_transit_labels", "japan_public_transit_lines", "japan_public_transit_outlines", "japan_public_transit_second_outlines", "japan_public_transit_labels", "public_transit_asia_selected_systems_lines", "public_transit_asia_selected_systems_outlines", "public_transit_asia_selected_systems_labels"]}}}