[{"layer": "shadow-depth-mask", "category": "begin"}, {"layer": "tilezen_volumes", "category": "offscreen-depth"}, {"layer": "shadow-depth-mask", "category": "end"}, {"layer": "background"}, {"layer": "spacebackground"}, {"layer": "geohalo"}, {"layer": "northpole"}, {"layer": "southpole"}, {"layer": "rasterterrain"}, {"layer": "custom_raster_layer_insertion_point"}, {"layer": "tilezen_polygons"}, {"layer": "tilezen_polygons", "category": "landuse"}, {"layer": "tilezen_polygons", "category": "desert"}, {"layer": "tilezen_polygons", "category": "urban_area"}, {"layer": "tilezen_polygons", "category": "block"}, {"layer": "tilezen_polygons", "category": "forest"}, {"layer": "tilezen_polygons", "category": "glacier"}, {"layer": "tilezen_polygons", "category": "reservation"}, {"layer": "tilezen_polygons", "category": "national_park"}, {"layer": "tilezen_polygons", "category": "military"}, {"layer": "tilezen_polygons", "category": "urban"}, {"layer": "tilezen_polygons", "category": "flood_prone_area"}, {"layer": "tilezen_polygons", "category": "industrial"}, {"layer": "tilezen_polygons", "category": "service_area"}, {"layer": "tilezen_polygons", "category": "school"}, {"layer": "tilezen_polygons", "category": "university"}, {"layer": "tilezen_polygons", "category": "attraction"}, {"layer": "tilezen_polygons", "category": "accomodation_facility"}, {"layer": "tilezen_polygons", "category": "wetland"}, {"layer": "tilezen_polygons", "category": "imperial_facility"}, {"layer": "tilezen_polygons", "category": "outdoor_facility"}, {"layer": "tilezen_polygons", "category": "institutional_office"}, {"layer": "tilezen_polygons", "category": "park"}, {"layer": "tilezen_polygons", "category": "allotments"}, {"layer": "tilezen_polygons", "category": "beach"}, {"layer": "tilezen_polygons", "category": "airfield"}, {"layer": "tilezen_polygons", "category": "runway"}, {"layer": "tilezen_polygons_outlines", "category": "runway-outline"}, {"layer": "tilezen_polygons", "category": "railyard"}, {"layer": "tilezen_polygons", "category": "transportation"}, {"layer": "tilezen_polygons", "category": "harbor"}, {"layer": "tilezen_polygons", "category": "worship_place"}, {"layer": "tilezen_polygons", "category": "commercial"}, {"layer": "tilezen_polygons", "category": "retail"}, {"layer": "tilezen_polygons", "category": "zoo"}, {"layer": "tilezen_polygons", "category": "theme_park"}, {"layer": "tilezen_polygons", "category": "hospital"}, {"layer": "tilezen_polygons", "category": "golf_course"}, {"layer": "tilezen_polygons", "category": "sports_centre"}, {"layer": "tilezen_polygons", "category": "skiing-grounds"}, {"layer": "tilezen_polygons", "category": "cemetery"}, {"layer": "tilezen_polygons", "category": "grass"}, {"layer": "tilezen_polygons", "category": "paved_area"}, {"layer": "tilezen_polygons", "category": "parking"}, {"layer": "tilezen_polygons", "category": "pedestrian"}, {"layer": "tilezen_polygons_outlines", "category": "reservation-second-outline"}, {"layer": "tilezen_polygons_outlines", "category": "reservation-outline"}, {"layer": "tilezen_polygons_outlines", "category": "national_park-second-outline"}, {"layer": "tilezen_polygons_outlines", "category": "national_park-outline"}, {"layer": "tilezen_polygons_outlines", "category": "military-second-outline"}, {"layer": "tilezen_polygons_outlines", "category": "military-outline"}, {"layer": "tilezen_polygons", "category": "sand"}, {"layer": "tilezen_lines", "category": "water-outline"}, {"layer": "tilezen_polygons", "category": "water"}, {"layer": "tilezen_polygons_outlines", "category": "water-polygon-second-outline"}, {"layer": "tilezen_polygons_outlines", "category": "water-polygon-outline"}, {"layer": "tilezen_polygons", "category": "water-4000"}, {"layer": "tilezen_polygons", "category": "water-5000"}, {"layer": "tilezen_polygons", "category": "water-6000"}, {"layer": "tilezen_lines"}, {"layer": "tilezen_lines", "category": "water-line"}, {"layer": "tilezen_lines", "category": "landuse_breakwater_lines"}, {"layer": "tilezen_polygons", "category": "dam"}, {"layer": "tilezen_polygons", "category": "water_park"}, {"layer": "tilezen_lines", "category": "landparcel-boundary"}, {"layer": "tilezen_polygons_outlines", "category": "water_park-second-outline"}, {"layer": "tilezen_polygons_outlines", "category": "water_park-outline"}, {"layer": "tilezen_polygons", "category": "environmental_zone"}, {"layer": "tilezen_polygons", "category": "congestion_zone"}, {"layer": "tilezen_polygons", "category": "low_speed_zone"}, {"feature": "ev range", "layer": "ev-range", "category": "fill"}, {"feature": "ev range", "layer": "ev-range2", "category": "fill"}, {"feature": "ev range", "layer": "ev-range", "category": "inner"}, {"feature": "ev range", "layer": "ev-range2", "category": "inner"}, {"feature": "ev range", "layer": "ev-range"}, {"feature": "ev range", "layer": "ev-range2"}, {"layer": "offscreen-translucent-geometry", "category": "begin-2"}, {"layer": "tilezen_lines", "category": "truck-preferred-road-outline"}, {"layer": "offscreen-translucent-geometry", "category": "end-2"}, {"layer": "translucent-geometry-quad-2"}, {"layer": "offscreen-translucent-geometry", "category": "begin"}, {"layer": "tilezen_lines", "category": "bridge-outline-walkway-extra--1"}, {"layer": "tilezen_lines", "category": "bridge-baseline-walkway--1"}, {"layer": "tilezen_lines", "category": "unpaved-outline-walkway--1"}, {"layer": "tilezen_lines", "category": "walkway-outline--1"}, {"layer": "tilezen_lines", "category": "bridge-outline-pedestrian-extra--1"}, {"layer": "tilezen_lines", "category": "bridge-baseline-pedestrian--1"}, {"layer": "tilezen_lines", "category": "unpaved-outline-pedestrian--1"}, {"layer": "tilezen_lines", "category": "pedestrian-outline--1"}, {"layer": "tilezen_lines", "category": "bridge-outline-4-extra--1"}, {"layer": "tilezen_lines", "category": "unpaved-outline-4-parkinglot--1"}, {"layer": "tilezen_lines", "category": "road-outline-4-parkinglot--1"}, {"layer": "tilezen_lines", "category": "unpaved-outline-4-restrictedaccess--1"}, {"layer": "tilezen_lines", "category": "road-outline-4-restrictedaccess--1"}, {"layer": "tilezen_lines", "category": "unpaved-outline-4--1"}, {"layer": "tilezen_lines", "category": "road-outline-4--1"}, {"layer": "tilezen_lines", "category": "ramp-outline-4--1"}, {"layer": "tilezen_lines", "category": "ramp-outline-3--1"}, {"layer": "tilezen_lines", "category": "ramp-outline-2--1"}, {"layer": "tilezen_lines", "category": "ramp-outline-1--1"}, {"layer": "tilezen_lines", "category": "ramp-outline-0--1"}, {"layer": "tilezen_lines", "category": "bridge-outline-3-extra--1"}, {"layer": "tilezen_lines", "category": "unpaved-outline-3--1"}, {"layer": "tilezen_lines", "category": "road-outline-3--1"}, {"layer": "tilezen_lines", "category": "bridge-outline-2-extra--1"}, {"layer": "tilezen_lines", "category": "unpaved-outline-2--1"}, {"layer": "tilezen_lines", "category": "road-outline-2--1"}, {"layer": "tilezen_lines", "category": "bridge-outline-1-extra--1"}, {"layer": "tilezen_lines", "category": "unpaved-outline-1--1"}, {"layer": "tilezen_lines", "category": "road-outline-1--1"}, {"layer": "tilezen_lines", "category": "unpaved-walkway--1"}, {"layer": "tilezen_lines", "category": "walkway--1"}, {"layer": "tilezen_lines", "category": "unpaved-pedestrian--1"}, {"layer": "tilezen_lines", "category": "pedestrian--1"}, {"layer": "tilezen_lines", "category": "bridge-outline-0-extra--1"}, {"layer": "tilezen_lines", "category": "unpaved-outline-0--1"}, {"layer": "tilezen_lines", "category": "road-outline-0--1"}, {"layer": "tilezen_lines", "category": "unpaved-4-parkinglot--1"}, {"layer": "tilezen_lines", "category": "road-4-parkinglot--1"}, {"layer": "tilezen_lines", "category": "unpaved-4-restrictedaccess--1"}, {"layer": "tilezen_lines", "category": "road-4-restrictedaccess--1"}, {"layer": "tilezen_lines", "category": "unpaved-4--1"}, {"layer": "tilezen_lines", "category": "road-4--1"}, {"layer": "tilezen_lines", "category": "ramp-4--1"}, {"layer": "tilezen_lines", "category": "ramp-3--1"}, {"layer": "tilezen_lines", "category": "ramp-2--1"}, {"layer": "tilezen_lines", "category": "ramp-1--1"}, {"layer": "tilezen_lines", "category": "ramp-0--1"}, {"layer": "tilezen_lines", "category": "unpaved-3--1"}, {"layer": "tilezen_lines", "category": "road-3--1"}, {"layer": "tilezen_lines", "category": "unpaved-2--1"}, {"layer": "tilezen_lines", "category": "road-2--1"}, {"layer": "tilezen_lines", "category": "unpaved-1--1"}, {"layer": "tilezen_lines", "category": "road-1--1"}, {"layer": "tilezen_lines", "category": "unpaved-0--1"}, {"layer": "tilezen_lines", "category": "road-0--1"}, {"layer": "tilezen_lines", "category": "unpaved-0-center--1"}, {"layer": "tilezen_lines", "category": "road-0-center--1"}, {"layer": "tilezen_lines", "category": "tunnel-outline-walkway"}, {"layer": "tilezen_lines", "category": "tunnel-outline-pedestrian"}, {"layer": "tilezen_lines", "category": "tunnel-outline-4"}, {"layer": "tilezen_lines", "category": "tunnel-outline-3"}, {"layer": "tilezen_lines", "category": "tunnel-outline-2"}, {"layer": "tilezen_lines", "category": "tunnel-outline-1"}, {"layer": "tilezen_lines", "category": "tunnel-walkway"}, {"layer": "tilezen_lines", "category": "tunnel-pedestrian"}, {"layer": "tilezen_lines", "category": "tunnel-outline-0"}, {"layer": "tilezen_lines", "category": "tunnel-4"}, {"layer": "tilezen_lines", "category": "tunnel-3"}, {"layer": "tilezen_lines", "category": "tunnel-2"}, {"layer": "tilezen_lines", "category": "tunnel-1"}, {"layer": "tilezen_lines", "category": "tunnel-0"}, {"layer": "tilezen_lines", "category": "tunnel-0-center"}, {"layer": "tilezen_building_footprints", "category": "building-footprint"}, {"layer": "tilezen_building_footprints_outlines", "category": "building-footprint-outline"}, {"layer": "tilezen_lines", "category": "ferry"}, {"layer": "tilezen_lines", "category": "rail-outline"}, {"layer": "tilezen_lines", "category": "rail"}, {"layer": "tilezen_lines", "category": "bridge-outline-walkway-extra-0"}, {"layer": "tilezen_lines", "category": "bridge-baseline-walkway-0"}, {"layer": "tilezen_lines", "category": "unpaved-outline-walkway-0"}, {"layer": "tilezen_lines", "category": "walkway-outline-0"}, {"layer": "tilezen_lines", "category": "unpaved-outline-walkway"}, {"layer": "tilezen_lines", "category": "walkway-outline"}, {"layer": "tilezen_lines", "category": "skirun_downhill-outline"}, {"layer": "tilezen_lines", "category": "bridge-outline-pedestrian-extra-0"}, {"layer": "tilezen_lines", "category": "bridge-baseline-pedestrian-0"}, {"layer": "tilezen_lines", "category": "unpaved-outline-pedestrian-0"}, {"layer": "tilezen_lines", "category": "pedestrian-outline-0"}, {"layer": "tilezen_lines", "category": "unpaved-outline-pedestrian"}, {"layer": "tilezen_lines", "category": "pedestrian-outline"}, {"layer": "tilezen_lines", "category": "bridge-outline-4-extra-0"}, {"layer": "tilezen_lines", "category": "unpaved-outline-4-parkinglot-0"}, {"layer": "tilezen_lines", "category": "road-outline-4-parkinglot-0"}, {"layer": "tilezen_lines", "category": "unpaved-outline-4-restrictedaccess-0"}, {"layer": "tilezen_lines", "category": "road-outline-4-restrictedaccess-0"}, {"layer": "tilezen_lines", "category": "unpaved-outline-4-parkinglot"}, {"layer": "tilezen_lines", "category": "road-outline-4-parkinglot"}, {"layer": "tilezen_lines", "category": "unpaved-outline-4-restrictedaccess"}, {"layer": "tilezen_lines", "category": "road-outline-4-restrictedaccess"}, {"layer": "tilezen_lines", "category": "unpaved-outline-4-0"}, {"layer": "tilezen_lines", "category": "road-outline-4-0"}, {"layer": "tilezen_lines", "category": "ramp-outline-4-0"}, {"layer": "tilezen_lines", "category": "ramp-outline-3-0"}, {"layer": "tilezen_lines", "category": "ramp-outline-2-0"}, {"layer": "tilezen_lines", "category": "ramp-outline-1-0"}, {"layer": "tilezen_lines", "category": "ramp-outline-0-0"}, {"layer": "tilezen_lines", "category": "unpaved-outline-4"}, {"layer": "tilezen_lines", "category": "road-outline-4"}, {"layer": "tilezen_lines", "category": "ramp-outline-4"}, {"layer": "tilezen_lines", "category": "ramp-outline-3"}, {"layer": "tilezen_lines", "category": "ramp-outline-2"}, {"layer": "tilezen_lines", "category": "ramp-outline-1"}, {"layer": "tilezen_lines", "category": "ramp-outline-0"}, {"layer": "tilezen_lines", "category": "bridge-outline-3-extra-0"}, {"layer": "tilezen_lines", "category": "unpaved-outline-3-0"}, {"layer": "tilezen_lines", "category": "road-outline-3-0"}, {"layer": "tilezen_lines", "category": "unpaved-outline-3"}, {"layer": "tilezen_lines", "category": "road-outline-3"}, {"layer": "tilezen_lines", "category": "bridge-outline-2-extra-0"}, {"layer": "tilezen_lines", "category": "unpaved-outline-2-0"}, {"layer": "tilezen_lines", "category": "road-outline-2-0"}, {"layer": "tilezen_lines", "category": "unpaved-outline-2"}, {"layer": "tilezen_lines", "category": "road-outline-2"}, {"layer": "tilezen_lines", "category": "unpaved-outline-1"}, {"layer": "tilezen_lines", "category": "road-outline-1"}, {"layer": "tilezen_lines", "category": "bridge-outline-1-extra-0"}, {"layer": "tilezen_lines", "category": "unpaved-outline-1-0"}, {"layer": "tilezen_lines", "category": "road-outline-1-0"}, {"layer": "tilezen_lines", "category": "unpaved-walkway-0"}, {"layer": "tilezen_lines", "category": "walkway-0"}, {"layer": "tilezen_lines", "category": "unpaved-walkway"}, {"layer": "tilezen_lines", "category": "walkway"}, {"layer": "tilezen_lines", "category": "skirun_downhill"}, {"layer": "tilezen_lines", "category": "unpaved-pedestrian-0"}, {"layer": "tilezen_lines", "category": "pedestrian-0"}, {"layer": "tilezen_lines", "category": "unpaved-pedestrian"}, {"layer": "tilezen_lines", "category": "pedestrian"}, {"layer": "tilezen_lines", "category": "bridge-outline-0-extra-0"}, {"layer": "tilezen_lines", "category": "unpaved-outline-0-0"}, {"layer": "tilezen_lines", "category": "road-outline-0-0"}, {"layer": "tilezen_lines", "category": "unpaved-outline-0"}, {"layer": "tilezen_lines", "category": "road-outline-0"}, {"layer": "tilezen_lines", "category": "unpaved-4-parkinglot-0"}, {"layer": "tilezen_lines", "category": "road-4-parkinglot-0"}, {"layer": "tilezen_lines", "category": "unpaved-4-restrictedaccess-0"}, {"layer": "tilezen_lines", "category": "road-4-restrictedaccess-0"}, {"layer": "tilezen_lines", "category": "unpaved-4-parkinglot"}, {"layer": "tilezen_lines", "category": "road-4-parkinglot"}, {"layer": "tilezen_lines", "category": "unpaved-4-restrictedaccess"}, {"layer": "tilezen_lines", "category": "road-4-restrictedaccess"}, {"layer": "tilezen_lines", "category": "unpaved-4-0"}, {"layer": "tilezen_lines", "category": "road-4-0"}, {"layer": "tilezen_lines", "category": "ramp-4-0"}, {"layer": "tilezen_lines", "category": "ramp-3-0"}, {"layer": "tilezen_lines", "category": "ramp-2-0"}, {"layer": "tilezen_lines", "category": "ramp-1-0"}, {"layer": "tilezen_lines", "category": "ramp-0-0"}, {"layer": "tilezen_lines", "category": "unpaved-4"}, {"layer": "tilezen_lines", "category": "road-4"}, {"layer": "tilezen_lines", "category": "ramp-4"}, {"layer": "tilezen_lines", "category": "ramp-3"}, {"layer": "tilezen_lines", "category": "ramp-2"}, {"layer": "tilezen_lines", "category": "ramp-1"}, {"layer": "tilezen_lines", "category": "ramp-0"}, {"layer": "tilezen_lines", "category": "unpaved-3-0"}, {"layer": "tilezen_lines", "category": "road-3-0"}, {"layer": "tilezen_lines", "category": "unpaved-3"}, {"layer": "tilezen_lines", "category": "road-3"}, {"layer": "tilezen_lines", "category": "unpaved-2-0"}, {"layer": "tilezen_lines", "category": "road-2-0"}, {"layer": "tilezen_lines", "category": "unpaved-2"}, {"layer": "tilezen_lines", "category": "road-2"}, {"layer": "tilezen_lines", "category": "unpaved-1-0"}, {"layer": "tilezen_lines", "category": "road-1-0"}, {"layer": "tilezen_lines", "category": "unpaved-1"}, {"layer": "tilezen_lines", "category": "road-1"}, {"layer": "tilezen_lines", "category": "unpaved-0-0"}, {"layer": "tilezen_lines", "category": "road-0-0"}, {"layer": "tilezen_lines", "category": "unpaved-0"}, {"layer": "tilezen_lines", "category": "road-0"}, {"layer": "tilezen_lines", "category": "unpaved-0-center-0"}, {"layer": "tilezen_lines", "category": "road-0-center-0"}, {"layer": "tilezen_lines", "category": "unpaved-0-center"}, {"layer": "tilezen_lines", "category": "road-0-center"}, {"layer": "tilezen_lines", "category": "landuse_toll_gate"}, {"layer": "tilezen_lines", "category": "landuse_stairs_lines"}, {"layer": "tilezen_lines", "category": "polygonal_roads_tunnel"}, {"layer": "tilezen_lines", "category": "landuse_lines"}, {"layer": "tilezen_lines", "category": "bridge-outline-walkway-extra"}, {"layer": "tilezen_lines", "category": "bridge-baseline-walkway"}, {"layer": "tilezen_lines", "category": "bridge-outline-walkway"}, {"layer": "tilezen_lines", "category": "bridge-outline-pedestrian-extra"}, {"layer": "tilezen_lines", "category": "bridge-baseline-pedestrian"}, {"layer": "tilezen_lines", "category": "bridge-outline-pedestrian"}, {"layer": "tilezen_lines", "category": "bridge-outline-4-extra"}, {"layer": "tilezen_lines", "category": "bridge-outline-4"}, {"layer": "tilezen_lines", "category": "bridge-outline-3-extra"}, {"layer": "tilezen_lines", "category": "bridge-outline-3"}, {"layer": "tilezen_lines", "category": "bridge-outline-2-extra"}, {"layer": "tilezen_lines", "category": "bridge-outline-2"}, {"layer": "tilezen_lines", "category": "bridge-outline-1-extra"}, {"layer": "tilezen_lines", "category": "bridge-outline-1"}, {"layer": "tilezen_lines", "category": "bridge-walkway"}, {"layer": "tilezen_lines", "category": "bridge-pedestrian"}, {"layer": "tilezen_lines", "category": "bridge-outline-0-extra"}, {"layer": "tilezen_lines", "category": "bridge-outline-0"}, {"layer": "tilezen_lines", "category": "bridge-4"}, {"layer": "tilezen_lines", "category": "bridge-3"}, {"layer": "tilezen_lines", "category": "bridge-2"}, {"layer": "tilezen_lines", "category": "bridge-1"}, {"layer": "tilezen_lines", "category": "bridge-0"}, {"layer": "tilezen_lines", "category": "bridge-0-center"}, {"layer": "tilezen_lines", "category": "bridge-outline-walkway-extra-1"}, {"layer": "tilezen_lines", "category": "bridge-baseline-walkway-1"}, {"layer": "tilezen_lines", "category": "unpaved-outline-walkway-1"}, {"layer": "tilezen_lines", "category": "walkway-outline-1"}, {"layer": "tilezen_lines", "category": "bridge-outline-pedestrian-extra-1"}, {"layer": "tilezen_lines", "category": "bridge-baseline-pedestrian-1"}, {"layer": "tilezen_lines", "category": "unpaved-outline-pedestrian-1"}, {"layer": "tilezen_lines", "category": "pedestrian-outline-1"}, {"layer": "tilezen_lines", "category": "bridge-outline-4-extra-1"}, {"layer": "tilezen_lines", "category": "unpaved-outline-4-parkinglot-1"}, {"layer": "tilezen_lines", "category": "road-outline-4-parkinglot-1"}, {"layer": "tilezen_lines", "category": "unpaved-outline-4-restrictedaccess-1"}, {"layer": "tilezen_lines", "category": "road-outline-4-restrictedaccess-1"}, {"layer": "tilezen_lines", "category": "unpaved-outline-4-1"}, {"layer": "tilezen_lines", "category": "road-outline-4-1"}, {"layer": "tilezen_lines", "category": "ramp-outline-4-1"}, {"layer": "tilezen_lines", "category": "ramp-outline-3-1"}, {"layer": "tilezen_lines", "category": "ramp-outline-2-1"}, {"layer": "tilezen_lines", "category": "ramp-outline-1-1"}, {"layer": "tilezen_lines", "category": "ramp-outline-0-1"}, {"layer": "tilezen_lines", "category": "bridge-outline-3-extra-1"}, {"layer": "tilezen_lines", "category": "unpaved-outline-3-1"}, {"layer": "tilezen_lines", "category": "road-outline-3-1"}, {"layer": "tilezen_lines", "category": "bridge-outline-2-extra-1"}, {"layer": "tilezen_lines", "category": "unpaved-outline-2-1"}, {"layer": "tilezen_lines", "category": "road-outline-2-1"}, {"layer": "tilezen_lines", "category": "bridge-outline-1-extra-1"}, {"layer": "tilezen_lines", "category": "unpaved-outline-1-1"}, {"layer": "tilezen_lines", "category": "road-outline-1-1"}, {"layer": "tilezen_lines", "category": "unpaved-walkway-1"}, {"layer": "tilezen_lines", "category": "walkway-1"}, {"layer": "tilezen_lines", "category": "unpaved-pedestrian-1"}, {"layer": "tilezen_lines", "category": "pedestrian-1"}, {"layer": "tilezen_lines", "category": "bridge-outline-0-extra-1"}, {"layer": "tilezen_lines", "category": "unpaved-outline-0-1"}, {"layer": "tilezen_lines", "category": "road-outline-0-1"}, {"layer": "tilezen_lines", "category": "unpaved-4-parkinglot-1"}, {"layer": "tilezen_lines", "category": "road-4-parkinglot-1"}, {"layer": "tilezen_lines", "category": "unpaved-4-restrictedaccess-1"}, {"layer": "tilezen_lines", "category": "road-4-restrictedaccess-1"}, {"layer": "tilezen_lines", "category": "unpaved-4-1"}, {"layer": "tilezen_lines", "category": "road-4-1"}, {"layer": "tilezen_lines", "category": "ramp-4-1"}, {"layer": "tilezen_lines", "category": "ramp-3-1"}, {"layer": "tilezen_lines", "category": "ramp-2-1"}, {"layer": "tilezen_lines", "category": "ramp-1-1"}, {"layer": "tilezen_lines", "category": "ramp-0-1"}, {"layer": "tilezen_lines", "category": "unpaved-3-1"}, {"layer": "tilezen_lines", "category": "road-3-1"}, {"layer": "tilezen_lines", "category": "unpaved-2-1"}, {"layer": "tilezen_lines", "category": "road-2-1"}, {"layer": "tilezen_lines", "category": "unpaved-1-1"}, {"layer": "tilezen_lines", "category": "road-1-1"}, {"layer": "tilezen_lines", "category": "unpaved-0-1"}, {"layer": "tilezen_lines", "category": "road-0-1"}, {"layer": "tilezen_lines", "category": "unpaved-0-center-1"}, {"layer": "tilezen_lines", "category": "road-0-center-1"}, {"layer": "tilezen_lines", "category": "bridge-outline-walkway-extra-2"}, {"layer": "tilezen_lines", "category": "bridge-baseline-walkway-2"}, {"layer": "tilezen_lines", "category": "unpaved-outline-walkway-2"}, {"layer": "tilezen_lines", "category": "walkway-outline-2"}, {"layer": "tilezen_lines", "category": "bridge-outline-pedestrian-extra-2"}, {"layer": "tilezen_lines", "category": "bridge-baseline-pedestrian-2"}, {"layer": "tilezen_lines", "category": "unpaved-outline-pedestrian-2"}, {"layer": "tilezen_lines", "category": "pedestrian-outline-2"}, {"layer": "tilezen_lines", "category": "bridge-outline-4-extra-2"}, {"layer": "tilezen_lines", "category": "unpaved-outline-4-parkinglot-2"}, {"layer": "tilezen_lines", "category": "road-outline-4-parkinglot-2"}, {"layer": "tilezen_lines", "category": "unpaved-outline-4-restrictedaccess-2"}, {"layer": "tilezen_lines", "category": "road-outline-4-restrictedaccess-2"}, {"layer": "tilezen_lines", "category": "unpaved-outline-4-2"}, {"layer": "tilezen_lines", "category": "road-outline-4-2"}, {"layer": "tilezen_lines", "category": "ramp-outline-4-2"}, {"layer": "tilezen_lines", "category": "ramp-outline-3-2"}, {"layer": "tilezen_lines", "category": "ramp-outline-2-2"}, {"layer": "tilezen_lines", "category": "ramp-outline-1-2"}, {"layer": "tilezen_lines", "category": "ramp-outline-0-2"}, {"layer": "tilezen_lines", "category": "bridge-outline-3-extra-2"}, {"layer": "tilezen_lines", "category": "unpaved-outline-3-2"}, {"layer": "tilezen_lines", "category": "road-outline-3-2"}, {"layer": "tilezen_lines", "category": "bridge-outline-2-extra-2"}, {"layer": "tilezen_lines", "category": "unpaved-outline-2-2"}, {"layer": "tilezen_lines", "category": "road-outline-2-2"}, {"layer": "tilezen_lines", "category": "bridge-outline-1-extra-2"}, {"layer": "tilezen_lines", "category": "unpaved-outline-1-2"}, {"layer": "tilezen_lines", "category": "road-outline-1-2"}, {"layer": "tilezen_lines", "category": "unpaved-walkway-2"}, {"layer": "tilezen_lines", "category": "walkway-2"}, {"layer": "tilezen_lines", "category": "unpaved-pedestrian-2"}, {"layer": "tilezen_lines", "category": "pedestrian-2"}, {"layer": "tilezen_lines", "category": "bridge-outline-0-extra-2"}, {"layer": "tilezen_lines", "category": "unpaved-outline-0-2"}, {"layer": "tilezen_lines", "category": "road-outline-0-2"}, {"layer": "tilezen_lines", "category": "unpaved-4-parkinglot-2"}, {"layer": "tilezen_lines", "category": "road-4-parkinglot-2"}, {"layer": "tilezen_lines", "category": "unpaved-4-restrictedaccess-2"}, {"layer": "tilezen_lines", "category": "road-4-restrictedaccess-2"}, {"layer": "tilezen_lines", "category": "unpaved-4-2"}, {"layer": "tilezen_lines", "category": "road-4-2"}, {"layer": "tilezen_lines", "category": "ramp-4-2"}, {"layer": "tilezen_lines", "category": "ramp-3-2"}, {"layer": "tilezen_lines", "category": "ramp-2-2"}, {"layer": "tilezen_lines", "category": "ramp-1-2"}, {"layer": "tilezen_lines", "category": "ramp-0-2"}, {"layer": "tilezen_lines", "category": "unpaved-3-2"}, {"layer": "tilezen_lines", "category": "road-3-2"}, {"layer": "tilezen_lines", "category": "unpaved-2-2"}, {"layer": "tilezen_lines", "category": "road-2-2"}, {"layer": "tilezen_lines", "category": "unpaved-1-2"}, {"layer": "tilezen_lines", "category": "road-1-2"}, {"layer": "tilezen_lines", "category": "unpaved-0-2"}, {"layer": "tilezen_lines", "category": "road-0-2"}, {"layer": "tilezen_lines", "category": "unpaved-0-center-2"}, {"layer": "tilezen_lines", "category": "road-0-center-2"}, {"layer": "tilezen_lines", "category": "bridge-outline-1-extra-3"}, {"layer": "tilezen_lines", "category": "unpaved-outline-1-3"}, {"layer": "tilezen_lines", "category": "road-outline-1-3"}, {"layer": "tilezen_lines", "category": "bridge-outline-0-extra-3"}, {"layer": "tilezen_lines", "category": "unpaved-outline-0-3"}, {"layer": "tilezen_lines", "category": "ramp-outline-1-3"}, {"layer": "tilezen_lines", "category": "ramp-outline-0-3"}, {"layer": "tilezen_lines", "category": "road-outline-0-3"}, {"layer": "tilezen_lines", "category": "unpaved-1-3"}, {"layer": "tilezen_lines", "category": "ramp-1-3"}, {"layer": "tilezen_lines", "category": "ramp-0-3"}, {"layer": "tilezen_lines", "category": "road-1-3"}, {"layer": "tilezen_lines", "category": "unpaved-0-3"}, {"layer": "tilezen_lines", "category": "road-0-3"}, {"layer": "tilezen_lines", "category": "unpaved-0-center-3"}, {"layer": "tilezen_lines", "category": "road-0-center-3"}, {"layer": "offscreen-translucent-geometry", "category": "end"}, {"layer": "translucent-geometry-quad"}, {"layer": "tilezen_polygons", "category": "restricted_road"}, {"layer": "tilezen_polygons", "category": "other_road"}, {"layer": "tilezen_polygons", "category": "major_road_tertiary"}, {"layer": "tilezen_polygons", "category": "major_road_secondary"}, {"layer": "tilezen_polygons", "category": "national_road"}, {"layer": "tilezen_polygons", "category": "expressway"}, {"layer": "tilezen_polygons", "category": "japan-pedestrian"}, {"layer": "tilezen_polygons", "category": "divider"}, {"layer": "tilezen_polygons", "category": "grassland"}, {"layer": "tilezen_polygons", "category": "steps"}, {"layer": "tilezen_polygons", "category": "breakwater"}, {"layer": "tilezen_lines", "category": "japan-polygonal-roads-arrows"}, {"layer": "tilezen_lines", "category": "japan-rail-outline"}, {"layer": "tilezen_lines", "category": "japan-rail"}, {"layer": "tilezen_lines", "category": "japan-cable-car-outline"}, {"layer": "tilezen_lines", "category": "japan-cable-car"}, {"layer": "tilezen_lines", "category": "japan-monorail-outline"}, {"layer": "tilezen_lines", "category": "japan-monorail"}, {"layer": "tilezen_lines", "category": "japan-tram-rail-outline"}, {"layer": "tilezen_lines", "category": "japan-tram-rail"}, {"layer": "tilezen_lines", "category": "japan-subway-rail-outline"}, {"layer": "tilezen_lines", "category": "japan-subway-rail"}, {"feature": "public transit", "modes": ["asia selected systems"], "layer": "tilezen_transit_lines", "category": "asia-selected-systems-transit-subway-outline"}, {"feature": "public transit", "modes": ["asia selected systems"], "layer": "tilezen_transit_lines", "category": "asia-selected-systems-transit-subway"}, {"layer": "tilezen_lines", "category": "japan-private-rail-outline"}, {"layer": "tilezen_lines", "category": "japan-private-rail"}, {"layer": "tilezen_lines", "category": "japan-state-rail-outline"}, {"layer": "tilezen_lines", "category": "japan-state-rail"}, {"layer": "tilezen_lines", "category": "japan-speed-rail-outline"}, {"layer": "tilezen_lines", "category": "japan-speed-rail"}, {"feature": "public transit", "modes": ["asia selected systems"], "layer": "tilezen_transit_lines", "category": "asia-selected-systems-transit-high-speed-second-outline"}, {"feature": "public transit", "modes": ["asia selected systems"], "layer": "tilezen_transit_lines", "category": "asia-selected-systems-transit-high-speed-outline"}, {"feature": "public transit", "modes": ["asia selected systems"], "layer": "tilezen_transit_lines", "category": "asia-selected-systems-transit-high-speed"}, {"layer": "tilezen_polygons", "category": "tunnel_entrance"}, {"layer": "tilezen_polygons", "category": "underground_area"}, {"layer": "tilezen_polygons_outlines", "category": "underground_area-outline"}, {"layer": "tilezen_building_footprints", "category": "japan-underground-station-footprint"}, {"layer": "tilezen_building_footprints_outlines", "category": "japan-underground-station-footprint-outline"}, {"layer": "tilezen_building_footprints", "category": "japan-building-footprint"}, {"layer": "tilezen_building_footprints_outlines", "category": "japan-building-footprint-outline"}, {"layer": "tilezen_building_footprints", "category": "japan-passageway-footprint"}, {"layer": "tilezen_building_footprints_outlines", "category": "japan-passageway-footprint-outline"}, {"layer": "tilezen_polygons", "category": "commuter_station"}, {"layer": "tilezen_polygons_outlines", "category": "commuter_station-outline"}, {"layer": "tilezen_polygons", "category": "railway_station"}, {"layer": "tilezen_polygons_outlines", "category": "railway_station-outline"}, {"layer": "offscreen-translucent-geometry", "category": "begin-1"}, {"layer": "tilezen_polygons_outlines", "category": "low_speed_zone-third-outline"}, {"layer": "tilezen_polygons_outlines", "category": "environmental_zone-second-outline"}, {"layer": "tilezen_polygons_outlines", "category": "congestion_zone-second-outline"}, {"layer": "tilezen_polygons_outlines", "category": "low_speed_zone-second-outline"}, {"layer": "tilezen_polygons_outlines", "category": "environmental_zone-outline"}, {"layer": "tilezen_polygons_outlines", "category": "congestion_zone-outline"}, {"layer": "tilezen_polygons_outlines", "category": "low_speed_zone-outline"}, {"layer": "offscreen-translucent-geometry", "category": "end-1"}, {"layer": "translucent-geometry-quad-1"}, {"feature": "traffic incidents", "layer": "traffic_incidents", "category": "traffic-incidents-outline"}, {"feature": "traffic flow", "layer": "traffic_flow", "category": "traffic-free-unknown-outline"}, {"feature": "traffic flow", "layer": "traffic_flow", "category": "traffic-free-unknown"}, {"feature": "traffic flow", "layer": "traffic_flow", "category": "traffic-slow-minor-outline"}, {"feature": "traffic flow", "layer": "traffic_flow", "category": "traffic-slow-minor"}, {"feature": "traffic flow", "layer": "traffic_flow", "category": "traffic-stationary-queuing-outline"}, {"feature": "traffic flow", "layer": "traffic_flow", "category": "traffic-stationary-queuing"}, {"feature": "traffic incidents", "layer": "traffic_incidents", "category": "traffic-incidents"}, {"feature": "traffic flow", "layer": "traffic_flow", "category": "traffic-blocking-outline"}, {"feature": "traffic flow", "layer": "traffic_flow", "category": "traffic-blocking"}, {"feature": "traffic incidents", "layer": "traffic_incidents", "category": "traffic-incidents-closure-outline"}, {"feature": "traffic incidents", "layer": "traffic_incidents", "category": "traffic-incidents-closure"}, {"feature": "vehicle restrictions", "modes": ["active & inactive", "permanent only"], "layer": "tilezen_truck_attributes", "category": "truck-outline"}, {"feature": "vehicle restrictions", "modes": ["active & inactive", "permanent only"], "layer": "tilezen_truck_attributes", "category": "truck"}, {"layer": "tilezen_lines", "category": "japan-roller-coaster-outline"}, {"layer": "tilezen_lines", "category": "japan-roller-coaster"}, {"layer": "tilezen_lines", "category": "japan-gondola-outline"}, {"layer": "tilezen_lines", "category": "japan-gondola"}, {"layer": "tilezen_lines", "category": "chairlift-outline"}, {"layer": "tilezen_lines", "category": "chairlift"}, {"layer": "tilezen_lines", "category": "microhood-border-outline"}, {"layer": "tilezen_lines", "category": "neighborhood-border-outline"}, {"layer": "tilezen_lines", "category": "district-border-outline"}, {"layer": "tilezen_lines", "category": "municipality-border-outline"}, {"layer": "tilezen_lines", "category": "state-border-outline"}, {"layer": "tilezen_lines", "category": "country-border-outline"}, {"layer": "tilezen_lines", "category": "microhood-border"}, {"layer": "tilezen_lines", "category": "neighborhood-border"}, {"layer": "tilezen_lines", "category": "district-border"}, {"layer": "tilezen_lines", "category": "municipality-border"}, {"layer": "tilezen_lines", "category": "state-border"}, {"layer": "tilezen_lines", "category": "country-border"}, {"feature": "public transit", "modes": ["all systems"], "layer": "tilezen_transit_lines", "category": "transit-fallback-outline"}, {"feature": "public transit", "modes": ["all systems"], "layer": "tilezen_transit_lines", "category": "transit-fallback"}, {"feature": "public transit", "modes": ["all systems"], "layer": "tilezen_transit_lines", "category": "japan-transit-subway-outline"}, {"feature": "public transit", "modes": ["all systems"], "layer": "tilezen_transit_lines", "category": "japan-transit-subway"}, {"feature": "public transit", "modes": ["all systems"], "layer": "tilezen_transit_lines", "category": "transit-ferry-outline"}, {"feature": "public transit", "modes": ["all systems"], "layer": "tilezen_transit_lines", "category": "transit-ferry"}, {"feature": "public transit", "modes": ["all systems"], "layer": "tilezen_transit_lines", "category": "transit-train-outline"}, {"feature": "public transit", "modes": ["all systems"], "layer": "tilezen_transit_lines", "category": "transit-train"}, {"feature": "public transit", "modes": ["all systems"], "layer": "tilezen_transit_lines", "category": "japan-transit-regional-outline"}, {"feature": "public transit", "modes": ["all systems"], "layer": "tilezen_transit_lines", "category": "japan-transit-regional"}, {"feature": "public transit", "modes": ["all systems"], "layer": "tilezen_transit_lines", "category": "japan-transit-intercity-outline"}, {"feature": "public transit", "modes": ["all systems"], "layer": "tilezen_transit_lines", "category": "japan-transit-intercity"}, {"feature": "public transit", "modes": ["all systems"], "layer": "tilezen_transit_lines", "category": "japan-transit-high-speed-second-outline"}, {"feature": "public transit", "modes": ["all systems"], "layer": "tilezen_transit_lines", "category": "transit-high-speed-outline"}, {"feature": "public transit", "modes": ["all systems"], "layer": "tilezen_transit_lines", "category": "transit-high-speed"}, {"feature": "public transit", "modes": ["all systems"], "layer": "tilezen_transit_lines", "category": "transit-intercity-outline"}, {"feature": "public transit", "modes": ["all systems"], "layer": "tilezen_transit_lines", "category": "transit-intercity"}, {"feature": "public transit", "modes": ["all systems"], "layer": "tilezen_transit_lines", "category": "transit-regional-outline"}, {"feature": "public transit", "modes": ["all systems"], "layer": "tilezen_transit_lines", "category": "transit-regional"}, {"feature": "public transit", "modes": ["all systems"], "layer": "tilezen_transit_lines", "category": "transit-suburban-outline"}, {"feature": "public transit", "modes": ["all systems"], "layer": "tilezen_transit_lines", "category": "transit-suburban"}, {"feature": "public transit", "modes": ["all systems"], "layer": "tilezen_transit_lines", "category": "transit-subway-outline"}, {"feature": "public transit", "modes": ["all systems"], "layer": "tilezen_transit_lines", "category": "transit-subway"}, {"feature": "public transit", "modes": ["all systems"], "layer": "tilezen_transit_lines", "category": "transit-funicular-outline"}, {"feature": "public transit", "modes": ["all systems"], "layer": "tilezen_transit_lines", "category": "transit-funicular"}, {"feature": "public transit", "modes": ["all systems"], "layer": "tilezen_transit_lines", "category": "japan-transit-suburban-outline"}, {"feature": "public transit", "modes": ["all systems"], "layer": "tilezen_transit_lines", "category": "japan-transit-suburban"}, {"feature": "public transit", "modes": ["all systems"], "layer": "tilezen_transit_lines", "category": "transit-tram-outline"}, {"feature": "public transit", "modes": ["all systems"], "layer": "tilezen_transit_lines", "category": "transit-tram"}, {"feature": "public transit", "modes": ["all systems"], "layer": "tilezen_transit_lines", "category": "transit-monorail-outline"}, {"feature": "public transit", "modes": ["all systems"], "layer": "tilezen_transit_lines", "category": "transit-monorail"}, {"feature": "public transit", "modes": ["all systems"], "layer": "tilezen_transit_lines", "category": "transit-aerial-outline"}, {"feature": "public transit", "modes": ["all systems"], "layer": "tilezen_transit_lines", "category": "transit-aerial"}, {"layer": "route", "category": "route-traveled-outline"}, {"layer": "route", "category": "route-traveled"}, {"layer": "route", "category": "route-alternative-2-outline"}, {"layer": "route", "category": "route-alternative-2"}, {"layer": "route", "category": "route-alternative-1-outline"}, {"layer": "route", "category": "route-alternative-1"}, {"layer": "route", "category": "route-upcoming-outline"}, {"layer": "route", "category": "route-upcoming"}, {"layer": "route", "category": "route-outline"}, {"layer": "route", "category": "route"}, {"layer": "traffic_on_route", "category": "traffic-on-route-outline"}, {"layer": "traffic_on_route", "category": "traffic-on-route"}, {"layer": "traffic_on_route", "category": "traffic-on-route-free-unknown"}, {"layer": "traffic_on_route", "category": "traffic-on-route-slow-minor"}, {"layer": "traffic_on_route", "category": "traffic-on-route-stationary-queuing"}, {"layer": "traffic_on_route", "category": "traffic-on-route-blocking"}, {"layer": "depthsky"}, {"layer": "tilezen_volumes", "category": "depth"}, {"layer": "tilezen_volumes", "category": "extruded-building"}, {"layer": "geofog"}, {"layer": "labels"}]