{"zoomToOneLessStorageLevel": {"$ref": "../../shared/list/zoomToStorageLevel.json#/zoomToOneLessStorageLevel"}, "$concat": [{"$removeElement": {"filter": ["tilezen_building_footprints", "tilezen_building_footprints_outlines", "tilezen_volumes"], "from": {"$ref": "omv.visibility-ranges.json#"}}}, {"tilezen_building_footprints": {"zoomToStorageLevel": {"$ref": "#/zoomToOneLessStorageLevel"}, "minZoom": 15}, "tilezen_building_footprints_outlines": {"zoomToStorageLevel": {"$ref": "#/zoomToOneLessStorageLevel"}, "minZoom": 15}, "tilezen_volumes": {"zoomToStorageLevel": {"$ref": "#/zoomToOneLessStorageLevel"}, "minZoom": 16}}]}