{"clear": {}, "outdoor": {}, "geo": {}, "geohalo": {}, "spacebackground": {}, "depthsky": {}, "geofog": {}, "northpole": {}, "southpole": {}, "tilezen_points": {"factory": "geometry-point", "factoryOptions": {"datasource": "tilezen.point"}}, "tilezen_building_addresses": {"factory": "geometry-point", "factoryOptions": {"datasource": "tilezen.building_address"}}, "tilezen_lines": {"factory": "geometry-line", "factoryOptions": {"datasource": "tilezen.line", "flags": ["simple"], "pickFilterName": "mapomv:line"}}, "tilezen_transit_lines": {"factory": "geometry-line", "factoryOptions": {"datasource": "tilezen.transit_line", "flags": ["simple", "shiftable"], "pickFilterName": "mapomv:line"}}, "tilezen_polygons": {"factory": "geometry-polygon", "factoryOptions": {"datasource": "tilezen.area"}}, "tilezen_polygons_outlines": {"factory": "geometry-line", "factoryOptions": {"datasource": "tilezen.area_outline", "flags": ["simple", "shiftable"], "pickFilterName": "mapomv:line"}}, "tilezen_road_shield_labels": {"factory": "geometry-line", "factoryOptions": {"datasource": "tilezen.road_shield_label", "flags": ["labels-only"]}}, "tilezen_truck_attributes": {"factory": "geometry-line", "factoryOptions": {"datasource": "tilezen.truck_attributes", "pickFilterName": "mapomv:line"}}, "route": {"factory": "geojson.polylines"}, "traffic_on_route": {"factory": "geojson.polylines"}, "offscreen-translucent-geometry": {"factory": "offscreen-translucent-geometry-factory"}, "translucent-geometry-quad": {"factory": "translucent-geometry-quad-factory"}, "labels": {}, "rasterterrain": {"factory": "raster-image", "factoryOptions": {"datasource": "rasterterrain"}}, "traffic_flow": {"factory": "geometry-line", "factoryOptions": {"datasource": "tilezen_traffic_flow.line", "flags": ["simple", "shiftable"], "pickFilterName": "mapomv:line"}}, "traffic_incidents": {"factory": "geometry-line", "factoryOptions": {"datasource": "tilezen_traffic_incident.line", "flags": ["simple", "shiftable"], "pickFilterName": "mapomv:line"}}, "incident_icons": {"factory": "geometry-point", "factoryOptions": {"datasource": "tilezen_traffic_incident.point"}}}