{"zoomToOneLessStorageLevel": {"$ref": "../../shared/list/zoomToStorageLevel.json#/zoomToOneLessStorageLevel"}, "background": {"zoomToStorageLevel": {"$ref": "#/zoomToOneLessStorageLevel"}}, "northpole": {"zoomToStorageLevel": {"$ref": "#/zoomToOneLessStorageLevel"}}, "southpole": {"zoomToStorageLevel": {"$ref": "#/zoomToOneLessStorageLevel"}}, "tilezen_points": {"zoomToStorageLevel": {"$ref": "#/zoomToOneLessStorageLevel"}}, "tilezen_building_addresses": {"zoomToStorageLevel": {"$ref": "#/zoomToOneLessStorageLevel"}, "minZoom": 17}, "tilezen_lines": {"zoomToStorageLevel": {"$ref": "#/zoomToOneLessStorageLevel"}}, "tilezen_transit_lines": {"zoomToStorageLevel": {"$ref": "#/zoomToOneLessStorageLevel"}, "minZoom": 5}, "tilezen_roads": {"zoomToStorageLevel": {"$ref": "#/zoomToOneLessStorageLevel"}}, "tilezen_road_shield_labels": {"zoomToStorageLevel": {"$ref": "#/zoomToOneLessStorageLevel"}, "minZoom": 7}, "tilezen_polygons": {"zoomToStorageLevel": {"$ref": "#/zoomToOneLessStorageLevel"}}, "tilezen_polygons_outlines": {"zoomToStorageLevel": {"$ref": "#/zoomToOneLessStorageLevel"}}, "tilezen_hillshade": {"zoomToStorageLevel": {"$ref": "#/zoomToOneLessStorageLevel"}}, "tilezen_building_footprints": {"zoomToStorageLevel": {"$ref": "#/zoomToOneLessStorageLevel"}, "minZoom": 15}, "tilezen_building_footprints_outlines": {"zoomToStorageLevel": {"$ref": "#/zoomToOneLessStorageLevel"}, "minZoom": 15}, "tilezen_volumes": {"zoomToStorageLevel": {"$ref": "#/zoomToOneLessStorageLevel"}, "minZoom": 16}, "traffic_flow": {"zoomToStorageLevel": {"$ref": "#/zoomToOneLessStorageLevel"}, "minZoom": 8}, "traffic_incidents": {"zoomToStorageLevel": {"$ref": "#/zoomToOneLessStorageLevel"}, "minZoom": 8}, "incident_icons": {"zoomToStorageLevel": {"$ref": "#/zoomToOneLessStorageLevel"}, "minZoom": 8}, "labels": {"alwaysShowRootLevel": true}, "rasterterrain": {"forcedDistanceBasedZoomToStorageLevelMapping": true, "zoomToStorageLevel": {"$ref": "../../shared/list/zoomToStorageLevel.json#/rasterZoomToStorageLevel"}}, "tilezen_contour": {"zoomToStorageLevel": {"$ref": "#/zoomToOneLessStorageLevel"}, "minZoom": 11}}