{"clear": {}, "outdoor": {}, "shadow": {}, "geo": {}, "geohalo": {}, "spacebackground": {}, "depthsky": {}, "geofog": {}, "northpole": {}, "southpole": {}, "background": {}, "tilezen_points": {"factory": "geometry-point", "factoryOptions": {"datasource": "tilezen.point"}}, "tilezen_building_addresses": {"factory": "geometry-point", "factoryOptions": {"datasource": "tilezen.building_address"}}, "tilezen_lines": {"factory": "geometry-line", "factoryOptions": {"datasource": "tilezen.line", "flags": ["simple"], "pickFilterName": "mapomv:line"}}, "tilezen_transit_lines": {"factory": "geometry-line", "factoryOptions": {"datasource": "tilezen.transit_line", "flags": ["simple", "shiftable"], "pickFilterName": "mapomv:line"}}, "tilezen_road_shield_labels": {"factory": "geometry-line", "factoryOptions": {"datasource": "tilezen.road_shield_label", "flags": ["labels-only"]}}, "tilezen_truck_attributes": {"factory": "geometry-line", "factoryOptions": {"datasource": "tilezen.truck_attributes", "pickFilterName": "mapomv:line"}}, "tilezen_polygons": {"factory": "geometry-polygon", "factoryOptions": {"datasource": "tilezen.area"}}, "tilezen_polygons_outlines": {"factory": "geometry-line", "factoryOptions": {"datasource": "tilezen.area_outline", "flags": ["simple", "shiftable"], "pickFilterName": "mapomv:line"}}, "tilezen_hillshade": {"factory": "geometry-polygon", "factoryOptions": {"datasource": "tilezen.area_hillshade"}}, "tilezen_building_footprints": {"factory": "geometry-polygon", "factoryOptions": {"datasource": "tilezen.building_footprint"}}, "tilezen_building_footprints_outlines": {"factory": "geometry-line", "factoryOptions": {"datasource": "tilezen.building_footprint_outline", "flags": ["simple"], "pickFilterName": "mapomv:line"}}, "tilezen_contour": {"factory": "geometry-line", "factoryOptions": {"datasource": "tilezen.contour_line", "flags": ["simple"], "pickFilterName": "mapomv:line"}}, "tilezen_volumes": {"factory": "geometry-polygon", "factoryOptions": {"datasource": "tilezen.volume", "flags": ["extruded"], "extrudedOptions": {"ground-clearance": "min_height"}}}, "route": {"factory": "geojson.polylines"}, "traffic_on_route": {"factory": "geojson.polylines"}, "shadow-depth-mask": {"factory": "shadow-depth-mask-factory"}, "offscreen-ssao-input": {"factory": "offscreen-ssao-input-factory"}, "offscreen-ssao-output": {"factory": "offscreen-ssao-output-factory"}, "offscreen-ssao-output-blurred-horizontally": {"factory": "offscreen-ssao-output-blurred-horizontally-factory"}, "ssao-quad": {"factory": "ssao-quad-factory"}, "offscreen-terrain": {"factory": "offscreen-terrain-factory"}, "offscreen-translucent-geometry": {"factory": "offscreen-translucent-geometry-factory"}, "translucent-geometry-quad": {"factory": "translucent-geometry-quad-factory"}, "labels": {}, "traffic_flow": {"factory": "geometry-line", "factoryOptions": {"datasource": "tilezen_traffic_flow.line", "flags": ["simple", "shiftable"], "pickFilterName": "mapomv:line"}}, "traffic_incidents": {"factory": "geometry-line", "factoryOptions": {"datasource": "tilezen_traffic_incident.line", "flags": ["simple", "shiftable"], "pickFilterName": "mapomv:line"}}, "incident_icons": {"factory": "geometry-point", "factoryOptions": {"datasource": "tilezen_traffic_incident.point"}}, "terrain": {}}