{"raster tile service": {"tags": ["rts"], "enabledByDefault": false, "modes": [{"name": "full feature", "extendedDefinitions": {"Street.SimpleLine.ZoomLevelSpan": ["ref", "Street.SimpleLine.ZoomLevelSpan.RTS"], "Street.Category4.SimpleLine.ZoomLevelSpan": ["ref", "Street.SimpleLine.ZoomLevelSpan.RTS"], "Street.Category2.Color": ["ref", "Street.Category2.RTS.Color"], "Street.Category2.Outline.Color": ["ref", "Street.Category2.RTS.Outline.Color"], "Street.Category2.Width": ["ref", "Street.Category2.RTS.Width"], "Street.Category2.Outline.Width": ["ref", "Street.Category2.RTS.Outline.Width"], "Street.Category3.Color": ["ref", "Street.Category3.RTS.Color"], "Street.Category3.Outline.Color": ["ref", "Street.Category3.RTS.Outline.Color"], "Street.Category3.Width": ["ref", "Street.Category3.RTS.Width"], "Street.Category3.Outline.Width": ["ref", "Street.Category3.RTS.Outline.Width"], "Street.Category4.Color": ["ref", "Street.Category4.RTS.Color"], "Street.Category4.Outline.Color": ["ref", "Street.Category4.RTS.Outline.Color"], "Street.Category4.Width": ["ref", "Street.Category4.RTS.Width"], "Street.Category4.Outline.Width": ["ref", "Street.Category4.RTS.Outline.Width"], "Street.Walkway.Color": ["ref", "Street.Walkway.RTS.Color"], "Street.Category3.SimpleLine.MinZoomLevel": 10, "Street.Category4.SimpleLine.MinZoomLevel": 13, "Street.Walkway.SimpleLine.MinZoomLevel": 15, "Street.Pedestrian.Color": ["ref", "Street.Pedestrian.RTS.Color"], "Street.Pedestrian.SimpleLine.MinZoomLevel": 15, "BuildingAddress.MinZoomLevel": 18, "Building.MinZoomLevel": ["case", ["ref", "Is.Special.Building"], 15, 16], "AllowCroppedLabels": false, "RoadShield.AnchorPointDensity": ["ref", "RoadShield.AnchorPointDensity.RTS"], "RoadShield.Margin": ["ref", "RoadShield.Margin.RTS"]}, "disabledLayers": ["background", "outdoor", "shadow", "geo", "geohalo", "geofog", "northpole", "shadow", "southpole"]}], "disabledMode": {}}}