{"truck preferred roads": {"tags": ["alpha"], "enabledByDefault": false, "modes": [{"name": "all", "requiredLayers": ["tilezen_lines"]}], "disabledMode": {"disabledStyleRules": ["truck_preferred_road_outline"]}}, "terrain": {"enabledByDefault": false, "modes": [{"name": "hillshade", "requiredLayers": ["tilezen_hillshade"]}], "disabledMode": {"disabledLayers": ["tilezen_hillshade"]}}, "terrain-rts": {"tags": ["rts"], "enabledByDefault": false, "modes": [{"name": "hillshade", "requiredLayers": ["terrain"], "disabledLayers": ["offscreen-terrain"], "disabledStyleRules": ["northpole_offscreen_depth", "southpole_offscreen_depth", "terrain_depth_pass", "offscreen_background", "terrain_hillshading_3d"]}], "disabledMode": {"disabledLayers": ["terrain", "offscreen-terrain"], "disabledStyleRules": ["offscreen_background", "northpole_offscreen_depth", "southpole_offscreen_depth", "terrain"]}}, "contours": {"enabledByDefault": false, "modes": [{"name": "all", "requiredLayers": ["tilezen_contour"]}], "disabledMode": {"disabledLayers": ["tilezen_contour"]}}, "vehicle restrictions": {"enabledByDefault": false, "modes": [{"name": "active & inactive", "requiredLayers": ["tilezen_truck_attributes"]}], "disabledMode": {"disabledLayers": ["tilezen_truck_attributes"], "disabledStyleRules": ["truck_attributes_lines", "truck_attributes_outlines", "truck_attributes_labels", "truck_attributes_point_labels"]}}, "road exit labels": {"tags": ["sdk"], "enabledByDefault": true, "modes": [{"name": "numbers only", "requiredLayers": ["tilezen_points"], "disabledStyleRules": ["exit_info_name"]}, {"name": "all", "requiredLayers": ["tilezen_points"]}], "disabledMode": {"disabledStyleRules": ["exit_info_name", "exit_info_number"]}}, "building extruded": {"tags": ["sdk"], "required": false, "enabledByDefault": true, "modes": [{"name": "all", "requiredLayers": ["tilezen_volumes"], "extendedDefinitions": {"Internal.BuildingAddress.Label.Size": ["ref", "BuildingAddress.Label.Size"], "Internal.Building.Label.Size": ["ref", "Building.Label.Size"], "Internal.Parcel.Label.Size": ["case", ["==", ["get", "source"], "ipc"], ["ref", "Parcel.Label.Size"], null], "Internal.ExtrudedBuilding.Enabled": true}}], "disabledMode": {"disabledLayers": ["tilezen_volumes"]}}, "building footprints": {"tags": ["sdk"], "required": false, "enabledByDefault": true, "modes": [{"name": "all", "requiredLayers": ["tilezen_building_footprints", "tilezen_building_footprints_outlines"], "extendedDefinitions": {"Internal.BuildingAddress.Label.Size": ["ref", "BuildingAddress.Label.Size"], "Internal.Building.Label.Size": ["ref", "Building.Label.Size"], "Internal.Parcel.Label.Size": ["case", ["==", ["get", "source"], "ipc"], ["ref", "Parcel.Label.Size"], null], "Building.MaxZoomLevel": ["case", ["all", ["ref", "Is.Special.Building"], ["ref", "Internal.ExtrudedBuilding.Enabled"]], ["ref", "ExtrudedBuilding.Special.MinZoomLevel"], ["ref", "Is.Building.Underground.TrainStation"], null, ["all", ["any", ["!", ["ref", "Is.Building.Underground.TrainStation"]], ["!", ["ref", "Is.Special.Building"]]], ["ref", "Internal.ExtrudedBuilding.Enabled"]], ["ref", "ExtrudedBuilding.MinZoomLevel"], null], "Building.MinZoomLevel": ["case", ["ref", "Is.Special.Building"], 15.5, 16.5]}}], "disabledMode": {"disabledLayers": ["tilezen_building_footprints", "tilezen_building_footprints_outlines"]}}, "pois": {"tags": ["rts"], "enabledByDefault": true, "modes": [{"name": "all"}], "disabledMode": {"disabledStyleRules": ["pois", "pois_pt", "pois_mountainpeaks", "japan-pois", "japan-pois_pt", "japan-pois_mountainpeaks", "japan-annotations"]}}, "raster tile service": {"tags": ["rts"], "enabledByDefault": false, "modes": [{"name": "full feature", "extendedDefinitions": {"Street.SimpleLine.ZoomLevelSpan": ["ref", "Street.SimpleLine.ZoomLevelSpan.RTS"], "Street.Category4.SimpleLine.ZoomLevelSpan": ["ref", "Street.SimpleLine.ZoomLevelSpan.RTS"], "Street.Category3.SimpleLine.MinZoomLevel": 10, "Street.Category4.SimpleLine.MinZoomLevel": 13, "Street.Walkway.SimpleLine.MinZoomLevel": 14, "Street.Pedestrian.SimpleLine.MinZoomLevel": 14, "BuildingAddress.MinZoomLevel": 18, "Building.MinZoomLevel": ["case", ["ref", "Is.Special.Building"], 15, 16], "AllowCroppedLabels": false}, "disabledLayers": ["geo", "geohalo", "geofog", "northpole", "southpole"]}], "disabledMode": {}}, "public transit": {"enabledByDefault": false, "modes": [{"name": "all systems", "requiredLayers": ["tilezen_transit_lines"], "extendedDefinitions": {"Ferry.Label.Size": 0, "POI.TransitStop.Label.Category": "poi-transit-stop-labels", "POI.TransitStop.Label.Outline.Color": ["ref", "PTFeature.POI.TransitStop.Label.Outline.Color"], "POI.TransitStop.Label.Color": ["ref", "PTFeature.POI.TransitStop.Label.Color"], "RoadShield.MinZoomLevel": ["case", ["ref", "Is.Street.Category0"], 14, ["ref", "Is.Street.Category1"], 15, ["ref", "Is.Street.Category2"], 16, ["ref", "Is.Street.Category3"], 17, ["ref", "Is.Street.Category4"], 18, ["ref", "Is.Street.Pedestrian"], 19, ["ref", "Is.Street.Walkway"], 19, null], "Street.Category0.Label.Size": ["ref", "PTFeature.Street.Category0.Label.Size"], "Street.Category1.Label.Size": ["ref", "PTFeature.Street.Category1.Label.Size"], "Street.Category2.Label.Size": ["ref", "PTFeature.Street.Category2.Label.Size"], "Street.Category3.Label.Size": ["ref", "PTFeature.Street.Category3.Label.Size"], "Street.Category4.Label.Size": ["ref", "PTFeature.Street.Category4.Label.Size"], "Street.Walkway.Label.Size": ["ref", "PTFeature.Street.Walkway.Label.Size"], "Street.Pedestrian.Label.Size": ["ref", "PTFeature.Street.Pedestrian.Label.Size"], "Street.Category0.Label.Ramp.Size": ["ref", "PTFeature.Street.Category0.Label.Ramp.Size"], "Street.Category1.Label.Ramp.Size": ["ref", "PTFeature.Street.Category1.Label.Ramp.Size"], "Street.Category2.Label.Ramp.Size": ["ref", "PTFeature.Street.Category2.Label.Ramp.Size"], "Street.Category3.Label.Ramp.Size": ["ref", "PTFeature.Street.Category3.Label.Ramp.Size"], "Street.Category4.Label.Ramp.Size": ["ref", "PTFeature.Street.Category4.Label.Ramp.Size"], "Street.Category0.Label.Outline.Color": ["ref", "PTFeature.Street.Category0.Label.Outline.Color"], "Street.Category1.Label.Outline.Color": ["ref", "PTFeature.Street.Category1.Label.Outline.Color"], "Street.Category2.Label.Outline.Color": ["ref", "PTFeature.Street.Category2.Label.Outline.Color"], "Street.Category3.Label.Outline.Color": ["ref", "PTFeature.Street.Category3.Label.Outline.Color"], "Street.Category4.Label.Outline.Color": ["ref", "PTFeature.Street.Category4.Label.Outline.Color"], "Street.Category0.Label.Toll.Outline.Color": ["ref", "PTFeature.Street.Category0.Label.Toll.Outline.Color"], "Street.Category1.Label.Toll.Outline.Color": ["ref", "PTFeature.Street.Category1.Label.Toll.Outline.Color"], "Street.Category2.Label.Toll.Outline.Color": ["ref", "PTFeature.Street.Category2.Label.Toll.Outline.Color"], "Street.Category3.Label.Toll.Outline.Color": ["ref", "PTFeature.Street.Category3.Label.Toll.Outline.Color"], "Street.Category4.Label.Toll.Outline.Color": ["ref", "PTFeature.Street.Category4.Label.Toll.Outline.Color"]}}], "disabledMode": {"disabledLayers": ["tilezen_transit_lines"]}}, "ambient occlusion": {"tags": ["sdk"], "required": false, "enabledByDefault": false, "modes": [{"name": "all", "requiredLayers": ["ssao-quad", "offscreen-ssao-input", "offscreen-ssao-output", "offscreen-ssao-output-blurred-horizontally"], "extendedDefinitions": {"ExtrudedBuilding.FakeAO.Height": 0}}], "disabledMode": {"disabledLayers": ["ssao-quad", "offscreen-ssao-input", "offscreen-ssao-output", "offscreen-ssao-output-blurred-horizontally"], "disabledStyleRules": ["japan_extruded_building_offscreen_ssao_input", "extruded_building_offscreen_ssao_input", "ssao_style_id", "background_offscreen_ssao_input"]}}, "offscreen": {"tags": ["alpha"], "required": false, "enabledByDefault": true, "modes": [{"name": "all"}], "disabledMode": {"disabledLayers": ["offscreen-translucent-geometry", "translucent-geometry-quad"], "extendedDefinitions": {"Zones.Alpha.Blend.Type": "mix", "Alpha.Blend.Type": "mix"}}}}