{"geofog": {"projections": ["Spherical"]}, "geohalo": {"projections": ["Spherical"]}, "northpole": {"projections": ["Spherical"]}, "southpole": {"projections": ["Spherical"]}, "tilezen_volumes": {"castsShadows": true, "enableFadeInTime": false}, "traffic_incidents": {"selective-pickable-layers": ["traffic_incidents"]}, "incident_icons": {"selective-pickable-layers": ["incident_icons"]}, "tilezen_points": {"selective-pickable-layers": ["pois"]}, "tilezen_lines": {"selective-pickable-layers": ["truck_attributes"]}, "terrain": {"requiresCameraPositionTile": true}}