{"inherit": ["../../common/omv/tko.hybrid.scene.json", "../assets/assets.hybrid.json"], "extends": ["../../common/omv/tko.hybrid.common.json", "../../miami/schemes/normal.day.definitions.json", "../schemes/normal.day.definitions.json", {"when": ["any", ["ref", "Is.Japan.Content"], ["ref", "Is.Japan.Traffic.Content"]], "value": "../schemes/tko.normal.day.definitions.json"}, "../schemes/satellite.day.definitions.json", "../schemes/hybrid.day.definitions.json", {"when": ["any", ["ref", "Is.Japan.Content"], ["ref", "Is.Japan.Traffic.Content"]], "value": "../schemes/tko.hybrid.day.definitions.json"}]}