{"inherit": ["../../common/omv/oslo.road.network.scene.json"], "extends": ["../../common/omv/road.network.common.json", "../../miami/schemes/normal.day.definitions.json", "../schemes/normal.day.definitions.json", {"when": ["ref", "Is.Japan.Content"], "value": "../schemes/tko.normal.day.definitions.json"}, "../schemes/road.network.day.definitions.json", "../schemes/normal.night.definitions.json", {"when": ["ref", "Is.Japan.Content"], "value": "../schemes/tko.normal.night.definitions.json"}, "../schemes/road.network.night.definitions.json"]}