{"inherit": ["../../common/omv/tko.scene.json", "../assets/assets.lite.night.json"], "extends": ["../../common/omv/tko.common.json", "../../miami/schemes/normal.day.definitions.json", "../schemes/normal.day.definitions.json", {"when": ["any", ["ref", "Is.Japan.Content"], ["ref", "Is.Japan.Traffic.Content"]], "value": "../schemes/tko.normal.day.definitions.json"}, "../schemes/lite.day.definitions.json", {"when": ["any", ["ref", "Is.Japan.Content"], ["ref", "Is.Japan.Traffic.Content"]], "value": "../schemes/tko.lite.day.definitions.json"}, "../schemes/normal.night.definitions.json", {"when": ["any", ["ref", "Is.Japan.Content"], ["ref", "Is.Japan.Traffic.Content"]], "value": "../schemes/tko.normal.night.definitions.json"}, "../schemes/lite.night.definitions.json", {"when": ["any", ["ref", "Is.Japan.Content"], ["ref", "Is.Japan.Traffic.Content"]], "value": "../schemes/tko.lite.night.definitions.json"}]}