{"features": {"$removeElement": {"filter": ["congestion zones", "environmental zones", "pois", "ev range", "vehicle restrictions", "raster tile service"], "from": {"$ref": "./list/omv.oslo.features.json#"}}}, "objects": {"$ref": "./list/omv.road.network.objects.json#"}, "bucketPriorities": {"$ref": "./list/omv.layer.priorities.json#"}, "labelReservePrioritiesAndOverlapRules": {"$ref": "../shared/list/label.reserve-priority-overlap.json#"}, "labelDrawPriorities": {"$ref": "../shared/list/label.priorities.json#"}, "layerProperties": {"$ref": "./list/omv.layer.properties.json#"}, "visibilityRanges": {"$ref": "./list/omv.visibility-ranges.json#"}}