{"features": {"$ref": "./list/omv.tko.features.json#"}, "objects": {"$ref": "./list/omv.tko.hybrid.objects.json#"}, "bucketPriorities": {"$ref": "./list/omv.hybrid.layer.priorities.json#"}, "labelReservePrioritiesAndOverlapRules": {"$ref": "../shared/list/label.reserve-priority-overlap.json#"}, "labelDrawPriorities": {"$ref": "../shared/list/label.priorities.json#"}, "layerProperties": {"$ref": "./list/omv.layer.properties.json#"}, "visibilityRanges": {"$ref": "./list/omv.tko.visibility-ranges.json#"}}